<VTKFile type="PolyData" version="1.0" byte_order="LittleEndian" header_type="UInt64">
  <PolyData>
    <Piece NumberOfPoints="1681" NumberOfVerts="1681">
      <Points>
        <DataArray type="Float32" Name="Points" NumberOfComponents="3" format="ascii">
0.8093529 0.6794387 0.6244354
0.6688327 0.5981283 0.5366676
0.7124388 0.8641832 0.581082
0.6671942 0.7864846 0.6294721
0.637507 0.7353701 0.621048
0.7181023 0.8729025 0.5659983
0.7600312 0.6516498 0.6286072
0.6727501 0.6007893 0.5500064
0.7212989 0.8770338 0.5562893
0.8680224 0.7149807 0.5749592
0.8428265 0.7003062 0.6047022
0.7055737 0.8494503 0.5979855
0.6553824 0.7640539 0.6292844
0.7659139 0.655506 0.6294492
0.6262673 0.7140043 0.6085569
0.6039322 0.6761495 0.5597124
0.6216875 0.7062379 0.602047
0.5970465 0.6644074 0.5153809
0.8509897 0.7057636 0.5967259
0.7796606 0.6639969 0.6299322
0.6800351 0.6056511 0.5672495
0.707772 0.8517032 0.5952337
0.7845578 0.66711 0.6296149
0.6265401 0.7141813 0.6087481
0.6077565 0.6823769 0.5721088
0.6114562 0.688547 0.5818797
0.8358775 0.6984763 0.6094571
0.7288516 0.8870512 0.509585
0.7290624 0.8871898 0.5057499
0.7244143 0.8778523 0.5512527
0.7915077 0.6730598 0.6286029
0.6646382 0.7763737 0.6299889
0.6075237 0.6803174 0.5691901
0.8707182 0.7203859 0.5672077
0.8443519 0.7047191 0.6019906
0.7452964 0.6458517 0.6253061
0.6537794 0.7578213 0.6284833
0.7305327 0.8863928 0.5039942
0.6639404 0.5977069 0.5148276
0.7093102 0.8496239 0.596154
0.6636119 0.5977054 0.5121118
0.8852632 0.730261 0.517406
0.5982503 0.663761 0.5158771
0.7878689 0.6722023 0.6290795
0.8761357 0.7250908 0.5538061
0.5978919 0.6628799 0.5029476
0.8307494 0.6982938 0.6122134
0.6638628 0.5983113 0.5168138
0.6045339 0.6734003 0.5555629
0.8174545 0.6905134 0.6199025
0.8212488 0.6928625 0.6179339
0.6915156 0.8164833 0.6200338
0.8054309 0.6835218 0.6248215
0.789951 0.6742227 0.6287101
0.5985698 0.6628175 0.5092586
0.613664 0.6871457 0.5817966
0.7548567 0.6533723 0.6280289
0.8846455 0.731519 0.5165147
0.7820259 0.669912 0.6296701
0.6636543 0.5986013 0.5165885
0.6009151 0.6661148 0.5334068
0.843676 0.7073516 0.6013751
0.7282795 0.8753614 0.5515867
0.6643968 0.770265 0.6299484
0.7158081 0.8542236 0.5889696
0.7446374 0.6480097 0.6254553
0.7069845 0.6252714 0.6039558
0.699278 0.826939 0.6137782
0.6886852 0.8093005 0.622922
0.8275189 0.6983658 0.6137661
0.7272363 0.8724587 0.5580793
0.7502313 0.651745 0.6270897
0.6656228 0.6004881 0.5308907
0.8232313 0.6961469 0.6162994
0.768672 0.6633077 0.6298798
0.6566194 0.7565075 0.6285356
0.6742892 0.6059875 0.558657
0.8113276 0.6895352 0.6221523
0.6631594 0.5994046 0.5165333
0.8427635 0.7090218 0.6013058
0.7211854 0.8620756 0.5776122
0.7350839 0.8833119 0.5094216
0.6681811 0.6027783 0.5423733
0.7331603 0.8787172 0.5366175
0.707648 0.6270344 0.6050532
0.6691783 0.6035268 0.5458153
0.882912 0.7346544 0.5153318
0.6672576 0.7709287 0.6299901
0.7066157 0.8335292 0.6080126
0.7744142 0.6684914 0.6299844
0.6538292 0.7480709 0.6269256
0.60646 0.6714791 0.5542021
0.7168169 0.8492105 0.592795
0.6417075 0.7279732 0.6193322
0.8831349 0.7358121 0.5053824
0.6007284 0.6620392 0.5143596
0.8021253 0.6861099 0.6252424
0.732502 0.8733124 0.55049
0.640757 0.7257965 0.6182888
0.7342117 0.8756235 0.5430635
0.822279 0.6986959 0.6160394
0.6645217 0.7634891 0.6296622
0.6283268 0.7055099 0.6042132
0.7017797 0.6245904 0.6001753
0.6907931 0.6179598 0.5880005
0.7083259 0.6290173 0.6062128
0.7179976 0.8490101 0.5923473
0.8299353 0.7045447 0.6106768
0.6088765 0.6736927 0.5606136
0.8002075 0.6862789 0.6256614
0.8559253 0.7208545 0.5843977
0.8464295 0.7152411 0.5958242
0.647901 0.7359357 0.6231848
0.7204288 0.8513501 0.5889847
0.8735274 0.7323351 0.5502656
0.7210686 0.6376127 0.6155333
0.7343799 0.8735353 0.5475823
0.6990125 0.8169795 0.6181278
0.7127612 0.8383951 0.6026851
0.7373667 0.8774282 0.5325297
0.7548004 0.6593556 0.6285335
0.8461983 0.7166944 0.5952958
0.6610203 0.7554229 0.6287396
0.8784312 0.7373533 0.5290765
0.8678386 0.7307537 0.5620673
0.6893809 0.618942 0.5872563
0.7179692 0.845687 0.5950677
0.6464398 0.7322021 0.6217858
0.7366332 0.875201 0.5403212
0.7344922 0.8715443 0.5515235
0.6029262 0.66295 0.5265223
0.8231132 0.7039911 0.6141985
0.733951 0.8686415 0.5574609
0.8633088 0.7296633 0.5695794
0.8343893 0.7113948 0.6057533
0.7672317 0.6689473 0.6299433
0.6485149 0.7336522 0.6226324
0.8377187 0.7136967 0.6027417
0.7407537 0.8776497 0.5234725
0.7371985 0.8720291 0.5469836
0.8760331 0.738277 0.5351048
0.7144569 0.6358993 0.6119354
0.6033857 0.661855 0.5230311
0.724779 0.6424781 0.6183136
0.6255035 0.6963086 0.5965955
0.7004628 0.8135258 0.6190884
0.7167971 0.637691 0.6136182
0.72381 0.8500233 0.588246
0.7283688 0.8564138 0.5789244
0.6945314 0.623642 0.5942846
0.6496981 0.7329655 0.622653
0.6849618 0.6179116 0.5822763
0.6050985 0.6633263 0.5328518
0.8014871 0.6927939 0.6243648
0.6712072 0.7659763 0.6299478
0.6948573 0.624624 0.5950401
0.6932043 0.7996764 0.6247537
0.6846731 0.7864322 0.6283245
0.7099272 0.8243905 0.6117682
0.6163315 0.679567 0.5751981
0.7077693 0.8206482 0.6142207
0.7314904 0.8563293 0.5767557
0.7347203 0.6504903 0.6233056
0.638154 0.7123603 0.6116111
0.6249797 0.6917362 0.5927137
0.7291282 0.8511525 0.5839084
0.7455034 0.8760529 0.5152996
0.8781542 0.7430168 0.5112949
0.660078 0.6030168 0.5096858
0.6286218 0.69684 0.5984801
0.8716552 0.7396186 0.5443407
0.8572254 0.7304404 0.5765069
0.8386346 0.7186546 0.5999785
0.825549 0.7102432 0.6110804
0.6385317 0.7117372 0.6114221
0.7133684 0.6380141 0.6120672
0.7890847 0.6870916 0.6277002
0.7894073 0.6875522 0.6275997
0.6103336 0.6686077 0.5534569
0.7475889 0.6608147 0.6276187
0.7095253 0.8192402 0.6143401
0.6701627 0.7591964 0.6296195
0.766235 0.6736706 0.6299826
0.8700808 0.7415316 0.5451044
0.7490925 0.6626592 0.6280377
0.7469483 0.8753871 0.513165
0.6062497 0.6613229 0.5285267
0.7442153 0.8701895 0.5406296
0.6799589 0.7725082 0.6298341
0.611539 0.6688372 0.5553111
0.732765 0.6528106 0.6231788
0.6616614 0.6061826 0.5295992
0.7411832 0.6584712 0.6261476
0.7945463 0.6935683 0.6258829
0.6616446 0.6063569 0.529946
0.6503425 0.7274463 0.6210678
0.6085191 0.6636347 0.5401284
0.6295631 0.6951041 0.5976694
0.6626939 0.6073041 0.5353321
0.7425474 0.8651395 0.5537758
0.61862 0.6785678 0.5757867
0.7496664 0.6650654 0.6283412
0.704819 0.635543 0.6066098
0.7632087 0.6744096 0.6299305
0.8287087 0.7178962 0.6066256
0.8230049 0.7143582 0.611004
0.7048191 0.8081682 0.6199896
0.7491149 0.8747404 0.5018162
0.6600811 0.7404528 0.6262168
0.6055687 0.658307 0.5085026
0.7491955 0.8734194 0.5166252
0.856434 0.7370678 0.5722514
0.8379834 0.7250063 0.5974617
0.7451583 0.8649744 0.550787
0.7250839 0.8347138 0.5997586
0.6580285 0.6054887 0.5007692
0.7499948 0.8714782 0.5240022
0.7149675 0.6436042 0.6145442
0.6946023 0.630055 0.5975418
0.6521858 0.7259082 0.6209672
0.869931 0.7473066 0.535768
0.8172485 0.7121189 0.6144632
0.8054353 0.7042637 0.6210337
0.8731663 0.7501055 0.5141456
0.8432157 0.7300539 0.5906452
0.7407693 0.8564945 0.5689891
0.8686739 0.7474226 0.5390299
0.669416 0.6137049 0.5587562
0.6626292 0.6091681 0.5386302
0.6599138 0.736379 0.6253082
0.658092 0.6062959 0.51144
0.86928 0.7483926 0.5355431
0.6634583 0.7415858 0.6268798
0.609149 0.6611498 0.5344036
0.6737627 0.6170184 0.5684685
0.6202776 0.677267 0.5755687
0.6159831 0.6703838 0.5626884
0.7938849 0.6981361 0.6253556
0.7039143 0.6375422 0.606859
0.7385119 0.8500653 0.5785356
0.6422929 0.7084455 0.6110308
0.7512923 0.6702173 0.6289506
0.7616577 0.67739 0.6299421
0.6833534 0.6243253 0.5848736
0.7457227 0.8598547 0.5591839
0.6557826 0.7276061 0.62226
0.7542357 0.8712999 0.5004267
0.6239 0.6808838 0.5821539
0.7187532 0.8185104 0.6117657
0.7491719 0.8627446 0.5498078
0.7498372 0.8636233 0.5470661
0.7499703 0.8636701 0.5467715
0.7434441 0.8540933 0.5697469
0.6248338 0.6814617 0.583371
0.8604581 0.7454653 0.5584874
0.7013202 0.7921929 0.6252463
0.6078287 0.6564563 0.5019578
0.8712354 0.7531961 0.5128883
0.6230825 0.6784022 0.5789784
0.7489027 0.8591095 0.5567997
0.6622975 0.610925 0.540844
0.825258 0.7223933 0.6068695
0.7520598 0.8636428 0.5436316
0.6708034 0.7460072 0.6283717
0.6950676 0.7806541 0.6281614
0.726561 0.8259267 0.6047897
0.826272 0.7240204 0.6056315
0.7032771 0.7923821 0.6248864
0.7250394 0.8233871 0.6068954
0.7070495 0.7975032 0.6228703
0.6841067 0.62687 0.5872043
0.8487277 0.7408581 0.578239
0.6825546 0.6262106 0.5853423
0.6176468 0.6690415 0.5623924
0.8644371 0.7520871 0.5417076
0.6277918 0.683607 0.5873302
0.7195307 0.6521069 0.61874
0.6276895 0.6833071 0.5869931
0.7383136 0.8417886 0.5869203
0.7572951 0.8687554 0.50959
0.7564758 0.8671591 0.5234477
0.7571821 0.8678771 0.517171
0.7713294 0.6884149 0.6295887
0.7562969 0.8665102 0.5266763
0.8597931 0.7499303 0.554374
0.7008831 0.6397111 0.6059642
0.8397999 0.7364461 0.5898317
0.6761179 0.7513479 0.6293392
0.7459077 0.8499744 0.5727621
0.8424693 0.7392361 0.5856971
0.7654913 0.685537 0.6299416
0.8541688 0.7476962 0.5656751
0.6916505 0.7726591 0.6293203
0.8563828 0.7498779 0.5601338
0.866021 0.7567326 0.5273855
0.7060118 0.7927862 0.6243219
0.8681279 0.7587886 0.5017259
0.6216607 0.6727514 0.5712925
0.7974094 0.7098544 0.6223298
0.8484368 0.7460236 0.574494
0.6912448 0.7711806 0.6294603
0.6101509 0.6558744 0.514985
0.6910836 0.7703013 0.6295319
0.6203637 0.6698588 0.5663066
0.7598488 0.6844969 0.6299933
0.7091346 0.7950585 0.6231446
0.8653044 0.759454 0.5223373
0.685576 0.7604497 0.6299999
0.8526546 0.7505715 0.5649538
0.659283 0.6131936 0.5371019
0.6781839 0.6266392 0.5813543
0.6315502 0.6845738 0.5904815
0.7539638 0.8552932 0.5572251
0.8593301 0.7561209 0.546845
0.6864354 0.7598346 0.6299999
0.6555029 0.6109869 0.5164716
0.757844 0.8582468 0.5465264
0.6482771 0.7057947 0.6117921
0.6426085 0.6972647 0.6050459
0.7500291 0.8443681 0.5758712
0.8634135 0.7600616 0.5283117
0.616582 0.6603936 0.5456703
0.7336323 0.821131 0.6046497
0.8655471 0.7617828 0.5099793
0.7648644 0.8625944 0.5158519
0.7791375 0.7000483 0.6278731
0.6607175 0.6152349 0.5442437
0.6215757 0.665801 0.5617433
0.782058 0.7026457 0.6270998
0.8390501 0.7437894 0.5858755
0.6568702 0.6128132 0.5287673
0.7767015 0.6990699 0.6283138
0.7500462 0.6799588 0.6294516
0.680716 0.6301173 0.5861967
0.7048609 0.7785677 0.627417
0.6880282 0.7553287 0.6299675
0.6296372 0.6760128 0.5813523
0.7423328 0.8290179 0.5951043
0.6541268 0.6111593 0.5028018
0.6747121 0.735839 0.6272711
0.6921601 0.638624 0.6000079
0.7781879 0.7007375 0.62794
0.7690768 0.6942831 0.6294555
0.6550951 0.61202 0.5184722
0.6812842 0.6309453 0.5872521
0.7679861 0.8611542 0.5085145
0.8646606 0.7636604 0.5012947
0.8634766 0.7629488 0.5189108
0.6197655 0.6612449 0.5520098
0.6214365 0.663424 0.5578946
0.7586342 0.8477867 0.5635405
0.6570993 0.6141168 0.5326705
0.6197046 0.6609182 0.5513209
0.8623579 0.7633907 0.5228794
0.7805703 0.7039586 0.6271927
0.7807009 0.7043613 0.6271199
0.7520964 0.6836496 0.6297472
0.8614039 0.7633171 0.5270423
0.7513331 0.6832008 0.6296892
0.6675786 0.6221982 0.5649722
0.6164603 0.6558153 0.534014
0.6222454 0.663368 0.5587681
0.7827139 0.7070257 0.6263933
0.6722783 0.626239 0.5746635
0.7337813 0.8120441 0.6096057
0.838069 0.7480322 0.5839044
0.6488969 0.6981567 0.6081496
0.78259 0.7081222 0.6262599
0.6743493 0.6284508 0.5787382
0.6153343 0.6533936 0.5222343
0.7131657 0.6574128 0.6177863
0.6608964 0.7137308 0.6189376
0.6334707 0.6770257 0.5850754
0.6170971 0.6552526 0.5337636
0.8595812 0.7658311 0.5269575
0.7867237 0.7121786 0.624714
0.6550016 0.7054262 0.6139039
0.713761 0.6582927 0.6182491
0.8146356 0.7330179 0.608554
0.708508 0.7761564 0.627367
0.7365867 0.8113013 0.6088984
0.7267893 0.796775 0.618477
0.652653 0.6131487 0.5019484
0.6167068 0.6526608 0.5236044
0.7063973 0.7696066 0.6285231
0.7548369 0.8321004 0.5847142
0.7253851 0.7929071 0.6201721
0.8607078 0.7682897 0.510884
0.6569593 0.7039785 0.6139232
0.6318744 0.6710446 0.5779727
0.7333689 0.8025644 0.6142044
0.8379955 0.7516615 0.5813564
0.6495556 0.6933321 0.6057762
0.7136654 0.7761104 0.6266949
0.6750208 0.6305222 0.5810146
0.6978807 0.7556268 0.6299589
0.6163372 0.6502188 0.5001851
0.6868668 0.6398258 0.5969461
0.6298761 0.6675867 0.5723923
0.7000008 0.7579672 0.6298416
0.6769993 0.6327808 0.5845693
0.7415361 0.8113762 0.6068314
0.7240012 0.7880546 0.622
0.6521675 0.6143196 0.5091984
0.8484033 0.7617772 0.5591005
0.6166723 0.6500061 0.5031217
0.6518579 0.614342 0.5048857
0.7163824 0.6632534 0.6204358
0.6708435 0.7194141 0.6230567
0.7338932 0.6768447 0.6272125
0.757314 0.8300891 0.5848021
0.8278664 0.7483381 0.5925429
0.6978647 0.7536956 0.6299884
0.8508449 0.7659263 0.5494266
0.7525551 0.8234491 0.593452
0.7378635 0.804325 0.6118495
0.7771062 0.8545073 0.5032582
0.7157344 0.7754199 0.6265258
0.6570282 0.7002996 0.6123018
0.6180472 0.6502183 0.5165011
0.6290962 0.6642496 0.5675219
0.651338 0.6150783 0.5056223
0.6812499 0.7301157 0.6271492
0.7024741 0.7565261 0.6298218
0.772827 0.707587 0.6279811
0.6983487 0.751166 0.63
0.6471357 0.6861412 0.6002791
0.7575878 0.8256342 0.5885291
0.6682011 0.6285133 0.5718763
0.6806046 0.7276658 0.6266325
0.7579982 0.8250543 0.5887432
0.8455702 0.7643077 0.5605074
0.7267531 0.785675 0.6220628
0.6638258 0.7061284 0.6169842
0.8567113 0.7732283 0.5131903
0.7437975 0.6868719 0.6293662
0.6666455 0.6278179 0.5693128
0.6908357 0.6465023 0.6029236
0.6872722 0.7353458 0.6285688
0.8534874 0.7716542 0.5327268
0.6372184 0.6723564 0.5834357
0.6450627 0.6821334 0.5964553
0.6852119 0.6425723 0.5972508
0.6607377 0.701641 0.6141909
0.8009695 0.7326042 0.6151282
0.7070918 0.7596303 0.629435
0.6949144 0.6510718 0.6072999
0.6210073 0.6514468 0.5314146
0.7869141 0.7227865 0.6225932
0.6186653 0.6483871 0.5003692
0.7115711 0.6646561 0.6191876
0.7253905 0.6756748 0.6254116
0.7800465 0.849349 0.5241372
0.8198158 0.7496136 0.597756
0.7613198 0.8259269 0.5857008
0.7264776 0.7821296 0.6231012
0.7749248 0.8423005 0.5522518
0.6781272 0.7212503 0.6249287
0.7635503 0.8265609 0.5834934
0.7776898 0.8440382 0.5445607
0.6929736 0.7388104 0.6293517
0.703738 0.6599215 0.614803
0.7798525 0.8447743 0.5388564
0.7469953 0.6947704 0.6298857
0.7823771 0.8478661 0.5224395
0.7377659 0.7926246 0.6168163
0.7764229 0.7182337 0.6259524
0.7077475 0.6640737 0.6176633
0.7721626 0.715117 0.6271839
0.7051946 0.7525317 0.6298883
0.6650273 0.6305112 0.5699093
0.7525349 0.8104792 0.6023021
0.7811204 0.8453419 0.5346491
0.7486778 0.6972882 0.6299746
0.7294737 0.682059 0.6271488
0.7042003 0.6620616 0.6156844
0.6278659 0.6569713 0.5555351
0.8231858 0.7566758 0.5911285
0.7818935 0.8459661 0.5309194
0.6233841 0.6511677 0.5361555
0.6502581 0.6195726 0.5228781
0.6844594 0.7255122 0.6268022
0.8517405 0.7806432 0.5022795
0.6501443 0.6833707 0.6000534
0.7711734 0.7164977 0.6271661
0.7845879 0.8470302 0.5176328
0.8125068 0.7499121 0.6023556
0.7540382 0.8096409 0.6020647
0.743268 0.7962219 0.6135421
0.7829667 0.8442013 0.5335972
0.7525199 0.8071328 0.6042885
0.6838939 0.7228097 0.6262243
0.6316287 0.659106 0.5633796
0.8332866 0.7672696 0.5735177
0.6499814 0.6812606 0.5985904
0.74998 0.8020071 0.6082113
0.6496119 0.62023 0.5223451
0.7065306 0.7490598 0.6299515
0.6730428 0.7083076 0.6203327
0.7094078 0.7516744 0.6297891
0.8171496 0.7552328 0.5965099
0.6940114 0.7327496 0.6288845
0.8449861 0.7780799 0.5417689
0.7077238 0.7491521 0.629926
0.8074939 0.7486975 0.6058445
0.782928 0.8392619 0.5455616
0.637511 0.6647514 0.5760949
0.7885094 0.845294 0.5031512
0.6729543 0.7069351 0.6198724
0.6786791 0.6450788 0.5939625
0.7857359 0.8417567 0.5340223
0.6512544 0.6229155 0.535356
0.8433399 0.7790707 0.5436551
0.749026 0.7029418 0.629994
0.7476295 0.7959706 0.6120588
0.7261854 0.6845171 0.626927
0.6586454 0.629483 0.5601996
0.8337857 0.7725961 0.5677434
0.6638791 0.6957484 0.6127512
0.8193531 0.7611207 0.5913268
0.7571302 0.8068739 0.6021881
0.7741716 0.8269635 0.5742599
0.6576735 0.6291662 0.5583395
0.7879508 0.8424274 0.5258399
0.7221674 0.7636411 0.6276187
0.8250519 0.7665273 0.582641
0.7772043 0.8288893 0.5690778
0.6224998 0.6452411 0.500908
0.759524 0.8069935 0.6008825
0.761396 0.7145464 0.6287241
0.8476648 0.7857018 0.5010269
0.6529887 0.680819 0.5999359
0.8251367 0.7673254 0.5819415
0.6338354 0.6579303 0.5642936
0.6884058 0.7222352 0.6268039
0.6481823 0.6222026 0.5231149
0.7571464 0.8023183 0.6048243
0.7072159 0.7436135 0.6299999
0.6354023 0.6590977 0.5675302
0.6602058 0.6324574 0.5657828
0.6442297 0.6694072 0.5859735
0.6636423 0.6353213 0.5728735
0.7727792 0.8195162 0.582924
0.6664416 0.694784 0.6132733
0.688064 0.7191899 0.6262034
0.7628793 0.7178794 0.6282209
0.7409897 0.6999143 0.6298176
0.8288549 0.773107 0.573141
0.6281197 0.6490127 0.5406483
0.7122302 0.6763045 0.6222941
0.7538119 0.7948619 0.6101425
0.7093671 0.6742901 0.6209792
0.6821943 0.7113853 0.6233876
0.7038811 0.7363323 0.6297611
0.7355199 0.7727617 0.623572
0.7660542 0.8079904 0.5966038
0.6762404 0.6472589 0.5934855
0.8227913 0.7697299 0.5822746
0.7942184 0.8398292 0.5114142
0.7906744 0.7430147 0.615903
0.7539189 0.7930007 0.6109705
0.7771487 0.8192762 0.5795919
0.6425761 0.6630069 0.5787441
0.6614518 0.6845874 0.6063479
0.844211 0.7881042 0.517095
0.8288069 0.7756572 0.5707374
0.6293715 0.6478375 0.5404423
0.7946887 0.8365732 0.5261095
0.6524235 0.6280559 0.5477219
0.6529125 0.6745138 0.5957133
0.6807302 0.6519693 0.5993282
0.7457431 0.7801403 0.618861
0.7126055 0.7422153 0.6299798
0.7872984 0.8271539 0.5598637
0.6482198 0.6248873 0.5312804
0.7797342 0.8180532 0.5785738
0.7810592 0.7368321 0.6209967
0.7644477 0.8006274 0.6021665
0.8401802 0.7868211 0.5358487
0.6258365 0.6424739 0.5047947
0.7004959 0.6693877 0.6165777
0.7694675 0.8049672 0.5966316
0.6710418 0.6445985 0.5876292
0.7172688 0.7448995 0.62979
0.7225537 0.7503065 0.6291389
0.6906275 0.6613699 0.6093895
0.6872377 0.7103993 0.6242141
0.7909319 0.8268736 0.5554243
0.8381624 0.7867358 0.5410053
0.6349702 0.6516054 0.5566257
0.6874534 0.6590465 0.6067683
0.6596202 0.6792474 0.6024829
0.8339667 0.7833978 0.5545427
0.7995853 0.8355002 0.5073718
0.7976125 0.8329732 0.5295712
0.8219061 0.7733988 0.5801665
0.6322621 0.6479465 0.5460976
0.7534113 0.7833036 0.615272
0.8288728 0.7794669 0.566712
0.7857115 0.8192864 0.5716743
0.6992667 0.6695529 0.6161641
0.7112463 0.7355791 0.6299508
0.7935121 0.8271425 0.5511534
0.6788728 0.6523917 0.59835
0.7968403 0.830847 0.5374368
0.7277514 0.7536099 0.6283147
0.6318285 0.6464453 0.5422015
0.6705946 0.6459525 0.5882134
0.6445647 0.6237025 0.5083176
0.8183743 0.7726514 0.584059
0.7397918 0.7662883 0.6242169
0.7565077 0.7197352 0.6287816
0.6758805 0.6507034 0.5953314
0.8378739 0.7898178 0.5351994
0.7401206 0.7666095 0.6240743
0.7405493 0.7064849 0.6299658
0.7887213 0.8203877 0.5671956
0.6498104 0.6657476 0.5870163
0.7692657 0.7313453 0.6252
0.7418889 0.7668083 0.6236495
0.6470668 0.6264004 0.5316909
0.7272205 0.6957813 0.6284418
0.8018412 0.8328987 0.5128248
0.7853911 0.7461705 0.6168898
0.8317894 0.786304 0.5540308
0.7969086 0.7568748 0.607835
0.6533649 0.669127 0.5921556
0.7998732 0.8302495 0.5316774
0.8109062 0.769307 0.592518
0.74685 0.7141097 0.6298237
0.7041997 0.6771461 0.6201369
0.8228447 0.7804742 0.5728626
0.770311 0.7349032 0.6242864
0.764497 0.7301472 0.6263452
0.6466774 0.6277107 0.5338512
0.7117026 0.6843438 0.6239219
0.802756 0.8328938 0.502436
0.6887369 0.6647496 0.6098799
0.6433047 0.6251118 0.5078065
0.7684011 0.7343531 0.6248247
0.6443763 0.626177 0.5212127
0.7145126 0.7356669 0.6299933
0.8024455 0.8319649 0.5154282
0.6316096 0.6439648 0.5359035
0.8013855 0.7640437 0.6019273
0.653064 0.6342139 0.5578337
0.8093345 0.7715544 0.5922285
0.6442291 0.657361 0.5744909
0.6897454 0.6667573 0.6111686
0.7393449 0.7107739 0.6299955
0.6286653 0.6402196 0.5089115
0.6831424 0.6993806 0.6203008
0.6728975 0.652698 0.5944498
0.7340714 0.7067724 0.629773
0.6880906 0.6661907 0.6101727
0.8157339 0.7790473 0.5813849
0.7129772 0.7316713 0.6298916
0.6313614 0.6427284 0.5319109
0.8330573 0.7953237 0.5352388
0.8166775 0.7809676 0.5788558
0.7128327 0.6889265 0.6250843
0.8029225 0.8290621 0.5265371
0.7920275 0.7592744 0.6092126
0.6365635 0.6483425 0.5537477
0.7863759 0.8110162 0.5796018
0.6924867 0.67138 0.6141133
0.6703391 0.6516811 0.5919323
0.7325579 0.7523009 0.6279256
0.7717274 0.794482 0.6019242
0.8247458 0.7904153 0.5593501
0.7316277 0.7508675 0.6282187
0.7379338 0.7574418 0.6263582
0.7904217 0.8142004 0.5725644
0.6424288 0.6539616 0.5688646
0.8306285 0.7968282 0.538
0.8090827 0.7775654 0.5882882
0.6496366 0.6616458 0.5833945
0.7242053 0.7016715 0.6286858
0.7528265 0.727424 0.6284425
0.6316386 0.6420622 0.5306963
0.6826865 0.664405 0.6067242
0.7470604 0.7660297 0.6226624
0.7412841 0.7173209 0.6299141
0.6471651 0.6327104 0.5453473
0.7126871 0.6922991 0.6256709
0.7483628 0.7671272 0.6220558
0.6425657 0.629075 0.5244282
0.7284319 0.7068803 0.6294624
0.6493767 0.6353683 0.5536539
0.6317272 0.6415969 0.5295169
0.8050674 0.8278006 0.5238481
0.7878876 0.7612001 0.6103507
0.6339615 0.6438292 0.540749
0.6493976 0.6356543 0.5541098
0.6636646 0.6486402 0.5843592
0.7923056 0.8125464 0.5724581
0.8311718 0.8012917 0.5242508
0.7564079 0.7333679 0.6272271
0.6880446 0.6712852 0.6122118
0.7253909 0.7053529 0.6291214
0.8163743 0.7884941 0.5721198
0.7713226 0.7474347 0.6211265
0.7566431 0.7340807 0.6270881
0.8273493 0.7987229 0.5416053
0.6360242 0.6453264 0.5476652
0.7362428 0.7522507 0.627454
0.8222029 0.7950628 0.556883
0.8316785 0.8039434 0.5055793
0.8070739 0.8276809 0.5154728
0.6593153 0.6461078 0.5782243
0.6591703 0.6695701 0.5962088
0.8197119 0.793319 0.5627007
0.6829085 0.6678385 0.6084027
0.6377473 0.6467133 0.5528865
0.7884502 0.8063589 0.5821131
0.7578329 0.7736579 0.6173261
0.655369 0.6429845 0.5710744
0.6958903 0.6803078 0.6183634
0.8051315 0.823679 0.5362986
0.6744734 0.6608738 0.6003206
0.640402 0.6295573 0.5164424
0.6670687 0.6769935 0.605028
0.7242162 0.7072228 0.6291673
0.6560515 0.6649652 0.5909174
0.7962368 0.8131171 0.5675969
0.6402669 0.629779 0.5168395
0.7256694 0.708845 0.6293955
0.7432888 0.7254562 0.6294731
0.775903 0.7914964 0.6013902
0.679422 0.6664526 0.6060012
0.7312131 0.7435926 0.6290299
0.6682252 0.6561638 0.5933611
0.6812301 0.6909168 0.6169527
0.8078246 0.8240848 0.5278797
0.7551612 0.768539 0.6198187
0.6391871 0.6293509 0.5017921
0.633321 0.6400605 0.5294026
0.7981503 0.7772138 0.5964951
0.7889922 0.8024465 0.5850499
0.6316072 0.6376624 0.510813
0.801773 0.8154957 0.5575193
0.7380323 0.7217205 0.629892
0.8263428 0.8040115 0.531971
0.7918808 0.7719581 0.6032859
0.765829 0.7477374 0.6225517
0.8257818 0.8036864 0.5343658
0.6712971 0.678852 0.6080071
0.7754636 0.7872695 0.604
0.7371973 0.747007 0.628046
0.8170881 0.7961448 0.5627113
0.7272108 0.7123196 0.6296862
0.8062161 0.7862198 0.5840743
0.8286698 0.8072536 0.5045418
0.6398599 0.6307856 0.5195789
0.7016745 0.7095217 0.6266811
0.7372494 0.7459167 0.6281753
0.6676116 0.6735625 0.6034585
0.7950401 0.8053883 0.5771527
0.7229973 0.7099271 0.6292722
0.7642536 0.7735199 0.6151587
0.8115606 0.7936441 0.572163
0.7735935 0.7579508 0.6173099
0.8191741 0.8010066 0.552963
0.7702681 0.7549853 0.6193348
0.6407496 0.6328551 0.5301654
0.77262 0.7573979 0.6178231
0.6613752 0.6667176 0.5957122
0.6343654 0.6385563 0.5278013
0.7541676 0.7619909 0.6219553
0.7204132 0.7085662 0.6289422
0.7057141 0.6947547 0.6247063
0.771251 0.7792709 0.6099766
0.6523646 0.6444491 0.5692083
0.7040824 0.7099901 0.6271276
0.6387186 0.6315609 0.5175018
0.8138591 0.8218226 0.5110422
0.8121033 0.819665 0.5288443
0.8253896 0.8099434 0.5126705
0.7688465 0.7750155 0.6128172
0.6330007 0.6358513 0.5055325
0.7366748 0.7416922 0.628709
0.6573585 0.6603978 0.5884168
0.6555341 0.6483088 0.5765252
0.679083 0.6707922 0.6078851
0.8132239 0.8183822 0.5294174
0.7345124 0.7237257 0.6299349
0.6432828 0.6366962 0.5449807
0.6359094 0.6380124 0.5307853
0.6528304 0.6459191 0.5713108
0.6862501 0.677883 0.614017
0.7709976 0.7751378 0.6118895
0.6750445 0.6674027 0.6041549
0.72892 0.7191905 0.6299639
0.6377094 0.6394701 0.5390368
0.6763672 0.677743 0.6097963
0.8114626 0.8134692 0.5451819
0.6967655 0.6888398 0.6210982
0.6918362 0.6929228 0.6208404
0.651899 0.6465403 0.5709409
0.7754539 0.7769575 0.6091489
0.7391109 0.7310601 0.6293967
0.7560341 0.7572498 0.6227009
0.8171409 0.8183936 0.512562
0.6349935 0.635461 0.5179161
0.6369397 0.6326857 0.5132564
0.7525717 0.7447534 0.6260744
0.7078906 0.7016299 0.6263976
0.6974591 0.6915916 0.6220116
0.725302 0.7258319 0.6299962
0.6650792 0.6603833 0.5939622
0.8193654 0.8103045 0.534676
0.6669639 0.662393 0.5965186
0.8153288 0.8068564 0.5500188
0.7791939 0.7721584 0.6096105
0.7686121 0.7689005 0.6152846
0.7525059 0.7464674 0.6257802
0.7977017 0.7908471 0.5874442
0.7272161 0.7220709 0.6299799
0.7983701 0.7916689 0.5862724
0.6465737 0.6432923 0.5605826
0.6436139 0.6437514 0.5570728
0.7064953 0.7066336 0.6269766
0.7901677 0.7841659 0.5973671
0.7605991 0.7552142 0.6220532
0.6343654 0.6343639 0.5022999
0.6814735 0.681384 0.6134803
0.6703399 0.6673458 0.6015126
0.6509483 0.6507504 0.5743115
0.6816641 0.6808137 0.6133302
0.6440882 0.6419274 0.5550888
0.6372716 0.6353967 0.5268839
0.7144365 0.711558 0.6286379
0.6548268 0.653662 0.5807697
0.8185072 0.8159851 0.5186359
0.700647 0.6988577 0.6244725
0.7748702 0.7723712 0.6114274
0.7189263 0.7166616 0.629446
0.8931203 0.5001158 0.6074868
0.9430054 0.5003529 0.5420668
0.8859396 0.5004932 0.6120354
0.7420595 0.5003265 0.6040448
0.7745358 0.500385 0.6217909
0.9031438 0.5007057 0.5999351
0.7835079 0.5007202 0.6247734
0.6998429 0.5005093 0.549623
0.9007927 0.5012929 0.601844
0.793255 0.5010079 0.6272194
0.848282 0.5012438 0.6268858
0.8158972 0.5011401 0.6299353
0.7883091 0.5010945 0.6260786
0.9238037 0.5016459 0.5782568
0.778882 0.5012206 0.623327
0.8711177 0.5017254 0.6195264
0.888947 0.5021478 0.6102065
0.9247333 0.5029395 0.5769988
0.9499051 0.5031816 0.5046623
0.7530228 0.5020261 0.6114233
0.8050823 0.5026786 0.6291426
0.7696568 0.5026302 0.6198618
0.9374927 0.5046223 0.5555851
0.6949397 0.5021937 0.535539
0.7157912 0.5024505 0.5777395
0.783252 0.5038981 0.6247059
0.9267857 0.5060948 0.5740778
0.6979903 0.5031053 0.5449396
0.9489715 0.507131 0.5158662
0.9498324 0.507241 0.5053285
0.9497478 0.5072774 0.5070865
0.6920428 0.5031433 0.5230987
0.8828642 0.506278 0.6137612
0.940557 0.5075008 0.548483
0.9141459 0.5071322 0.5895822
0.9380879 0.507593 0.5542189
0.7353105 0.5040837 0.5986595
0.9127349 0.5074221 0.5910378
0.7486545 0.5044948 0.6086996
0.8550206 0.5065269 0.6251773
0.7328706 0.5044208 0.5965183
0.9403826 0.5084791 0.5488709
0.8793672 0.5074173 0.6156154
0.9479578 0.5088241 0.5224624
0.9448195 0.5087812 0.5360342
0.8512912 0.5074827 0.6261581
0.9394169 0.509549 0.5511352
0.7807771 0.5061117 0.6239628
0.6935197 0.5042222 0.5302387
0.7538046 0.5056553 0.6119218
0.7402953 0.5055019 0.6027482
0.9156979 0.5096649 0.5878657
0.8197732 0.5079194 0.6299999
0.7913482 0.5073157 0.626824
0.692238 0.5048704 0.5243441
0.7740527 0.5072978 0.621646
0.8727577 0.5100533 0.6187531
0.9496623 0.5123654 0.5066012
0.7060977 0.5058033 0.5628081
0.6985654 0.5055957 0.5466132
0.7063456 0.5060409 0.5632674
0.7533388 0.5076004 0.6116757
0.9014528 0.5121835 0.6011696
0.8627719 0.5114173 0.6226995
0.6903198 0.5060723 0.5103998
0.756997 0.5083841 0.6137885
0.945413 0.5147372 0.5333223
0.9041333 0.5133912 0.5989152
0.8865228 0.5129327 0.6115612
0.8117962 0.5106333 0.6297522
0.9494435 0.5154908 0.5086725
0.7648462 0.5091306 0.6177939
0.9268317 0.5148125 0.5737022
0.7358956 0.50837 0.5992542
0.7601191 0.5095765 0.6154788
0.8830646 0.5144904 0.6135263
0.9039448 0.5155632 0.5990094
0.6988447 0.5077504 0.547518
0.6907696 0.5076077 0.5154485
0.9447251 0.5179648 0.5353983
0.6899886 0.5078646 0.5062702
0.7942029 0.5122858 0.6274663
0.9041593 0.5169025 0.5987806
0.9291892 0.518604 0.5699253
0.9198176 0.5183558 0.5828022
0.7975307 0.5133917 0.628096
0.9128301 0.5187955 0.5905704
0.7247154 0.5103261 0.5886903
0.6903996 0.5088182 0.5125136
0.7211764 0.5103236 0.5847434
0.7408679 0.5115042 0.6033514
0.9493366 0.5215377 0.5061903
0.9413639 0.5219176 0.5451497
0.9350514 0.5217228 0.5594823
0.9267326 0.5217584 0.5734133
0.793097 0.5152931 0.6272695
0.8083385 0.516985 0.6295171
0.7739618 0.5151019 0.6217317
0.8255248 0.5182441 0.6298598
0.8756579 0.5215577 0.617188
0.7403412 0.5141 0.6030541
0.9489354 0.5265524 0.5085282
0.7911893 0.5173457 0.6268835
0.7531309 0.5154871 0.6117659
0.7874681 0.5179748 0.6260075
0.7372072 0.51489 0.6006103
0.8276019 0.5207375 0.6297375
0.6975088 0.5125422 0.5446452
0.8561945 0.5228152 0.6246458
0.7034656 0.5133758 0.558497
0.7173241 0.5145191 0.5803548
0.733796 0.5157803 0.5977768
0.9453173 0.5303236 0.530595
0.7140009 0.5147292 0.575969
0.7001324 0.5138828 0.5514472
0.9479796 0.5311122 0.5156162
0.7086753 0.5145322 0.5679638
0.6898219 0.5133407 0.5086804
0.7291159 0.5163102 0.5935155
0.6971022 0.514205 0.5438353
0.8040931 0.5219922 0.6291186
0.7194966 0.5161827 0.5831773
0.6901102 0.5141386 0.5128359
0.7440498 0.5185277 0.6060083
0.7595233 0.5198088 0.6154699
0.7086817 0.515978 0.5681458
0.8510065 0.5270376 0.6259882
0.9483284 0.5348849 0.5090654
0.8621355 0.528549 0.6225914
0.6899268 0.5151057 0.5116887
0.9261453 0.5341494 0.5730841
0.9177232 0.5337557 0.5841557
0.9462259 0.5361105 0.5244259
0.8403133 0.5279264 0.628217
0.8983467 0.5330169 0.6026932
0.8806021 0.5317461 0.6143042
0.7220922 0.5185494 0.5863996
0.7799352 0.5234819 0.6239864
0.9267119 0.5364399 0.571963
0.6902103 0.5163442 0.5153649
0.8185999 0.5277447 0.6299999
0.9157128 0.5362737 0.5862218
0.6963573 0.517199 0.5424007
0.8768049 0.5334319 0.6162018
0.8380363 0.5300428 0.628549
0.7403046 0.5213894 0.6034368
0.9082991 0.5363992 0.5938866
0.8283817 0.529507 0.6296372
0.8915296 0.5353988 0.6074826
0.7030333 0.5183911 0.558417
0.6992072 0.5182912 0.5501084
0.7453145 0.5228847 0.607145
0.942946 0.5416933 0.5360419
0.9107485 0.5387592 0.59127
0.8655235 0.5347579 0.6211395
0.6905185 0.5186738 0.5192391
0.8371105 0.5333591 0.6286397
0.8263568 0.5323493 0.6297563
0.7198189 0.5218402 0.5841393
0.908574 0.5407276 0.59323
0.752928 0.5253535 0.612115
0.8866966 0.5388264 0.6104012
0.7394622 0.5240433 0.6029862
0.9369192 0.5438879 0.5520664
0.8774638 0.5379943 0.6156506
0.9475718 0.5451189 0.5064441
0.850456 0.5353376 0.6259406
0.9468278 0.5453653 0.5150591
0.9228641 0.543142 0.5765675
0.8241009 0.5333108 0.6298702
0.9053141 0.5418856 0.5961694
0.8095112 0.5335925 0.6297105
0.807564 0.5334002 0.6295649
0.9044605 0.5446858 0.5966677
0.8155779 0.5348671 0.6299759
0.931375 0.5478737 0.5624393
0.8110075 0.5351186 0.6298105
0.7447885 0.5276583 0.6071219
0.7644306 0.5298851 0.6183059
0.6969644 0.5224506 0.5455462
0.7118639 0.5241526 0.574172
0.9314883 0.5495616 0.5618846
0.7582392 0.5296885 0.6152945
0.6992899 0.5231013 0.5514728
0.9213457 0.5489547 0.5777593
0.9468786 0.5519898 0.5052824
0.9461635 0.552255 0.5142815
0.9462435 0.5531526 0.5124978
0.7459672 0.5293641 0.6080496
0.8845214 0.5463538 0.6112205
0.9014325 0.5483958 0.5989287
0.8856497 0.5469775 0.6104884
0.7111912 0.5257412 0.5734734
0.820458 0.5392471 0.6299687
0.9220678 0.5517945 0.5763271
0.9418812 0.5547971 0.5347627
0.8639696 0.5453866 0.6212882
0.8205782 0.5402161 0.6299633
0.7072359 0.526095 0.5674585
0.8326986 0.5422747 0.6290877
0.8023874 0.5388712 0.6291172
0.6983064 0.5256087 0.5498874
0.8613937 0.5468172 0.6221779
0.9391671 0.5569054 0.5425521
0.7068709 0.5270694 0.5670649
0.7526544 0.5332511 0.6124868
0.6991282 0.5262694 0.5520009
0.7106633 0.5279989 0.5731241
0.944746 0.5591994 0.5185574
0.9131423 0.5559318 0.58665
0.7338656 0.5316877 0.5992191
0.7494682 0.5343171 0.6106849
0.7213795 0.5307279 0.5871098
0.8883555 0.5540597 0.6081738
0.7258695 0.5315468 0.5919096
0.942481 0.561931 0.5286926
0.9044501 0.5567076 0.5953118
0.9319988 0.5608537 0.5581611
0.8565221 0.5505149 0.6236663
0.6881477 0.5267428 0.5031729
0.8824542 0.5546638 0.6117984
0.9449938 0.5641894 0.5101957
0.8493482 0.5506216 0.6257427
0.7005692 0.5295062 0.5561005
0.7019582 0.529978 0.5590225
0.8333528 0.5494844 0.6288829
0.7132853 0.5323049 0.5776224
0.8801664 0.5580123 0.6128321
0.7163531 0.5331267 0.5816922
0.7220706 0.534012 0.588376
0.6976797 0.5303032 0.5499733
0.798816 0.5458513 0.6287912
0.758827 0.5397525 0.6162754
0.9274303 0.565703 0.5652292
0.7675804 0.541243 0.6203058
0.8689156 0.5569831 0.6185754
0.7085763 0.5323009 0.5709411
0.912533 0.5643025 0.5859705
0.7959577 0.5461758 0.6283796
0.9221339 0.5664176 0.5733548
0.8900753 0.5619358 0.6062108
0.6906056 0.5302882 0.5277537
0.8020737 0.5481229 0.6292312
0.9443628 0.5708493 0.5025238
0.9045311 0.5645493 0.5941441
0.7908312 0.5465609 0.6274815
0.7577596 0.5413126 0.6158655
0.6890312 0.530472 0.5195048
0.7732499 0.5442116 0.6226134
0.7915552 0.5472926 0.6276447
0.9195153 0.5681007 0.5766393
0.9363054 0.5709793 0.5447875
0.734537 0.5384605 0.6006066
0.7825152 0.5467165 0.6255699
0.7757313 0.5456314 0.6235243
0.9185084 0.5696797 0.5776395
0.9037223 0.5674056 0.5944649
0.8691663 0.5618339 0.6181124
0.7196385 0.5368956 0.586231
0.6914977 0.5321859 0.5327148
0.6881741 0.5316717 0.5145857
0.6923417 0.5326432 0.5360277
0.7128083 0.5361556 0.57781
0.9417807 0.5756764 0.521466
0.7119817 0.5363263 0.5767466
0.7541473 0.5436169 0.6141884
0.6925493 0.5330705 0.5369734
0.687552 0.5322502 0.508894
0.8919452 0.5676032 0.6042
0.9290903 0.5741704 0.5597537
0.7292908 0.5396968 0.5963277
0.8520092 0.5609593 0.6245494
0.9363091 0.5762504 0.542311
0.7813938 0.5492236 0.6253843
0.814531 0.5557488 0.6299987
0.9146187 0.5739294 0.5816518
0.9343202 0.5778432 0.5469109
0.7899461 0.5520964 0.6274923
0.9398595 0.5798743 0.5275238
0.8162429 0.5574741 0.6299922
0.69593 0.5356262 0.5478905
0.8791002 0.5690284 0.6123901
0.6876858 0.534286 0.5143256
0.9423881 0.5809885 0.5082131
0.9373741 0.5800792 0.5369288
0.8080418 0.5565366 0.6298214
0.8979675 0.573057 0.5986907
0.938445 0.5808987 0.5326008
0.8585546 0.5663188 0.6220967
0.9285316 0.5795056 0.5589917
0.7598737 0.5482482 0.6174698
0.688408 0.5349962 0.520526
0.9060572 0.5755504 0.5908085
0.7760056 0.5515787 0.6239438
0.9230908 0.5792289 0.56857
0.9422299 0.5832621 0.5001765
0.8541774 0.5669806 0.623545
0.8988741 0.5755528 0.597518
0.6877631 0.535576 0.516904
0.7174025 0.5412885 0.5845934
0.6953297 0.5374434 0.5472379
0.8226485 0.5618964 0.6297197
0.8547291 0.5684706 0.623273
0.7001974 0.5387338 0.5585074
0.8908623 0.5756462 0.6039135
0.8528339 0.5683446 0.6238881
0.6867034 0.5362002 0.5068479
0.7983539 0.5580196 0.6290045
0.7880745 0.5561133 0.627268
0.7425467 0.5475034 0.6076734
0.7787984 0.5550898 0.6249703
0.8986367 0.5787917 0.5971797
0.9000577 0.5794711 0.5958021
0.9268929 0.5849283 0.5601279
0.8611867 0.5721647 0.6206841
0.8006698 0.5603507 0.6293144
0.71434 0.5430494 0.5813767
0.910799 0.5826696 0.5842147
0.9088873 0.5824001 0.5864301
0.6893598 0.538301 0.5286421
0.9104464 0.5830569 0.5845301
0.6864024 0.5378708 0.5073971
0.7962873 0.5603765 0.6287999
0.687399 0.5381999 0.5180045
0.7232862 0.5456007 0.5917425
0.7013549 0.541618 0.5617669
0.6863183 0.538751 0.5089066
0.6885515 0.5392557 0.5258432
0.909656 0.585467 0.5848668
0.708529 0.5435129 0.5738605
0.9348248 0.5908522 0.5383494
0.7755966 0.5577209 0.6241919
0.8986981 0.5839766 0.5961936
0.8716176 0.578393 0.6154314
0.9285322 0.5905409 0.5545686
0.8048133 0.5644122 0.6297247
0.9358417 0.5928549 0.5334487
0.9242634 0.5904758 0.5628396
0.7187282 0.5467264 0.5872886
0.6857632 0.5399063 0.5005824
0.7564481 0.5554742 0.6165327
0.7878366 0.5627139 0.6274924
0.8400171 0.5741699 0.626946
0.7892673 0.5632528 0.6277846
0.6928545 0.5425944 0.5435235
0.6969588 0.5436571 0.5539851
0.9355679 0.5974007 0.5306908
0.8025036 0.5683903 0.6296254
0.8816304 0.5866129 0.6086795
0.7601436 0.5590538 0.6185991
0.9374802 0.5997846 0.5182278
0.7415263 0.5554184 0.6081089
0.6886134 0.5440166 0.5307184
0.8985465 0.5932375 0.5944679
0.7116666 0.5495939 0.5798312
0.9037814 0.5947163 0.589017
0.888633 0.5911829 0.6030994
0.6895248 0.544868 0.534868
0.6933949 0.5466321 0.5473696
0.8838449 0.5926493 0.6062769
0.6932567 0.5466635 0.547044
0.7045642 0.5494485 0.5700005
0.86762 0.5889735 0.6162275
0.7225637 0.5542478 0.5929165
0.8307172 0.5808393 0.6283808
0.8938948 0.5964754 0.5978945
0.7970293 0.5727915 0.6292242
0.8803586 0.5934851 0.6084536
0.8507783 0.5865047 0.6232694
0.9150909 0.6024197 0.5730425
0.684503 0.5457214 0.5046626
0.8955641 0.5987782 0.5959522
0.6907556 0.5478071 0.5410612
0.8964031 0.5993614 0.5950699
0.6874992 0.5473496 0.5294746
0.6859818 0.5469967 0.5217233
0.7862145 0.5726712 0.6276312
0.7000246 0.5509787 0.5632399
0.6906118 0.5488202 0.5413888
0.9350486 0.611585 0.5150072
0.9354997 0.6121374 0.5087504
0.9178535 0.6078789 0.5667501
0.8173205 0.5822393 0.6297655
0.9295746 0.6117077 0.5394759
0.785501 0.5743213 0.6275766
0.8960855 0.603287 0.5944455
0.6902261 0.5498167 0.5410189
0.9323359 0.6132984 0.5280631
0.6848103 0.5484838 0.5165998
0.7316061 0.5607764 0.6020359
0.7577013 0.5680445 0.6184961
0.7244219 0.5592622 0.5957922
0.8981078 0.605498 0.5919987
0.7744652 0.5727736 0.6249013
0.9336591 0.6152543 0.5182443
0.9294732 0.6142065 0.537748
0.7627454 0.5700212 0.6207803
0.7848477 0.5762896 0.6275513
0.9070004 0.6098076 0.5811601
0.9335642 0.6174314 0.5145251
0.685138 0.550207 0.5217063
0.9111104 0.6115586 0.5752908
0.8933861 0.6070586 0.5959678
0.8859332 0.6054842 0.6023998
0.6840565 0.5504051 0.5146983
0.9250538 0.6164998 0.5482105
0.9226277 0.6161757 0.5538889
0.8150967 0.5867453 0.6298211
0.8240778 0.5893508 0.6289905
0.9097219 0.6130109 0.5766188
0.9319174 0.6193907 0.5220597
0.8999698 0.6106487 0.5887489
0.8956616 0.6109591 0.5929112
0.8904694 0.6096085 0.5978732
0.9198722 0.6186082 0.5580823
0.9004203 0.6131732 0.5875417
0.9315743 0.6222006 0.5194188
0.9309434 0.6221199 0.5232038
0.7459799 0.5698067 0.6129808
0.8393757 0.5964603 0.6257894
0.7923957 0.5831338 0.6290097
0.8996217 0.6136366 0.5882413
0.8701108 0.6053586 0.61269
0.9269642 0.6216315 0.5391933
0.7934747 0.5839799 0.629161
0.8232496 0.5927348 0.6289755
0.7264993 0.5651587 0.5989497
0.7205809 0.5636322 0.5933994
0.8607285 0.6046003 0.6175159
0.7966313 0.5861612 0.6295245
0.894448 0.6149013 0.5929927
0.7211783 0.5644668 0.5941732
0.9211144 0.6228911 0.5530585
0.6989853 0.5580771 0.5647756
0.8081706 0.5899962 0.6299958
0.7226231 0.5651005 0.5956376
0.8633011 0.6067664 0.6160107
0.7718617 0.5805687 0.6247851
0.7587306 0.5767273 0.6199448
0.6821739 0.5540974 0.5030794
0.9154869 0.6235154 0.5634617
0.7373329 0.5705665 0.6079744
0.7618806 0.5784318 0.6213506
0.7801807 0.5840127 0.6270592
0.6834455 0.5552086 0.5201623
0.7313119 0.5697895 0.603707
0.8594503 0.6091984 0.6174765
0.8113432 0.5946797 0.6298869
0.7033694 0.562184 0.5733415
0.7634321 0.5811265 0.6221977
0.8008742 0.5927236 0.6298975
0.6827989 0.5563494 0.518247
0.6816735 0.5560255 0.505493
0.8238662 0.5999978 0.628611
0.7399722 0.5742105 0.6102927
0.8351822 0.6037141 0.6262837
0.9250706 0.6317219 0.5356649
0.8738511 0.6159766 0.6086193
0.853938 0.6098874 0.6197465
0.899561 0.6243335 0.5848873
0.8588424 0.6121494 0.6173395
0.6852351 0.5580309 0.5324395
0.8630986 0.614597 0.6149306
0.9117737 0.6299805 0.5663356
0.6970153 0.5622246 0.5635789
0.8953398 0.6249982 0.5891355
0.8949255 0.6255134 0.5893888
0.9288092 0.6364091 0.502098
0.6872858 0.559765 0.5408667
0.8728963 0.6190424 0.608613
0.9258498 0.6359985 0.5275891
0.7388466 0.5763901 0.6100297
0.910203 0.6315246 0.5680396
0.8380288 0.6084569 0.6251993
0.8964895 0.6275333 0.5871124
0.9277457 0.6387351 0.5090884
0.6947808 0.5631974 0.5601962
0.8966221 0.6294551 0.5863099
0.9266845 0.639419 0.5169932
0.9117 0.6347816 0.5639184
0.9071937 0.6333933 0.5716291
0.8853571 0.6264381 0.5978665
0.8652798 0.6199902 0.6128803
0.6936537 0.5636841 0.5584009
0.9222285 0.6388714 0.537481
0.722256 0.5732243 0.5974951
0.9255758 0.640673 0.5214224
0.9267182 0.6410847 0.5120885
0.8594254 0.6194596 0.6159636
0.8605479 0.6201814 0.6152993
0.8154535 0.6052387 0.6293933
0.8728937 0.6245354 0.6074736
0.8359498 0.6122168 0.6254218
0.91976 0.6408 0.5428213
0.7950796 0.5991416 0.6297078
0.89676 0.6335388 0.5846882
0.6800892 0.5606339 0.5024269
0.8073775 0.6036122 0.6299265
0.917787 0.6410531 0.5476415
0.8991489 0.6349895 0.5814044
0.9234366 0.6432046 0.5277815
0.8705182 0.6253989 0.6087925
0.8059638 0.6039741 0.6299618
0.6825576 0.5626575 0.5278172
0.8797315 0.6306237 0.6012241
0.6966414 0.5676432 0.5659162
0.9081951 0.64058 0.5664655
0.6926302 0.5664429 0.558223
0.8801538 0.6315998 0.6006415
0.8868282 0.6340365 0.5943878
0.7308676 0.5801484 0.6057461
0.7759262 0.5958631 0.6269718
0.6831387 0.5637503 0.5316725
0.8312809 0.615616 0.6262801
0.9170456 0.6459883 0.5452803
0.9219326 0.647709 0.5275818
0.7613202 0.5916933 0.6226616
0.7362602 0.5829787 0.6098044
0.9108803 0.6443798 0.5596461
0.6792575 0.5630471 0.5023644
0.8151157 0.6109311 0.6292362
0.7960975 0.6043133 0.6298584
0.6822995 0.5642857 0.5291148
0.6943254 0.568549 0.5625941
0.9205288 0.648516 0.5320641
0.8965241 0.6401618 0.5823787
0.6800972 0.5636941 0.5163209
0.9145548 0.6467391 0.5505742
0.7150005 0.5761302 0.5919289
0.6913517 0.567868 0.5567295
0.8246271 0.6152675 0.6276735
0.8377439 0.6199639 0.6241941
0.8574125 0.627177 0.6156539
0.8554465 0.6268636 0.6166377
0.8871481 0.6383947 0.5927003
0.6867448 0.5668935 0.5458775
0.6995206 0.5716339 0.5723458
0.740578 0.5865747 0.6129739
0.6825182 0.5656846 0.5319124
0.9201604 0.6520147 0.5286021
0.9201736 0.6524976 0.5278058
0.719044 0.5796328 0.5966601
0.8587125 0.630644 0.6143914
0.7734721 0.5996207 0.626736
0.7495444 0.5909855 0.6180769
0.8764232 0.6377397 0.6018142
0.678471 0.5653859 0.5043133
0.8771864 0.6385813 0.601007
0.9108771 0.6510117 0.5550916
0.6792859 0.5659828 0.5164293
0.9209501 0.6552163 0.5186535
0.8994433 0.6480598 0.5752585
0.6798568 0.5666727 0.5216584
0.8028904 0.6124471 0.6299633
0.7539446 0.5945153 0.6203968
0.9215727 0.6572294 0.5039988
0.9084742 0.6525017 0.5586585
0.871384 0.6386923 0.6051547
0.9184048 0.6564089 0.5291759
0.6851811 0.5692402 0.544083
0.7150426 0.5805079 0.5934412
0.7154078 0.5806497 0.5938185
0.7838756 0.6064009 0.6289048
0.6779364 0.5667693 0.5036514
0.8800582 0.642776 0.5974959
0.825843 0.6226742 0.6269111
0.7259545 0.5851964 0.60361
0.7485567 0.5937808 0.6180981
0.6797802 0.5678616 0.5236087
0.6859653 0.5704775 0.5472023
0.9203442 0.6593634 0.5109301
0.7688277 0.60197 0.6258764
0.6850777 0.5702838 0.5448281
0.8298157 0.625293 0.6257908
0.7148931 0.5817897 0.5937428
0.6924446 0.5735145 0.5624966
0.7582864 0.5987715 0.622516
0.7560403 0.5979419 0.6216399
0.9060339 0.6557017 0.5608794
0.8699248 0.6422083 0.6052409
0.8650925 0.6404278 0.6087893
0.6773714 0.5683174 0.5043654
0.8298848 0.6271347 0.6256001
0.9067539 0.6572826 0.5584799
0.9192178 0.6622095 0.5113239
0.6940277 0.5750971 0.5660909
0.8315085 0.6283542 0.625062
0.8063222 0.619059 0.6297122
0.8353958 0.6304664 0.6237327
0.9062273 0.6582289 0.5587739
0.837649 0.6315793 0.6228977
0.9171098 0.6626142 0.5244118
0.9157468 0.6626619 0.5302351
0.8612861 0.6415001 0.6107924
0.7571472 0.6008042 0.622399
0.8957838 0.6551833 0.5764845
0.9167148 0.6633903 0.5248536
0.7849729 0.6119611 0.6292631
0.8124111 0.6228852 0.6290472
0.9151106 0.6634127 0.5315351
0.7668794 0.6051686 0.6257033
0.8880079 0.6529085 0.5864938
0.6870309 0.5738328 0.5525094
0.7229428 0.5883147 0.6023113
0.6854059 0.5734844 0.548628
0.6887711 0.5748748 0.5568269
0.8273338 0.6303275 0.6259171
0.8557097 0.6418757 0.6137369
0.7635989 0.6051812 0.6248607
0.7216728 0.5885113 0.6014334
0.6803932 0.5721017 0.5330401
0.7623767 0.6048867 0.6244933
0.9086266 0.6637367 0.5494916
0.7016755 0.5808352 0.5796684
0.9055554 0.6628581 0.5565972
0.9171351 0.6687587 0.502327
0.8136998 0.6271009 0.6286812
0.6761955 0.5715171 0.5063798
0.7547728 0.6036432 0.6219805
0.679698 0.5735326 0.5326266
0.8012019 0.6233194 0.6298849
0.8673373 0.6509255 0.6046441
0.722115 0.5912699 0.6025755
0.9142904 0.6702845 0.5231553
0.8865129 0.659061 0.5854597
0.7334023 0.5961428 0.6110589
0.7764074 0.6138655 0.6282831
0.9114798 0.6697543 0.535283
0.7531741 0.6046574 0.6215717
0.8484317 0.6446907 0.6167005
0.9103204 0.6704859 0.5379774
0.740081 0.5998224 0.615329
0.6758249 0.573231 0.5109932
0.7054565 0.5856686 0.586102
0.6958085 0.5816988 0.5726118
0.8214413 0.6342039 0.6268752
0.8007652 0.6257995 0.6298608
0.8308527 0.6384696 0.6241183
0.6753886 0.5734851 0.5064682
0.675495 0.5735679 0.5086971
0.7656958 0.6115703 0.6260431
0.8467005 0.6458932 0.6172501
0.903463 0.670109 0.5548592
0.9043533 0.670684 0.5525587
0.7211629 0.5933903 0.6025261
0.8178712 0.634255 0.6275617
0.7449744 0.6036537 0.6182544
0.8771203 0.6597538 0.5942266
0.7844818 0.6207064 0.6295364
0.7269166 0.5967767 0.6073588
0.9129695 0.6761607 0.516312
0.9074932 0.6740508 0.5417672
0.6803688 0.5771852 0.5396364
0.8510585 0.6502869 0.6143308
0.6955511 0.5838612 0.5735028
0.6873974 0.5807045 0.5587581
0.8116884 0.6348222 0.6285143
0.6744837 0.5754758 0.5053053
0.909569 0.6773288 0.5307552
0.7612293 0.6132101 0.6251172
0.7035925 0.5882981 0.5853196
0.9019805 0.6744907 0.5540779
0.8085321 0.6340841 0.6289603
0.6914004 0.5832417 0.5672039
0.8052648 0.6331116 0.6293459
0.8449965 0.6507865 0.6170757
0.834097 0.646129 0.6220892
0.9118109 0.680182 0.5113464
0.6895688 0.5830377 0.5641989
0.6742753 0.576516 0.5092962
0.6912006 0.5844829 0.5677233
0.8228123 0.6426623 0.6257598
0.7426077 0.6073778 0.6179356
0.7059537 0.5912967 0.5890422
0.7773396 0.6231675 0.6289434
0.7153091 0.5957831 0.5989223
0.7631524 0.6171532 0.6260132
0.7939967 0.6309093 0.6299872
0.7732353 0.6222852 0.6283497
0.8781574 0.6698534 0.5892186
0.8412959 0.6533039 0.6181873
0.7778412 0.6250093 0.6290928
0.7614645 0.6179711 0.6257014
0.7868721 0.6295263 0.6298943
0.9066719 0.6838883 0.5307336
0.7298937 0.6039886 0.6109921
0.8764105 0.6705042 0.590602
0.8976845 0.680382 0.557319
0.8218253 0.6462536 0.6256098
0.9082945 0.6856279 0.5196193
0.6730592 0.578724 0.5056651
0.8671896 0.6672128 0.5996629
0.7251452 0.6036169 0.6081368
0.8850895 0.6773232 0.5780606
0.732446 0.6072716 0.6131573
0.6800241 0.5832201 0.5457832
0.6799656 0.583333 0.545768
0.6750187 0.5810425 0.5271724
0.707619 0.5961396 0.5926399
0.8600736 0.6667445 0.6048833
0.6795013 0.5832492 0.5445354
0.859265 0.6666639 0.6054411
0.7106814 0.5977526 0.5959206
0.7304794 0.6069476 0.6120493
0.6723249 0.5802019 0.5043917
0.7048767 0.5956694 0.5899179
0.8695136 0.6727246 0.5957882
0.8926471 0.6839539 0.5632025
0.9072859 0.691167 0.5046024
0.8226956 0.6516173 0.6247593
0.6743405 0.582055 0.5262865
0.885107 0.6814843 0.5756418
0.789378 0.6365489 0.63
0.7868849 0.635784 0.6299739
0.680194 0.5857767 0.5489513
0.6797218 0.5855845 0.5476798
0.7679874 0.6277919 0.6279307
0.8023749 0.644953 0.6290937
0.6724812 0.582724 0.5182899
0.6838638 0.5882317 0.5585629
0.9054048 0.695178 0.5038928
0.7395771 0.6153734 0.6182129
0.6841616 0.5894595 0.5601261
0.8975525 0.693573 0.5444221
0.8986247 0.6943104 0.5407091
0.8974565 0.6939274 0.544232
0.6721986 0.5840846 0.5205302
0.7137222 0.6045042 0.6007981
0.8049648 0.6491446 0.628532
0.7329809 0.6139674 0.6149915
0.7158631 0.6056931 0.6027415
0.7108908 0.6035794 0.5983222
0.6828513 0.5899596 0.5582538
0.8818326 0.6878613 0.5758972
0.6827521 0.5900043 0.5581155
0.7516946 0.6242673 0.6239174
0.8931274 0.6942216 0.5534858
0.9028596 0.6994288 0.5111675
0.8881876 0.6923425 0.5638728
0.6734123 0.5864966 0.5311503
0.7556931 0.627647 0.6254165
0.7799914 0.6398672 0.6298105
0.9024744 0.7011003 0.5045927
0.8897572 0.694827 0.5591992
0.8584064 0.6792606 0.6018904
0.6756098 0.5878367 0.5401392
0.8467978 0.6734752 0.6109404
0.8595341 0.6798834 0.6008571
0.6716494 0.5859754 0.5225874
0.8674186 0.6840331 0.5929058
0.875295 0.6884319 0.5831336
0.8085573 0.6559911 0.6274249
0.9015201 0.7030848 0.5033193
0.8679035 0.686367 0.5914307
0.681178 0.5918182 0.5569041
0.8912566 0.6983603 0.5530866
0.6862848 0.5945514 0.567515
0.7040353 0.6039702 0.5928368
0.7020337 0.6030674 0.5906349
0.6693681 0.5866089 0.5076954
0.8969123 0.7032691 0.5322564
0.900033 0.7051666 0.5104744
0.6710081 0.5878565 0.524116
0.828402 0.6687925 0.6203135
0.6755701 0.5902526 0.5432609
0.7592762 0.6333926 0.626855
0.6695113 0.587386 0.5135702
0.724581 0.6160231 0.6112723
0.8953769 0.7043082 0.5355506
0.861073 0.6867601 0.5970332
0.7690771 0.6392319 0.6288791
0.8508488 0.6817079 0.6061054
0.7678897 0.6392055 0.6287336
0.8370937 0.6752278 0.6153687
0.6875584 0.5976136 0.5715163
0.878879 0.6972424 0.5736187
0.895904 0.7070081 0.5288533
0.8931317 0.7055941 0.5401464
0.6692878 0.5891514 0.518533
0.7156844 0.6139995 0.6054403
0.8973067 0.7100936 0.5121054
0.6869959 0.598984 0.5717264
0.8599474 0.6909875 0.5961643
0.7567434 0.6362799 0.6266483
0.8089441 0.6649227 0.6264415
0.8686517 0.6970775 0.5853897
0.682051 0.5974788 0.5633963
0.6835129 0.5982699 0.5662845
0.7566442 0.6375559 0.626766
0.6675234 0.5899231 0.5058624
0.733308 0.6252754 0.6177052
0.7783792 0.6497928 0.6299421
0.6838453 0.5993041 0.5675874
0.6901278 0.6027257 0.5781392
0.6820081 0.5983876 0.5640945
0.7701354 0.6461761 0.6293632
0.7664416 0.6447893 0.6289152
0.6668883 0.5909961 0.5046784
0.6687504 0.5920542 0.5239521
0.7755153 0.6506598 0.6298623
0.6875589 0.6029097 0.5751697
0.7395348 0.631474 0.6213008
0.7286396 0.6257944 0.6158202
0.7679273 0.647422 0.629223
0.7220024 0.6222942 0.6116788
0.8726545 0.7053738 0.5759597
0.7276877 0.6255141 0.6153211
0.6685425 0.5931873 0.5258145
0.6670533 0.592406 0.5153335
0.7118683 0.6173878 0.6041608
0.6896545 0.6051028 0.5790951
0.8627257 0.7011162 0.5890079
0.8927585 0.7184836 0.512077
0.8928411 0.7193817 0.5037051
0.697489 0.6106237 0.5901766
0.6943931 0.609044 0.5864254
0.7110566 0.6185674 0.6040605
0.6717876 0.5966783 0.5424423
0.8123711 0.6763123 0.6241077
0.6743579 0.5984953 0.5506072
0.7331668 0.6317822 0.6190729
0.8214651 0.6817076 0.6203032
0.6904343 0.6078436 0.5816624
0.7879084 0.6633161 0.6295335
0.7704834 0.6541194 0.6297092
0.7003469 0.6142617 0.5944178
0.8485861 0.6990535 0.6013483
0.8225543 0.6843253 0.6193611
0.8398465 0.6944027 0.6085581
0.7172472 0.6243184 0.6097373
0.7279317 0.6306038 0.6166897
0.7166353 0.6243547 0.6094099
0.7801492 0.6608175 0.6299648
0.7027404 0.6164551 0.5973174
0.8899056 0.7246317 0.5020254
0.7835565 0.6638302 0.6297845
0.8895174 0.7251009 0.5055277
0.8849403 0.7226191 0.5368165
0.7871031 0.6661032 0.6294733
0.8450224 0.6996947 0.6035125
0.7346538 0.6358773 0.6204748
0.8392695 0.6965026 0.6081954
0.8872406 0.7243735 0.5251321
0.7326756 0.6349161 0.619562
        </DataArray>
      </Points>
      <Verts>
        <DataArray type="Int64" Name="connectivity" format="ascii">
0
1
2
3
4
5
6
7
8
9
10
11
12
13
14
15
16
17
18
19
20
21
22
23
24
25
26
27
28
29
30
31
32
33
34
35
36
37
38
39
40
41
42
43
44
45
46
47
48
49
50
51
52
53
54
55
56
57
58
59
60
61
62
63
64
65
66
67
68
69
70
71
72
73
74
75
76
77
78
79
80
81
82
83
84
85
86
87
88
89
90
91
92
93
94
95
96
97
98
99
100
101
102
103
104
105
106
107
108
109
110
111
112
113
114
115
116
117
118
119
120
121
122
123
124
125
126
127
128
129
130
131
132
133
134
135
136
137
138
139
140
141
142
143
144
145
146
147
148
149
150
151
152
153
154
155
156
157
158
159
160
161
162
163
164
165
166
167
168
169
170
171
172
173
174
175
176
177
178
179
180
181
182
183
184
185
186
187
188
189
190
191
192
193
194
195
196
197
198
199
200
201
202
203
204
205
206
207
208
209
210
211
212
213
214
215
216
217
218
219
220
221
222
223
224
225
226
227
228
229
230
231
232
233
234
235
236
237
238
239
240
241
242
243
244
245
246
247
248
249
250
251
252
253
254
255
256
257
258
259
260
261
262
263
264
265
266
267
268
269
270
271
272
273
274
275
276
277
278
279
280
281
282
283
284
285
286
287
288
289
290
291
292
293
294
295
296
297
298
299
300
301
302
303
304
305
306
307
308
309
310
311
312
313
314
315
316
317
318
319
320
321
322
323
324
325
326
327
328
329
330
331
332
333
334
335
336
337
338
339
340
341
342
343
344
345
346
347
348
349
350
351
352
353
354
355
356
357
358
359
360
361
362
363
364
365
366
367
368
369
370
371
372
373
374
375
376
377
378
379
380
381
382
383
384
385
386
387
388
389
390
391
392
393
394
395
396
397
398
399
400
401
402
403
404
405
406
407
408
409
410
411
412
413
414
415
416
417
418
419
420
421
422
423
424
425
426
427
428
429
430
431
432
433
434
435
436
437
438
439
440
441
442
443
444
445
446
447
448
449
450
451
452
453
454
455
456
457
458
459
460
461
462
463
464
465
466
467
468
469
470
471
472
473
474
475
476
477
478
479
480
481
482
483
484
485
486
487
488
489
490
491
492
493
494
495
496
497
498
499
500
501
502
503
504
505
506
507
508
509
510
511
512
513
514
515
516
517
518
519
520
521
522
523
524
525
526
527
528
529
530
531
532
533
534
535
536
537
538
539
540
541
542
543
544
545
546
547
548
549
550
551
552
553
554
555
556
557
558
559
560
561
562
563
564
565
566
567
568
569
570
571
572
573
574
575
576
577
578
579
580
581
582
583
584
585
586
587
588
589
590
591
592
593
594
595
596
597
598
599
600
601
602
603
604
605
606
607
608
609
610
611
612
613
614
615
616
617
618
619
620
621
622
623
624
625
626
627
628
629
630
631
632
633
634
635
636
637
638
639
640
641
642
643
644
645
646
647
648
649
650
651
652
653
654
655
656
657
658
659
660
661
662
663
664
665
666
667
668
669
670
671
672
673
674
675
676
677
678
679
680
681
682
683
684
685
686
687
688
689
690
691
692
693
694
695
696
697
698
699
700
701
702
703
704
705
706
707
708
709
710
711
712
713
714
715
716
717
718
719
720
721
722
723
724
725
726
727
728
729
730
731
732
733
734
735
736
737
738
739
740
741
742
743
744
745
746
747
748
749
750
751
752
753
754
755
756
757
758
759
760
761
762
763
764
765
766
767
768
769
770
771
772
773
774
775
776
777
778
779
780
781
782
783
784
785
786
787
788
789
790
791
792
793
794
795
796
797
798
799
800
801
802
803
804
805
806
807
808
809
810
811
812
813
814
815
816
817
818
819
820
821
822
823
824
825
826
827
828
829
830
831
832
833
834
835
836
837
838
839
840
841
842
843
844
845
846
847
848
849
850
851
852
853
854
855
856
857
858
859
860
861
862
863
864
865
866
867
868
869
870
871
872
873
874
875
876
877
878
879
880
881
882
883
884
885
886
887
888
889
890
891
892
893
894
895
896
897
898
899
900
901
902
903
904
905
906
907
908
909
910
911
912
913
914
915
916
917
918
919
920
921
922
923
924
925
926
927
928
929
930
931
932
933
934
935
936
937
938
939
940
941
942
943
944
945
946
947
948
949
950
951
952
953
954
955
956
957
958
959
960
961
962
963
964
965
966
967
968
969
970
971
972
973
974
975
976
977
978
979
980
981
982
983
984
985
986
987
988
989
990
991
992
993
994
995
996
997
998
999
1000
1001
1002
1003
1004
1005
1006
1007
1008
1009
1010
1011
1012
1013
1014
1015
1016
1017
1018
1019
1020
1021
1022
1023
1024
1025
1026
1027
1028
1029
1030
1031
1032
1033
1034
1035
1036
1037
1038
1039
1040
1041
1042
1043
1044
1045
1046
1047
1048
1049
1050
1051
1052
1053
1054
1055
1056
1057
1058
1059
1060
1061
1062
1063
1064
1065
1066
1067
1068
1069
1070
1071
1072
1073
1074
1075
1076
1077
1078
1079
1080
1081
1082
1083
1084
1085
1086
1087
1088
1089
1090
1091
1092
1093
1094
1095
1096
1097
1098
1099
1100
1101
1102
1103
1104
1105
1106
1107
1108
1109
1110
1111
1112
1113
1114
1115
1116
1117
1118
1119
1120
1121
1122
1123
1124
1125
1126
1127
1128
1129
1130
1131
1132
1133
1134
1135
1136
1137
1138
1139
1140
1141
1142
1143
1144
1145
1146
1147
1148
1149
1150
1151
1152
1153
1154
1155
1156
1157
1158
1159
1160
1161
1162
1163
1164
1165
1166
1167
1168
1169
1170
1171
1172
1173
1174
1175
1176
1177
1178
1179
1180
1181
1182
1183
1184
1185
1186
1187
1188
1189
1190
1191
1192
1193
1194
1195
1196
1197
1198
1199
1200
1201
1202
1203
1204
1205
1206
1207
1208
1209
1210
1211
1212
1213
1214
1215
1216
1217
1218
1219
1220
1221
1222
1223
1224
1225
1226
1227
1228
1229
1230
1231
1232
1233
1234
1235
1236
1237
1238
1239
1240
1241
1242
1243
1244
1245
1246
1247
1248
1249
1250
1251
1252
1253
1254
1255
1256
1257
1258
1259
1260
1261
1262
1263
1264
1265
1266
1267
1268
1269
1270
1271
1272
1273
1274
1275
1276
1277
1278
1279
1280
1281
1282
1283
1284
1285
1286
1287
1288
1289
1290
1291
1292
1293
1294
1295
1296
1297
1298
1299
1300
1301
1302
1303
1304
1305
1306
1307
1308
1309
1310
1311
1312
1313
1314
1315
1316
1317
1318
1319
1320
1321
1322
1323
1324
1325
1326
1327
1328
1329
1330
1331
1332
1333
1334
1335
1336
1337
1338
1339
1340
1341
1342
1343
1344
1345
1346
1347
1348
1349
1350
1351
1352
1353
1354
1355
1356
1357
1358
1359
1360
1361
1362
1363
1364
1365
1366
1367
1368
1369
1370
1371
1372
1373
1374
1375
1376
1377
1378
1379
1380
1381
1382
1383
1384
1385
1386
1387
1388
1389
1390
1391
1392
1393
1394
1395
1396
1397
1398
1399
1400
1401
1402
1403
1404
1405
1406
1407
1408
1409
1410
1411
1412
1413
1414
1415
1416
1417
1418
1419
1420
1421
1422
1423
1424
1425
1426
1427
1428
1429
1430
1431
1432
1433
1434
1435
1436
1437
1438
1439
1440
1441
1442
1443
1444
1445
1446
1447
1448
1449
1450
1451
1452
1453
1454
1455
1456
1457
1458
1459
1460
1461
1462
1463
1464
1465
1466
1467
1468
1469
1470
1471
1472
1473
1474
1475
1476
1477
1478
1479
1480
1481
1482
1483
1484
1485
1486
1487
1488
1489
1490
1491
1492
1493
1494
1495
1496
1497
1498
1499
1500
1501
1502
1503
1504
1505
1506
1507
1508
1509
1510
1511
1512
1513
1514
1515
1516
1517
1518
1519
1520
1521
1522
1523
1524
1525
1526
1527
1528
1529
1530
1531
1532
1533
1534
1535
1536
1537
1538
1539
1540
1541
1542
1543
1544
1545
1546
1547
1548
1549
1550
1551
1552
1553
1554
1555
1556
1557
1558
1559
1560
1561
1562
1563
1564
1565
1566
1567
1568
1569
1570
1571
1572
1573
1574
1575
1576
1577
1578
1579
1580
1581
1582
1583
1584
1585
1586
1587
1588
1589
1590
1591
1592
1593
1594
1595
1596
1597
1598
1599
1600
1601
1602
1603
1604
1605
1606
1607
1608
1609
1610
1611
1612
1613
1614
1615
1616
1617
1618
1619
1620
1621
1622
1623
1624
1625
1626
1627
1628
1629
1630
1631
1632
1633
1634
1635
1636
1637
1638
1639
1640
1641
1642
1643
1644
1645
1646
1647
1648
1649
1650
1651
1652
1653
1654
1655
1656
1657
1658
1659
1660
1661
1662
1663
1664
1665
1666
1667
1668
1669
1670
1671
1672
1673
1674
1675
1676
1677
1678
1679
1680
        </DataArray>
                <DataArray type="Int64" Name="offsets" format="ascii">
1
2
3
4
5
6
7
8
9
10
11
12
13
14
15
16
17
18
19
20
21
22
23
24
25
26
27
28
29
30
31
32
33
34
35
36
37
38
39
40
41
42
43
44
45
46
47
48
49
50
51
52
53
54
55
56
57
58
59
60
61
62
63
64
65
66
67
68
69
70
71
72
73
74
75
76
77
78
79
80
81
82
83
84
85
86
87
88
89
90
91
92
93
94
95
96
97
98
99
100
101
102
103
104
105
106
107
108
109
110
111
112
113
114
115
116
117
118
119
120
121
122
123
124
125
126
127
128
129
130
131
132
133
134
135
136
137
138
139
140
141
142
143
144
145
146
147
148
149
150
151
152
153
154
155
156
157
158
159
160
161
162
163
164
165
166
167
168
169
170
171
172
173
174
175
176
177
178
179
180
181
182
183
184
185
186
187
188
189
190
191
192
193
194
195
196
197
198
199
200
201
202
203
204
205
206
207
208
209
210
211
212
213
214
215
216
217
218
219
220
221
222
223
224
225
226
227
228
229
230
231
232
233
234
235
236
237
238
239
240
241
242
243
244
245
246
247
248
249
250
251
252
253
254
255
256
257
258
259
260
261
262
263
264
265
266
267
268
269
270
271
272
273
274
275
276
277
278
279
280
281
282
283
284
285
286
287
288
289
290
291
292
293
294
295
296
297
298
299
300
301
302
303
304
305
306
307
308
309
310
311
312
313
314
315
316
317
318
319
320
321
322
323
324
325
326
327
328
329
330
331
332
333
334
335
336
337
338
339
340
341
342
343
344
345
346
347
348
349
350
351
352
353
354
355
356
357
358
359
360
361
362
363
364
365
366
367
368
369
370
371
372
373
374
375
376
377
378
379
380
381
382
383
384
385
386
387
388
389
390
391
392
393
394
395
396
397
398
399
400
401
402
403
404
405
406
407
408
409
410
411
412
413
414
415
416
417
418
419
420
421
422
423
424
425
426
427
428
429
430
431
432
433
434
435
436
437
438
439
440
441
442
443
444
445
446
447
448
449
450
451
452
453
454
455
456
457
458
459
460
461
462
463
464
465
466
467
468
469
470
471
472
473
474
475
476
477
478
479
480
481
482
483
484
485
486
487
488
489
490
491
492
493
494
495
496
497
498
499
500
501
502
503
504
505
506
507
508
509
510
511
512
513
514
515
516
517
518
519
520
521
522
523
524
525
526
527
528
529
530
531
532
533
534
535
536
537
538
539
540
541
542
543
544
545
546
547
548
549
550
551
552
553
554
555
556
557
558
559
560
561
562
563
564
565
566
567
568
569
570
571
572
573
574
575
576
577
578
579
580
581
582
583
584
585
586
587
588
589
590
591
592
593
594
595
596
597
598
599
600
601
602
603
604
605
606
607
608
609
610
611
612
613
614
615
616
617
618
619
620
621
622
623
624
625
626
627
628
629
630
631
632
633
634
635
636
637
638
639
640
641
642
643
644
645
646
647
648
649
650
651
652
653
654
655
656
657
658
659
660
661
662
663
664
665
666
667
668
669
670
671
672
673
674
675
676
677
678
679
680
681
682
683
684
685
686
687
688
689
690
691
692
693
694
695
696
697
698
699
700
701
702
703
704
705
706
707
708
709
710
711
712
713
714
715
716
717
718
719
720
721
722
723
724
725
726
727
728
729
730
731
732
733
734
735
736
737
738
739
740
741
742
743
744
745
746
747
748
749
750
751
752
753
754
755
756
757
758
759
760
761
762
763
764
765
766
767
768
769
770
771
772
773
774
775
776
777
778
779
780
781
782
783
784
785
786
787
788
789
790
791
792
793
794
795
796
797
798
799
800
801
802
803
804
805
806
807
808
809
810
811
812
813
814
815
816
817
818
819
820
821
822
823
824
825
826
827
828
829
830
831
832
833
834
835
836
837
838
839
840
841
842
843
844
845
846
847
848
849
850
851
852
853
854
855
856
857
858
859
860
861
862
863
864
865
866
867
868
869
870
871
872
873
874
875
876
877
878
879
880
881
882
883
884
885
886
887
888
889
890
891
892
893
894
895
896
897
898
899
900
901
902
903
904
905
906
907
908
909
910
911
912
913
914
915
916
917
918
919
920
921
922
923
924
925
926
927
928
929
930
931
932
933
934
935
936
937
938
939
940
941
942
943
944
945
946
947
948
949
950
951
952
953
954
955
956
957
958
959
960
961
962
963
964
965
966
967
968
969
970
971
972
973
974
975
976
977
978
979
980
981
982
983
984
985
986
987
988
989
990
991
992
993
994
995
996
997
998
999
1000
1001
1002
1003
1004
1005
1006
1007
1008
1009
1010
1011
1012
1013
1014
1015
1016
1017
1018
1019
1020
1021
1022
1023
1024
1025
1026
1027
1028
1029
1030
1031
1032
1033
1034
1035
1036
1037
1038
1039
1040
1041
1042
1043
1044
1045
1046
1047
1048
1049
1050
1051
1052
1053
1054
1055
1056
1057
1058
1059
1060
1061
1062
1063
1064
1065
1066
1067
1068
1069
1070
1071
1072
1073
1074
1075
1076
1077
1078
1079
1080
1081
1082
1083
1084
1085
1086
1087
1088
1089
1090
1091
1092
1093
1094
1095
1096
1097
1098
1099
1100
1101
1102
1103
1104
1105
1106
1107
1108
1109
1110
1111
1112
1113
1114
1115
1116
1117
1118
1119
1120
1121
1122
1123
1124
1125
1126
1127
1128
1129
1130
1131
1132
1133
1134
1135
1136
1137
1138
1139
1140
1141
1142
1143
1144
1145
1146
1147
1148
1149
1150
1151
1152
1153
1154
1155
1156
1157
1158
1159
1160
1161
1162
1163
1164
1165
1166
1167
1168
1169
1170
1171
1172
1173
1174
1175
1176
1177
1178
1179
1180
1181
1182
1183
1184
1185
1186
1187
1188
1189
1190
1191
1192
1193
1194
1195
1196
1197
1198
1199
1200
1201
1202
1203
1204
1205
1206
1207
1208
1209
1210
1211
1212
1213
1214
1215
1216
1217
1218
1219
1220
1221
1222
1223
1224
1225
1226
1227
1228
1229
1230
1231
1232
1233
1234
1235
1236
1237
1238
1239
1240
1241
1242
1243
1244
1245
1246
1247
1248
1249
1250
1251
1252
1253
1254
1255
1256
1257
1258
1259
1260
1261
1262
1263
1264
1265
1266
1267
1268
1269
1270
1271
1272
1273
1274
1275
1276
1277
1278
1279
1280
1281
1282
1283
1284
1285
1286
1287
1288
1289
1290
1291
1292
1293
1294
1295
1296
1297
1298
1299
1300
1301
1302
1303
1304
1305
1306
1307
1308
1309
1310
1311
1312
1313
1314
1315
1316
1317
1318
1319
1320
1321
1322
1323
1324
1325
1326
1327
1328
1329
1330
1331
1332
1333
1334
1335
1336
1337
1338
1339
1340
1341
1342
1343
1344
1345
1346
1347
1348
1349
1350
1351
1352
1353
1354
1355
1356
1357
1358
1359
1360
1361
1362
1363
1364
1365
1366
1367
1368
1369
1370
1371
1372
1373
1374
1375
1376
1377
1378
1379
1380
1381
1382
1383
1384
1385
1386
1387
1388
1389
1390
1391
1392
1393
1394
1395
1396
1397
1398
1399
1400
1401
1402
1403
1404
1405
1406
1407
1408
1409
1410
1411
1412
1413
1414
1415
1416
1417
1418
1419
1420
1421
1422
1423
1424
1425
1426
1427
1428
1429
1430
1431
1432
1433
1434
1435
1436
1437
1438
1439
1440
1441
1442
1443
1444
1445
1446
1447
1448
1449
1450
1451
1452
1453
1454
1455
1456
1457
1458
1459
1460
1461
1462
1463
1464
1465
1466
1467
1468
1469
1470
1471
1472
1473
1474
1475
1476
1477
1478
1479
1480
1481
1482
1483
1484
1485
1486
1487
1488
1489
1490
1491
1492
1493
1494
1495
1496
1497
1498
1499
1500
1501
1502
1503
1504
1505
1506
1507
1508
1509
1510
1511
1512
1513
1514
1515
1516
1517
1518
1519
1520
1521
1522
1523
1524
1525
1526
1527
1528
1529
1530
1531
1532
1533
1534
1535
1536
1537
1538
1539
1540
1541
1542
1543
1544
1545
1546
1547
1548
1549
1550
1551
1552
1553
1554
1555
1556
1557
1558
1559
1560
1561
1562
1563
1564
1565
1566
1567
1568
1569
1570
1571
1572
1573
1574
1575
1576
1577
1578
1579
1580
1581
1582
1583
1584
1585
1586
1587
1588
1589
1590
1591
1592
1593
1594
1595
1596
1597
1598
1599
1600
1601
1602
1603
1604
1605
1606
1607
1608
1609
1610
1611
1612
1613
1614
1615
1616
1617
1618
1619
1620
1621
1622
1623
1624
1625
1626
1627
1628
1629
1630
1631
1632
1633
1634
1635
1636
1637
1638
1639
1640
1641
1642
1643
1644
1645
1646
1647
1648
1649
1650
1651
1652
1653
1654
1655
1656
1657
1658
1659
1660
1661
1662
1663
1664
1665
1666
1667
1668
1669
1670
1671
1672
1673
1674
1675
1676
1677
1678
1679
1680
1681
        </DataArray>
      </Verts>
      <PointData>
        <DataArray type="Float32" Name="color" format="ascii">
0.08365466
0.08379403
0.1659548
0.1659219
0.1658496
0.1657711
0.08402966
0.08405835
0.1655259
0.08414271
0.08415787
0.1653685
0.1653482
0.08421952
0.1651624
0.1651623
0.1651608
0.1651318
0.08439017
0.084411
0.08446103
0.1650753
0.08451139
0.1650696
0.1650652
0.1650314
0.08494344
0.1650152
0.1649759
0.1647029
0.08526777
0.1644928
0.1644229
0.08536329
0.08536589
0.08537626
0.1644048
0.1643848
0.08554035
0.164145
0.08567978
0.08573771
0.1639941
0.08579928
0.08582654
0.1638719
0.0859553
0.08600588
0.1636568
0.08602546
0.08605165
0.1633898
0.08611128
0.08611216
0.1633591
0.1631315
0.08622069
0.08623286
0.0862991
0.08630238
0.1631145
0.08640008
0.1630382
0.1630242
0.1629124
0.08659621
0.08662
0.1628794
0.16282
0.0866714
0.1628131
0.08675948
0.08679548
0.08680747
0.0869239
0.1627567
0.08695649
0.08703589
0.08708828
0.08715388
0.1627222
0.1624426
0.08730501
0.1621698
0.08738153
0.08740023
0.08750168
0.1619748
0.1617291
0.08763914
0.161658
0.1615739
0.1615688
0.1614862
0.08780967
0.1614825
0.08786992
0.1613473
0.1612817
0.1612647
0.08793122
0.1611653
0.1611612
0.08803768
0.08813015
0.08825041
0.16114
0.08832503
0.1608864
0.08838782
0.0883887
0.08848116
0.1608823
0.1608244
0.08856037
0.0886161
0.1608145
0.1607715
0.1606693
0.16065
0.08895113
0.08900974
0.1604789
0.08915576
0.08916944
0.0892532
0.1604638
0.1604504
0.1604473
0.1603967
0.1603381
0.08962623
0.1599987
0.08971879
0.08972313
0.08972667
0.1598861
0.08978949
0.159673
0.1596645
0.08989106
0.0898946
0.1595316
0.08991366
0.1594681
0.1594608
0.09005618
0.1594571
0.1593074
0.09010992
0.1591005
0.09032549
0.1589978
0.09054989
0.1589747
0.09055996
0.1588604
0.1588574
0.158587
0.1585084
0.1584948
0.1583059
0.09073849
0.1582039
0.1580623
0.1579873
0.1579494
0.09090666
0.0910082
0.1578835
0.09114232
0.09118171
0.09125032
0.09126341
0.157791
0.09137831
0.09141774
0.09151532
0.1577779
0.0916796
0.1575614
0.1575418
0.09199236
0.0920286
0.09206896
0.1573919
0.157307
0.1571862
0.1571112
0.1570835
0.09245824
0.09249374
0.09252004
0.09253304
0.09262114
0.1570423
0.1568013
0.1567028
0.09279638
0.156682
0.1566791
0.09297346
0.0930427
0.09313772
0.09316614
0.09324931
0.1566406
0.156626
0.1565177
0.1563951
0.156343
0.09341188
0.09348047
0.1558617
0.1557791
0.09367857
0.1557236
0.09373337
0.09376466
0.1556482
0.09378766
0.09379862
0.09381423
0.09397497
0.09398204
0.1554602
0.09407268
0.09407732
0.09408963
0.1553364
0.09421001
0.09423991
0.1553264
0.155249
0.09432726
0.1551186
0.1548784
0.09441028
0.09444461
0.1548111
0.1546696
0.0947568
0.09481996
0.09483269
0.1546479
0.1544742
0.154444
0.1544167
0.1542186
0.1542071
0.1541887
0.1541587
0.1541415
0.154096
0.09515039
0.1539813
0.1539601
0.09526502
0.1538822
0.1535382
0.09542035
0.0954504
0.1535337
0.1534102
0.1533303
0.1533215
0.09576037
0.153309
0.1532406
0.1532326
0.096031
0.0961998
0.09627319
0.1532318
0.0963118
0.1532272
0.09643621
0.153165
0.1530936
0.1530417
0.1529559
0.1528964
0.0966018
0.1528758
0.09662718
0.09671673
0.09675476
0.1527259
0.1525178
0.09704636
0.09707652
0.09713311
0.1524912
0.09732285
0.09735106
0.1524134
0.0975185
0.1523466
0.09779746
0.09784742
0.1522426
0.1520903
0.1520623
0.1518839
0.09826491
0.1518649
0.09828866
0.1514703
0.09831921
0.09833138
0.09833954
0.1514489
0.15123
0.09855627
0.1509444
0.09865704
0.1507111
0.1506302
0.150377
0.1500511
0.09885505
0.149968
0.1498972
0.09891097
0.1495916
0.09896633
0.09900171
0.1493022
0.0991542
0.09921533
0.09922723
0.09925754
0.09928512
0.09931739
0.1490804
0.1489763
0.1489654
0.1489642
0.09944414
0.1485237
0.09946284
0.09948286
0.09952954
0.09955368
0.0995593
0.1483989
0.09963346
0.09967497
0.1483241
0.1482912
0.1482316
0.09998507
0.1482083
0.1000352
0.1000417
0.1001558
0.1002026
0.1002136
0.100247
0.1002764
0.1478462
0.1477587
0.100596
0.1006459
0.1476658
0.1007403
0.1474401
0.1010304
0.1010575
0.1473918
0.1012336
0.1472988
0.1471808
0.147153
0.1013188
0.101394
0.1471225
0.1014455
0.1014542
0.1470719
0.1465707
0.1461491
0.1015178
0.1461185
0.1460115
0.1458311
0.1456182
0.1017816
0.1456169
0.1454666
0.1454358
0.1018619
0.14521
0.1451829
0.1019828
0.1451571
0.1451221
0.1022395
0.1450696
0.1450382
0.1024344
0.1449974
0.1448059
0.1025462
0.1025551
0.1447911
0.1027169
0.1028704
0.1447067
0.1030351
0.1446182
0.1031712
0.1445785
0.1032241
0.1444906
0.1444124
0.1444069
0.1442463
0.1441798
0.1439955
0.143982
0.103471
0.1438177
0.1436562
0.1035182
0.1436151
0.1435425
0.1434855
0.1038375
0.1432651
0.1432241
0.1039178
0.1432205
0.14312
0.1040301
0.1040842
0.1041344
0.1042029
0.1430267
0.1042839
0.1429877
0.1429554
0.104412
0.1428888
0.1047184
0.1428408
0.1049392
0.1427079
0.1050807
0.1426407
0.1052555
0.1053714
0.1424542
0.1054771
0.1424396
0.1423458
0.1423047
0.1421186
0.14193
0.1419204
0.1418324
0.1059158
0.1414829
0.1062719
0.1414787
0.1414032
0.1063634
0.1063911
0.1064522
0.1414012
0.106496
0.1413224
0.1412589
0.1067407
0.1067435
0.1067693
0.1412066
0.1068244
0.1411856
0.1410512
0.1069781
0.1408841
0.1071814
0.1408037
0.1072304
0.1406832
0.1073594
0.1406488
0.140572
0.1404903
0.1404819
0.1401826
0.1399972
0.1075746
0.1399846
0.1399568
0.1077383
0.1398141
0.1396759
0.1395488
0.1078503
0.1394074
0.1079748
0.1393924
0.1082376
0.1393709
0.1393047
0.1392213
0.1391985
0.1085415
0.1391713
0.1086076
0.1086239
0.1088279
0.1391161
0.1089078
0.1089461
0.108994
0.1390672
0.109087
0.1390008
0.1389413
0.1092343
0.1387199
0.1385543
0.109306
0.1385393
0.1384859
0.1383048
0.1093838
0.1094791
0.1382385
0.109519
0.1381137
0.138082
0.1097545
0.1378226
0.1378215
0.137778
0.1099549
0.137749
0.109968
0.1375326
0.137462
0.1371404
0.1101461
0.1102155
0.1103025
0.136976
0.1103255
0.1368853
0.1104891
0.1367826
0.1367112
0.1366405
0.1366063
0.1107796
0.1107853
0.1364293
0.1108247
0.1363536
0.136223
0.1356251
0.135625
0.1109147
0.1110416
0.1355863
0.1355445
0.1112075
0.1354847
0.1112756
0.1353953
0.1353467
0.1353089
0.1114358
0.1351881
0.1114413
0.1351762
0.1114882
0.1348563
0.1116461
0.1348232
0.1116976
0.1345038
0.1343303
0.1118016
0.13426
0.1342486
0.1119317
0.1342283
0.1119812
0.134208
0.1119925
0.1339909
0.1339154
0.1120601
0.1338993
0.133855
0.1121026
0.1338234
0.1122053
0.1336586
0.1336154
0.1123042
0.1336142
0.1335415
0.1333522
0.1126352
0.1126479
0.112712
0.1333252
0.1127354
0.1127546
0.1128388
0.1333121
0.1128956
0.1332667
0.1330313
0.1129673
0.1327902
0.1129951
0.1131927
0.1327812
0.1132782
0.1133089
0.1135144
0.1327727
0.1326664
0.1136086
0.1137147
0.113728
0.113841
0.1138639
0.1139655
0.1140161
0.114023
0.1325403
0.1142164
0.1142291
0.114238
0.1143102
0.1324733
0.1324002
0.1321308
0.1145044
0.1145718
0.1146633
0.1319256
0.1147515
0.1149113
0.1318349
0.1317521
0.1151389
0.115157
0.1151743
0.1151956
0.1316873
0.1315967
0.1154544
0.1155016
0.1155408
0.1315791
0.1155556
0.1315763
0.1315608
0.1157783
0.1157887
0.1314771
0.1313926
0.1161272
0.131343
0.1312643
0.131256
0.1311898
0.1164348
0.1164577
0.1311371
0.1165867
0.1165895
0.1310583
0.116625
0.1308814
0.1166913
0.1167875
0.1169945
0.1307908
0.1171022
0.1171269
0.1171765
0.1307445
0.1307145
0.1172706
0.1306511
0.1173326
0.1173492
0.130324
0.1174865
0.1175186
0.1175823
0.1176015
0.1176693
0.1176763
0.1176876
0.1177279
0.1302601
0.1302136
0.1180067
0.1180597
0.1301651
0.1181218
0.1300332
0.1181521
0.1181661
0.1300148
0.1297904
0.1297374
0.1183973
0.1184114
0.1296931
0.1185492
0.1186099
0.1295897
0.1187345
0.1294181
0.1294078
0.1188219
0.1188406
0.1189481
0.1293728
0.1190349
0.1291487
0.119085
0.1291418
0.1290944
0.1290647
0.119173
0.1289227
0.1192112
0.1286199
0.1285784
0.1285377
0.1193556
0.119364
0.1193788
0.1193957
0.1194157
0.1284334
0.1283385
0.128224
0.1195666
0.1196099
0.1196301
0.1196421
0.1196658
0.1280369
0.1278547
0.1277758
0.1277427
0.1201965
0.1277421
0.1202897
0.1203176
0.1203391
0.1203706
0.1204091
0.1204303
0.1275913
0.1274438
0.1274121
0.1206058
0.1206456
0.1273184
0.1207566
0.1272705
0.1207862
0.1269937
0.1269049
0.1211314
0.1268052
0.1266874
0.1266692
0.1265222
0.121216
0.1212293
0.1262998
0.1212543
0.1212565
0.1262219
0.1213187
0.1213435
0.1262065
0.121449
0.1215449
0.1260109
0.1256184
0.125511
0.1217292
0.1254495
0.1221426
0.1254332
0.122275
0.125377
0.1253137
0.1252751
0.1224891
0.1224982
0.1225671
0.1225999
0.1251869
0.1227038
0.1227099
0.1227914
0.1228329
0.1229692
0.1250854
0.123074
0.1231464
0.1231775
0.1231925
0.1231984
0.1250761
0.1250533
0.1233369
0.1233385
0.1249991
0.1249608
0.1235889
0.1248956
0.1246266
0.1237976
0.1239056
0.1239246
0.1243991
0.1243674
0.1242872
0.1242732
0.1241725
4.687766e-05
0.0001267842
0.0002033804
0.0002146387
0.0002232124
0.0002785921
0.0004043034
0.000405591
0.0005134186
0.00054701
0.0005683647
0.0005744193
0.0006041727
0.0006180787
0.0006965864
0.0007399344
0.0008788561
0.001101478
0.00112548
0.001274402
0.001397331
0.001552316
0.001681471
0.00179091
0.001807294
0.002190127
0.002272675
0.002496001
0.002527627
0.00256172
0.00257507
0.00260471
0.002609519
0.002709482
0.002740604
0.002758222
0.002761767
0.002861757
0.002876679
0.002925664
0.003021041
0.003063977
0.003111385
0.00313472
0.003141469
0.003389569
0.003458079
0.003463807
0.003471901
0.003545712
0.00364345
0.003699647
0.003940783
0.00399552
0.004031369
0.004237139
0.00429139
0.00437554
0.004480304
0.004483949
0.004658008
0.004773335
0.004828624
0.005007335
0.005076203
0.005190319
0.005264002
0.00527177
0.005323182
0.005425635
0.005483341
0.005484709
0.005521015
0.005644756
0.005856776
0.006017558
0.006128909
0.006200267
0.006343574
0.006425603
0.00658449
0.006642377
0.00665221
0.006894549
0.006954338
0.007158676
0.007241067
0.007308306
0.007365856
0.007423273
0.007595705
0.007622804
0.007896939
0.007940263
0.008108039
0.008296816
0.008758276
0.008764391
0.008910579
0.009123364
0.0093264
0.009402292
0.009469398
0.009725362
0.009938683
0.009977381
0.01006124
0.01009311
0.01018037
0.01044782
0.01061712
0.01072605
0.01082083
0.01093701
0.01102263
0.0110356
0.01106572
0.01116709
0.01131078
0.01145033
0.01149019
0.01171274
0.01181474
0.01205953
0.0121244
0.01216219
0.01223536
0.0123591
0.0125211
0.01263172
0.01272678
0.0128332
0.0128515
0.01303119
0.01316146
0.01324451
0.01326203
0.01331928
0.01355845
0.01364225
0.01382486
0.01385223
0.01390492
0.01408412
0.01410773
0.01412904
0.01415098
0.01426272
0.01435045
0.01437728
0.01457277
0.01480426
0.01493682
0.01497392
0.0150888
0.01555005
0.01569822
0.01572451
0.01576116
0.01581268
0.01590058
0.01592664
0.01592666
0.01593341
0.01596626
0.01599009
0.01599406
0.01610342
0.01618154
0.01630057
0.01638906
0.01720637
0.01721611
0.01751283
0.01751344
0.01759094
0.0178958
0.01790673
0.01791114
0.018063
0.01806573
0.01820108
0.01821732
0.01836692
0.01840911
0.0184332
0.01855583
0.01886823
0.01891075
0.01909387
0.01909519
0.01929225
0.01930346
0.01939541
0.0194337
0.01963636
0.01974452
0.01986204
0.01993578
0.02011536
0.02034743
0.02043964
0.02050373
0.02050835
0.02070806
0.02082622
0.02087555
0.0210298
0.02106105
0.02141642
0.02143419
0.02175698
0.02195075
0.02201315
0.02208599
0.02213201
0.02217047
0.02227288
0.02240122
0.0224713
0.02259482
0.02280047
0.02290262
0.02324693
0.02345314
0.02345439
0.02392432
0.02410066
0.02418107
0.02418797
0.0242091
0.02423223
0.02425465
0.02427469
0.02433949
0.02439046
0.02445311
0.02460982
0.02463303
0.02483748
0.02506127
0.02508085
0.02514342
0.0251639
0.02518336
0.02526565
0.02529355
0.02543709
0.02552986
0.02559331
0.0256125
0.02566688
0.02586876
0.02608171
0.02610235
0.02625769
0.02632971
0.02641267
0.02648806
0.02650218
0.02653873
0.02675597
0.02678425
0.02700096
0.02701126
0.02705071
0.02707088
0.02710218
0.02718378
0.02724152
0.02728377
0.02729102
0.0275362
0.02756176
0.02791932
0.0280833
0.02822566
0.02829444
0.02858951
0.02861257
0.02862658
0.02866567
0.02875698
0.02881759
0.02882059
0.02888907
0.02889519
0.02903951
0.02910855
0.02919607
0.02921605
0.0292294
0.02927737
0.02940301
0.02946249
0.02961862
0.02974743
0.02979339
0.02980225
0.02987052
0.03014327
0.03016555
0.03034724
0.03041717
0.03042616
0.03045148
0.03048054
0.03056866
0.03061801
0.03078126
0.03104861
0.03105712
0.03120968
0.03125503
0.0313857
0.0315268
0.03154599
0.03160636
0.03164946
0.03176305
0.03177711
0.03190081
0.03199402
0.03200409
0.03206252
0.03243896
0.03263624
0.03266874
0.03273512
0.03274043
0.03278218
0.03285842
0.0330394
0.03308875
0.0331391
0.03314454
0.03340804
0.03343949
0.0334964
0.0336784
0.03390557
0.03414312
0.03418197
0.03426242
0.03459603
0.03471636
0.03501384
0.035387
0.03551929
0.03552682
0.03569096
0.0358969
0.03648885
0.03657551
0.03662958
0.03667047
0.03667827
0.0369971
0.0376572
0.03769451
0.03770758
0.03774779
0.03779285
0.03805058
0.0381551
0.03822873
0.03824948
0.03835702
0.03848104
0.03850093
0.03866115
0.03894686
0.03908236
0.03908804
0.03936864
0.03939304
0.0395739
0.03971701
0.0399055
0.03996001
0.04010972
0.04021158
0.04035987
0.04049031
0.04053149
0.04059863
0.0407643
0.04079102
0.04083309
0.04084338
0.04108624
0.04108947
0.04122818
0.04125028
0.04134315
0.04136553
0.04145112
0.04164835
0.04194095
0.04209729
0.04214702
0.04217257
0.04228925
0.04246348
0.04254261
0.04257603
0.04269536
0.0427558
0.0428165
0.04283364
0.04292188
0.04295475
0.04351553
0.04355537
0.0438174
0.04383944
0.04391531
0.0439488
0.0440095
0.0440741
0.04408744
0.04409349
0.04413875
0.04416927
0.04435794
0.04446468
0.04458145
0.0446988
0.04491822
0.04499101
0.04511292
0.04513838
0.04519025
0.04519653
0.04522105
0.04527841
0.04549147
0.04585464
0.04588296
0.04594177
0.04598916
0.04599686
0.04631299
0.04636519
0.04652604
0.04663664
0.04694
0.04698486
0.04722778
0.04754646
0.04757856
0.04758994
0.04760839
0.04766317
0.0477334
0.04775954
0.04782581
0.04787504
0.04791123
0.04801347
0.04821013
0.04831906
0.04865591
0.04866339
0.04868891
0.04873852
0.04897518
0.04901794
0.04916246
0.04918063
0.04919805
0.04926613
0.0493821
0.04941356
0.04952975
0.04991654
0.04993293
0.05021214
0.05026327
0.05035367
0.05038435
0.05045831
0.0505132
0.05056594
0.0505725
0.05065263
0.05080882
0.05082026
0.0510691
0.05120768
0.05124792
0.05129941
0.05130774
0.05150829
0.05158738
0.05167183
0.05168826
0.05174492
0.05182138
0.0519033
0.05190371
0.05193882
0.05213622
0.05262017
0.0527297
0.0527301
0.05278724
0.05286274
0.05304053
0.05308688
0.05318068
0.05321776
0.0533137
0.05344117
0.05359108
0.0535944
0.0537089
0.05375603
0.05378065
0.05382617
0.05387153
0.05390845
0.05395716
0.05397352
0.05403176
0.0540758
0.05410252
0.05414537
0.05416302
0.0542456
0.05430209
0.05431841
0.05440814
0.05456156
0.05464045
0.05474424
0.05486013
0.05497732
0.05497988
0.05525057
0.05541064
0.05549607
0.05558819
0.05559921
0.05564497
0.05582899
0.0558922
0.05603816
0.05605596
0.05612551
0.05622324
0.05649444
0.05649911
0.05657581
0.05670751
0.05681518
0.05686903
0.05688331
0.05693568
0.05694735
0.05701378
0.05701707
0.05707435
0.05713395
0.05719341
0.0573069
0.05738613
0.05742099
0.05744448
0.05765504
0.05767507
0.05770116
0.05776225
0.05778104
0.05788101
0.05807509
0.05813163
0.05814753
0.05827863
0.05841113
0.05844044
0.05851382
0.05854506
0.05872325
0.05875869
0.05877385
0.0587931
0.05899926
0.05904347
0.05911478
0.05914027
0.05916331
0.05935566
0.05941146
0.05946017
0.05947138
0.05947144
0.05958064
0.05964424
0.0596878
0.05974392
0.05974641
0.05983955
0.06002797
0.06005714
0.06009832
0.06030528
0.060402
0.06042492
0.06046175
0.06051715
0.06052603
0.0606555
0.0606717
0.0607745
0.06118495
0.06126716
0.06136682
0.06149113
0.06181788
0.06184829
0.06204436
0.06205108
0.06206658
0.06213487
0.06218804
0.062192
0.06227333
0.06238692
0.06264246
0.06267395
0.06271356
0.06281027
0.06287367
0.06291045
0.06294683
0.06304958
0.06308457
0.063147
0.06317652
0.06327328
0.06339327
0.0635038
0.06357051
0.06359124
0.06360301
0.06370614
0.0637729
0.06386567
0.0641599
0.06417132
0.06424604
0.06435424
0.06437667
0.06447734
0.06472104
0.06497531
0.06497692
0.06503025
0.06508524
0.06512882
0.06517941
0.06524765
0.06529066
0.06544376
0.06557928
0.06562176
0.06564194
0.06570861
0.06584442
0.06621797
0.06622874
0.06631695
0.06640861
0.06651717
0.06661813
0.0666617
0.06667279
0.0669741
0.06718818
0.06719095
0.06729011
0.0674572
0.06749935
0.06758738
0.06760783
0.06769248
0.06777258
0.06788734
0.06791265
0.06794616
0.06801064
0.0686471
0.06867994
0.06881353
0.06891605
0.06901794
0.0690181
0.06901906
0.06902255
0.06911378
0.06912973
0.06914027
0.06914543
0.06932717
0.06952985
0.0695921
0.06973037
0.06984407
0.0699064
0.07001234
0.0700902
0.07017007
0.0703567
0.07070997
0.0707335
0.07081808
0.07114501
0.07117482
0.07120887
0.07141113
0.07142814
0.07196919
0.07211664
0.07218613
0.07224645
0.07229521
0.07238153
0.07239217
0.07240699
0.07246602
0.07266127
0.07276773
0.07276986
0.07283322
0.07299051
0.07303143
0.07315812
0.07321635
0.07363786
0.07369241
0.07373336
0.07374848
0.07377496
0.07381219
0.07381493
0.07381982
0.07383297
0.07390358
0.07390397
0.07405771
0.07449688
0.07452729
0.07462547
0.07465328
0.07467839
0.07475191
0.07500558
0.07507885
0.07523222
0.07532823
0.07542256
0.07553366
0.075562
0.07557119
0.07562485
0.07575523
0.07589389
0.07590927
0.07597123
0.07599714
0.07605571
0.0762724
0.0762952
0.07637347
0.07639238
0.07667756
0.07668885
0.07714579
0.07738499
0.07741567
0.07748325
0.07763984
0.07766514
0.07804026
0.07813474
0.07824089
0.07824653
0.07830658
0.07840555
0.078427
0.07856724
0.0788214
0.07883969
0.07887277
0.07894105
0.07922353
0.07944863
0.07947971
0.07964203
0.07986858
0.07989211
0.08005276
0.08005822
0.08013613
0.08016559
0.08018333
0.08038404
0.0804147
0.08052529
0.0805399
0.08057368
0.08079527
0.08105871
0.08126503
0.08136129
0.08146227
0.0815829
0.0817827
0.08183953
0.08187348
0.08188117
0.0820084
0.08212242
0.08242823
0.08249152
0.08257698
0.08262785
0.08269692
0.08272243
0.08281254
0.08293618
0.08293791
0.08298133
0.08318619
0.08338331
0.08339856
0.08344918
0.08347636
0.08350479
0.0835366
0.08355314
0.0835797
0.08363093
        </DataArray>
        <DataArray type="Float32" Name="normal" NumberOfComponents="3" format="ascii">
0.2503722 0.1452272 0.9571953
-0.8294702 -0.4821016 0.282059
0.3938527 0.6751805 0.6237078
0.04537841 0.07775516 0.9959392
-0.1839513 -0.3148687 0.9311389
0.434965 0.7436852 0.5076789
-0.1261093 -0.07354674 0.9892863
-0.7972794 -0.4651649 0.384665
0.4562819 0.7773817 0.432995
0.7054735 0.412103 0.5766092
0.5117767 0.2990202 0.8054015
0.3332205 0.5664343 0.7537349
-0.05313776 -0.09030131 0.9944959
-0.07937717 -0.04641964 0.9957632
-0.279576 -0.47384 0.8350527
-0.4513851 -0.7650302 0.4593259
-0.3148248 -0.5335699 0.7849768
-0.5047579 -0.8551148 0.1183144
0.5763854 0.3378992 0.7440457
0.02786308 0.0163393 0.9994782
-0.7380955 -0.4331415 0.5173041
0.3462245 0.5860668 0.732567
0.06632007 0.03894726 0.997038
-0.2787131 -0.4717487 0.8365239
-0.4232603 -0.716364 0.5546831
-0.3952517 -0.668635 0.629844
0.4644782 0.2744689 0.841978
0.507574 0.8584477 0.07373091
0.5086732 0.8598229 0.04422978
0.4692861 0.7901495 0.3942516
0.1257287 0.07464158 0.9892527
0.00667584 0.01120656 0.9999149
-0.4335929 -0.7271357 0.532232
0.7357951 0.4374181 0.5169826
0.5329973 0.3168699 0.7845428
-0.2288863 -0.1360944 0.9638928
-0.07802112 -0.1308076 0.988333
0.5121229 0.8583624 0.03072433
-0.853403 -0.5086198 0.1140583
0.3456896 0.5774268 0.7396466
-0.8548256 -0.5104831 0.0931678
0.8506445 0.5084063 0.1338921
-0.5106201 -0.8510881 0.1221317
0.1019458 0.06098367 0.992919
0.7811382 0.4674564 0.4138932
-0.5149974 -0.8568918 0.02267396
0.4330356 0.2596174 0.8631796
-0.8503051 -0.51015 0.1293372
-0.4667547 -0.7742503 0.4274068
0.3313251 0.1988376 0.9223271
0.3607209 0.2165596 0.9071838
0.198801 0.3285226 0.9233369
0.2395193 0.1439181 0.9601657
0.1204502 0.07237488 0.9900776
-0.5165735 -0.8532758 0.07121981
-0.4034736 -0.6643115 0.6292052
-0.1486407 -0.08945169 0.9848372
0.8498316 0.5115155 0.1270358
0.0609787 0.0367378 0.9974627
-0.8495456 -0.511849 0.1276041
-0.5017667 -0.8259503 0.2569752
0.5360162 0.3233971 0.7798083
0.4769502 0.7842523 0.396821
-0.01464072 -0.02406905 0.9996031
0.3793543 0.6226655 0.6843815
-0.2242506 -0.1356753 0.9650409
-0.513697 -0.3109002 0.7996602
0.2517642 0.4130489 0.8752173
0.1694971 0.2778465 0.9455538
0.4139024 0.250685 0.8751239
0.4659528 0.7637344 0.4467637
-0.179912 -0.109102 0.9776136
-0.8304574 -0.503862 0.2376208
0.3820115 0.2318166 0.8946107
-0.03674084 -0.02233229 0.9990752
-0.07799841 -0.127744 0.9887354
-0.7625003 -0.4636865 0.4512074
0.2922791 0.1779386 0.9396333
-0.8470544 -0.5160662 0.1271792
0.5350444 0.3262773 0.7792757
0.4182077 0.6845968 0.5970172
0.521431 0.8502101 0.07247438
-0.8066799 -0.4929757 0.3259486
0.5030389 0.8170753 0.2816734
-0.5024706 -0.3074001 0.8081018
-0.7982409 -0.4884746 0.352426
0.8466842 0.5188611 0.1179368
-0.006472257 -0.01048395 0.9999241
0.2930509 0.473057 0.830866
0.01319705 0.008103045 0.9998801
-0.1139345 -0.1837353 0.9763505
-0.4794183 -0.7722172 0.4169397
0.3694151 0.5949887 0.7138073
-0.2094355 -0.3369313 0.9179401
0.8508916 0.5237072 0.04140297
-0.5247084 -0.8440853 0.1104582
0.2282291 0.1405897 0.9634033
0.4871591 0.7821977 0.3883848
-0.2194321 -0.3520038 0.9099137
0.4992277 0.8006499 0.3312573
0.3837548 0.2365979 0.8926106
-0.03815498 -0.06110699 0.9974017
-0.3166295 -0.5070684 0.8016405
-0.5422977 -0.3348457 0.7705787
-0.6260586 -0.3870671 0.6769266
-0.4902122 -0.303591 0.8170217
0.3728672 0.5969534 0.7103638
0.4458525 0.2764081 0.8513601
-0.469851 -0.7495617 0.4662588
0.2176894 0.1350764 0.9666259
0.6462946 0.401031 0.649213
0.5740042 0.3566363 0.7371091
-0.1697159 -0.2707355 0.9475752
0.3874319 0.6175426 0.6844982
0.7830965 0.4870883 0.3866586
-0.3892076 -0.2422773 0.8887177
0.4946171 0.7882798 0.3660176
0.2219975 0.3535892 0.9086758
0.3264178 0.5191652 0.7898854
0.5154378 0.8195789 0.2502284
-0.1269894 -0.07942083 0.9887194
0.5765522 0.3608789 0.7330443
-0.07408101 -0.1175131 0.9903044
0.8256964 0.5178795 0.2236654
0.7443275 0.4669338 0.4774404
-0.6277355 -0.3942536 0.6712021
0.3637899 0.5769507 0.7312898
-0.1866114 -0.2959001 0.9368134
0.5071437 0.8041171 0.3101629
0.4900122 0.7764064 0.3963346
-0.5227994 -0.827682 0.204018
0.404049 0.2550883 0.87845
0.4806488 0.7573682 0.4420069
0.7140101 0.4513569 0.5352257
0.4915884 0.3107732 0.8134869
-0.02497895 -0.01579202 0.9995632
-0.1780231 -0.2800763 0.9433266
0.5177478 0.3276129 0.7903208
0.5287254 0.8293661 0.1805582
0.5012668 0.7862015 0.3614121
0.8133141 0.5153643 0.2700365
-0.4295505 -0.2722022 0.8610414
-0.529794 -0.8294165 0.1771626
-0.3499913 -0.221845 0.9101049
-0.3604853 -0.5638598 0.7430426
0.2160293 0.3378719 0.9160644
-0.4102097 -0.2605302 0.8739863
0.395575 0.618652 0.6788152
0.4286931 0.6690586 0.6071103
-0.5810382 -0.3693013 0.7252663
-0.1791602 -0.2788155 0.9434848
-0.6528606 -0.4161933 0.632895
-0.5235692 -0.813643 0.2527059
0.2453554 0.156899 0.9566522
-0.01534152 -0.02383357 0.9995982
-0.5747899 -0.3676159 0.731078
0.1523807 0.2363555 0.9596438
0.08671772 0.1345012 0.9871117
0.2774674 0.4287571 0.8597553
-0.44352 -0.684609 0.5784466
0.25967 0.4007461 0.8786205
0.4396895 0.6768066 0.5904287
-0.2666619 -0.1709696 0.9485045
-0.2796048 -0.429788 0.8585473
-0.3827813 -0.5872394 0.7131819
0.417389 0.6396734 0.6454489
0.5428616 0.831535 0.1176892
0.8380805 0.5385836 0.08688379
-0.8385794 -0.5396605 0.07450647
-0.3570807 -0.5464685 0.7575392
0.7900609 0.5093788 0.3410822
0.6793925 0.4382653 0.5885146
0.5369618 0.3467134 0.7690656
0.4364129 0.2818404 0.8544647
-0.2820477 -0.4310924 0.857093
-0.42555 -0.2752605 0.8620551
0.1572143 0.1017469 0.9823091
0.1605157 0.1040232 0.9815365
-0.4991264 -0.7627462 0.4112067
-0.1597809 -0.1037814 0.9816819
0.2610864 0.3978007 0.8795388
-0.04195612 -0.0639087 0.9970734
-0.01371084 -0.008943864 0.999866
0.7854096 0.5125941 0.3469568
-0.1449285 -0.09463939 0.9849057
0.5467648 0.8311394 0.1012692
-0.53663 -0.8147858 0.2194363
0.5230846 0.7929087 0.3125352
0.02783673 0.0421526 0.9987233
-0.4988285 -0.7550799 0.4254698
-0.2672269 -0.1754349 0.9475296
-0.8138756 -0.5345705 0.2276861
-0.2019469 -0.1326907 0.9703662
0.2086496 0.1371192 0.9683304
-0.8129231 -0.5348768 0.2303539
-0.2008716 -0.3038896 0.9312903
-0.5256966 -0.7926913 0.3086803
-0.3650904 -0.5497757 0.7513026
-0.8033605 -0.5298534 0.2717853
0.5037521 0.7583663 0.4136597
-0.4495726 -0.6767758 0.5829744
-0.1328317 -0.08782087 0.9872402
-0.4772209 -0.3158102 0.8200757
-0.02725745 -0.01806156 0.9994653
0.4768312 0.3160844 0.8201967
0.4336666 0.2877975 0.853877
0.2130016 0.3204794 0.9229969
0.5535501 0.8326986 0.01397074
-0.1327204 -0.199355 0.970898
-0.553624 -0.8301944 0.06540458
0.5505266 0.824964 0.1278863
0.6922048 0.4603923 0.5557801
0.5508649 0.3667283 0.7497055
0.5132856 0.7641435 0.3906695
0.3578078 0.5320823 0.7673734
-0.8317043 -0.5551873 0.005916712
0.5487183 0.8153644 0.1846323
-0.393241 -0.2626958 0.8811086
-0.549628 -0.3673229 0.7503219
-0.204627 -0.3037531 0.930517
0.7992523 0.5343169 0.2751385
0.3940966 0.2635011 0.8804857
0.3033602 0.202876 0.9310284
0.8257512 0.5534392 0.108812
0.5954225 0.3991055 0.697271
0.4743752 0.7023826 0.5306852
0.7920352 0.5315469 0.3002301
-0.7406774 -0.4971112 0.4519707
-0.7927775 -0.5321676 0.2971557
-0.149178 -0.2205099 0.9639094
-0.8266408 -0.5558065 0.08800043
0.7981402 0.5368612 0.2734086
-0.1220402 -0.1803713 0.9759982
-0.5407944 -0.7984394 0.2646429
-0.7050844 -0.4748304 0.5266802
-0.4568606 -0.6733285 0.5812979
-0.492967 -0.7241884 0.4822186
0.2196496 0.1480869 0.964274
-0.4721352 -0.3184599 0.8219925
0.4487023 0.6585628 0.6041203
-0.2932525 -0.429587 0.8540831
-0.1049848 -0.07111334 0.991928
-0.0247031 -0.01674739 0.9995545
-0.626933 -0.4251005 0.6528741
0.5020835 0.7352889 0.4552609
-0.1919802 -0.2804926 0.9404613
0.5649661 0.8251076 0.003282598
-0.4379647 -0.6393924 0.6319527
0.2891481 0.4210073 0.8597361
0.5229912 0.761371 0.3831375
0.5278749 0.7682905 0.3620467
0.5285162 0.7689136 0.3597811
0.4780952 0.695397 0.5365147
-0.4348712 -0.6321404 0.6413155
0.7381724 0.5026817 0.449903
0.1520242 0.2206455 0.9634336
-0.567411 -0.823297 0.01506025
0.8220734 0.5606839 0.09914048
-0.4510657 -0.6537983 0.6075258
0.5124056 0.7392839 0.4369209
-0.7837868 -0.5356926 0.3141844
0.4700175 0.3213718 0.8220728
0.5366348 0.7741947 0.3356272
-0.08998503 -0.1296049 0.9874742
0.09564827 0.1376142 0.9858568
0.3377925 0.4859423 0.8060746
0.480527 0.3299328 0.8125504
0.1585279 0.2280175 0.9606649
0.3250618 0.4671216 0.8222727
0.186576 0.2680855 0.9451559
-0.6106798 -0.4208263 0.6708021
0.6571187 0.4538565 0.6018383
-0.6204911 -0.4289815 0.6564797
-0.5011466 -0.7200751 0.4799415
0.7789447 0.5388089 0.3208273
-0.4231666 -0.6079916 0.671771
-0.3346245 -0.2318522 0.9133844
-0.4247437 -0.609749 0.6691778
0.4253052 0.6099716 0.6686181
0.5706583 0.8178675 0.073769
0.5632675 0.8063483 0.1803668
0.5679459 0.8123984 0.1320844
0.06528665 0.04533596 0.9968361
0.5608766 0.8020657 0.2052025
0.7460003 0.5182092 0.4182616
-0.4755937 -0.3307681 0.8151093
0.5933329 0.4128644 0.6910131
-0.0577849 -0.08246816 0.994917
0.4764251 0.6780456 0.5597082
0.6164461 0.4306259 0.6592084
0.02457493 0.01717405 0.9995505
0.7072105 0.4946042 0.5051931
0.0587259 0.08354875 0.9947718
0.7259255 0.5089828 0.4625674
0.800316 0.5613534 0.2106574
0.1682125 0.2390655 0.9563223
0.8180107 0.5750496 0.01327628
-0.4814867 -0.6836843 0.5484034
0.2765065 0.1951051 0.9409985
0.6694712 0.4726989 0.5730306
0.05246161 0.07438929 0.9958484
-0.5732625 -0.8112232 0.1152695
0.04894346 0.06923401 0.9963991
-0.497308 -0.701807 0.5100507
-0.008243662 -0.005853134 0.9999489
0.1853047 0.2614379 0.9472657
0.803165 0.5704404 0.1718249
-0.0008895529 -0.001248458 0.9999988
0.7061331 0.5017284 0.4996446
-0.7812323 -0.5551785 0.2853996
-0.6357672 -0.4518535 0.6258023
-0.4167421 -0.5847172 0.6960114
0.5221446 0.7304759 0.4401931
0.7596087 0.5414289 0.3603462
-0.0008956197 -0.001248224 0.9999988
-0.8073879 -0.5762559 0.1267043
0.5454709 0.7578738 0.3578951
-0.2983659 -0.4141039 0.8599394
-0.3451466 -0.4774275 0.808045
0.4770846 0.6570942 0.5836244
0.7937049 0.5679817 0.2177828
-0.5504714 -0.7573389 0.3513104
0.3490299 0.4797468 0.8049976
0.810621 0.5805178 0.07676369
0.5854575 0.8014804 0.1219373
0.1464302 0.1049415 0.9836389
-0.7641735 -0.5479143 0.3403362
-0.5203758 -0.7096714 0.474948
0.1705894 0.1225607 0.9776902
0.6095417 0.4382828 0.6605809
-0.7917342 -0.5693758 0.2212874
0.1303187 0.09375638 0.9870293
-0.07447281 -0.05359823 0.9957816
-0.6074905 -0.4373992 0.6630514
0.1175146 0.1597951 0.9801305
-0.01326429 -0.01801195 0.9997498
-0.4625614 -0.6280346 0.6257871
0.4043126 0.5489396 0.7315713
-0.8108765 -0.5848203 0.021552
-0.121326 -0.1637746 0.9790086
-0.518144 -0.3737882 0.7692913
0.1437898 0.1037572 0.9841539
0.07412701 0.05352236 0.9958115
-0.8024365 -0.5795732 0.1420936
-0.6009311 -0.4340648 0.6711703
0.5946147 0.8013387 0.06549634
0.8103283 0.5858915 0.009959185
0.8015974 0.5798971 0.1454681
-0.546472 -0.7357362 0.4000758
-0.5340263 -0.7186694 0.4453428
0.5206007 0.7000543 0.4887727
-0.783106 -0.5688476 0.2513114
-0.5483772 -0.7371802 0.3947756
0.7962612 0.5787864 0.1759956
0.1671858 0.1215345 0.978406
0.1692287 0.1232051 0.9778457
-0.05037995 -0.03670127 0.9980556
0.7905474 0.5759889 0.208018
-0.05584702 -0.0407078 0.9976091
-0.6998441 -0.5103259 0.4997857
-0.5778237 -0.7730853 0.2616465
-0.5344065 -0.7141774 0.4520623
0.1887284 0.138202 0.972256
-0.6603199 -0.4838573 0.5743342
0.3224123 0.4303461 0.8431208
0.6158558 0.451837 0.6454185
-0.333337 -0.4436154 0.8319205
0.1917521 0.1412217 0.9712299
-0.6406205 -0.471973 0.6056789
-0.5921085 -0.7874992 0.1710335
-0.3404157 -0.2513809 0.906049
-0.2427795 -0.3225022 0.9149046
-0.4552051 -0.6037505 0.6544261
-0.5814983 -0.7709768 0.2597202
0.7866402 0.5815471 0.2073648
0.2268897 0.1679008 0.9593385
-0.2903019 -0.384742 0.876184
-0.3338875 -0.2472478 0.9096085
0.4421504 0.3274548 0.8350307
0.1206609 0.1598081 0.979746
0.3304709 0.4348345 0.8376801
0.2499212 0.3270452 0.9113621
-0.8032846 -0.5954068 0.01498801
-0.5972434 -0.7812374 0.1815724
0.09136874 0.1193505 0.9886391
0.4617672 0.6017693 0.6516477
0.232604 0.3022886 0.9244009
0.7995695 0.5947092 0.08372336
-0.2937639 -0.3817648 0.8763323
-0.4885666 -0.6336839 0.5997895
0.2917823 0.3782977 0.8784953
0.6256014 0.4658045 0.6258187
-0.3556988 -0.4598158 0.8136632
0.1371219 0.1771967 0.9745763
-0.6269327 -0.4675365 0.6231894
0.01538543 0.01987525 0.9996841
-0.6123 -0.7906242 0.001423748
-0.5334341 -0.3991498 0.7457396
-0.5087957 -0.6565285 0.5568638
0.03024035 0.03900494 0.9987813
-0.6075305 -0.4557555 0.6505333
0.349245 0.450229 0.8217797
0.2120212 0.272649 0.9384612
-0.7975065 -0.5991468 0.07075725
0.7120827 0.5350323 0.4546192
-0.6137664 -0.7891223 0.02401303
-0.7983013 -0.6010845 0.03758228
-0.3005288 -0.2267391 0.9264296
-0.198095 -0.2544132 0.9465898
-0.1642962 -0.124223 0.9785578
0.4659824 0.5977744 0.6523236
0.5598456 0.4240477 0.7118683
0.00819668 0.01050951 0.9999112
0.7370963 0.5586894 0.3802043
0.4278199 0.5479122 0.7188619
0.3138541 0.4015481 0.8603805
0.615654 0.787618 0.02506294
0.1416071 0.1807843 0.9732751
-0.310788 -0.3964302 0.8638599
-0.6128839 -0.7799114 0.1269316
-0.5280566 -0.6718486 0.5193994
-0.7952617 -0.6047217 0.04324842
-0.1288714 -0.1636157 0.9780706
0.03243063 0.04108824 0.9986291
0.139711 0.1063024 0.9844697
0.0001978264 0.0002505046 0.9999999
-0.3946287 -0.4992442 0.7713776
0.4543113 0.5743257 0.6809928
-0.6621103 -0.5058826 0.5528948
-0.1405396 -0.1771608 0.9740958
0.4542996 0.5723762 0.68264
0.7030219 0.5377029 0.4654415
0.2139084 0.2694926 0.9389446
-0.2713655 -0.3414368 0.8998787
0.7897784 0.6049424 0.1014637
-0.07828034 -0.06000223 0.9951241
-0.671285 -0.5148789 0.5331755
-0.4845621 -0.3719927 0.7917203
-0.09213744 -0.1157895 0.9889911
0.7673683 0.5897207 0.2517449
-0.4776381 -0.5999484 0.6418129
-0.4176886 -0.5244288 0.741964
-0.5258501 -0.4047886 0.7480828
-0.2979176 -0.3737293 0.8783914
0.3674872 0.2840124 0.8856016
0.05807247 0.07280526 0.995654
-0.4462318 -0.3458599 0.8253837
-0.6057225 -0.758093 0.241651
0.2627999 0.204062 0.9430243
-0.6245502 -0.7809795 0.002839712
-0.3151022 -0.2452296 0.9168277
-0.2076976 -0.1618845 0.9647047
0.6145916 0.7666834 0.1856709
0.5196555 0.4055869 0.751969
0.4703647 0.5866546 0.659237
0.2012162 0.2506607 0.9469326
0.5733908 0.7139117 0.4019367
-0.1734493 -0.2154399 0.9609896
0.481381 0.5964714 0.6422572
0.5900302 0.7310061 0.3427747
-0.06269202 -0.07758321 0.9950128
-0.3690687 -0.2896956 0.8830996
0.6014076 0.7409254 0.2988954
-0.03291485 -0.02595531 0.9991211
0.6207776 0.7647485 0.1726121
0.2767073 0.3405507 0.8985869
0.1943282 0.1534206 0.9688646
-0.3336787 -0.2635311 0.9051021
0.1624085 0.1283675 0.978338
0.02613454 0.03216361 0.9991409
-0.6612895 -0.5229781 0.5377641
0.389346 0.4786817 0.7869393
0.6084726 0.7474772 0.2665312
-0.0154735 -0.01227588 0.9998049
-0.1631711 -0.1294561 0.9780676
-0.357334 -0.2835947 0.88988
-0.5710355 -0.701017 0.4271927
0.5584697 0.4435396 0.7009881
0.6135401 0.7529939 0.2378417
-0.6073737 -0.7441418 0.2781192
-0.7702643 -0.6129618 0.175985
-0.1395648 -0.1706259 0.9754017
0.7815602 0.6235834 0.01753451
-0.4044904 -0.4940027 0.7696421
0.1622855 0.1295645 0.9782006
0.6282504 0.7660966 0.1356373
0.4814799 0.3850403 0.7873507
0.3928413 0.4788246 0.7851132
0.3090757 0.3763543 0.8734012
0.6134732 0.7462302 0.2584396
0.3791669 0.4611699 0.8022187
-0.1522975 -0.1845268 0.9709558
-0.556549 -0.6727277 0.4875353
0.6434057 0.5159608 0.5655206
-0.4155241 -0.5021833 0.7583876
0.3533652 0.4269094 0.832395
-0.7678921 -0.6170877 0.1718854
0.01743933 0.02103047 0.9996267
-0.2418042 -0.291082 0.925636
0.03641518 0.04376518 0.998378
0.5219451 0.4200464 0.7423843
-0.0836992 -0.1004114 0.9914192
0.7372804 0.5942931 0.3212994
0.02160252 0.02591091 0.9994308
0.4514311 0.3651122 0.8141885
0.5998415 0.7192761 0.350474
-0.5195377 -0.6224561 0.5853453
0.6409979 0.7671598 0.02423996
-0.2481575 -0.2969136 0.9220955
-0.5364927 -0.4356061 0.7227883
0.6190711 0.740445 0.2617102
-0.7468074 -0.6068865 0.2719696
0.7309337 0.5941116 0.3358085
0.007432991 0.006057458 0.999954
0.32529 0.3887915 0.8619905
-0.1674829 -0.1366289 0.9763616
-0.6866472 -0.5604267 0.4630739
0.6610539 0.5398695 0.5211032
-0.3195244 -0.381662 0.8673167
0.5509447 0.4504827 0.7025135
0.3970048 0.4738081 0.7860618
0.5273868 0.6289353 0.5712299
-0.6913013 -0.5663145 0.4487653
0.6307585 0.7500899 0.1987684
0.122773 0.1456919 0.9816825
0.5969273 0.4894523 0.6356998
0.545956 0.6477498 0.5313683
-0.6447095 -0.7643958 0.006984328
0.4071827 0.4816604 0.776019
0.1080303 0.08866822 0.9901856
0.7725713 0.6348789 0.007899226
-0.4131029 -0.4882506 0.7687375
0.5996699 0.4930449 0.6303196
-0.5619084 -0.6630709 0.4945664
-0.1425111 -0.1680999 0.9754143
-0.759202 -0.6260966 0.1778071
0.3832047 0.4505208 0.8063406
-0.000888253 -0.001044275 0.999999
-0.553813 -0.6507298 0.519463
-0.6647393 -0.5496033 0.5060217
-0.4862521 -0.5711351 0.6613348
-0.6381762 -0.5277291 0.560565
0.5000447 0.5857203 0.637877
-0.3187678 -0.373049 0.8713332
-0.1562204 -0.182076 0.9707953
0.1269412 0.1052113 0.9863146
-0.04075465 -0.03380825 0.998597
0.6359911 0.5281771 0.5626227
-0.6192586 -0.7202435 0.312679
-0.260895 -0.2167313 0.9407238
0.3465407 0.4025882 0.8472499
-0.2813007 -0.234172 0.9306091
-0.2055672 -0.238503 0.9491356
-0.03958165 -0.04588174 0.9981624
0.2029652 0.2350593 0.9505537
0.4374437 0.506395 0.7431064
-0.5332435 -0.4455551 0.7191189
0.5941267 0.4964624 0.6328812
0.6520211 0.7530998 0.08780156
0.3474652 0.2904939 0.8915611
0.3411402 0.3936467 0.8536192
0.5183051 0.5970891 0.6122454
-0.5238414 -0.5989068 0.6057234
-0.3786443 -0.4329028 0.8180609
0.760178 0.636268 0.1315004
0.6429455 0.5390172 0.5441338
-0.6258665 -0.7152002 0.3110945
0.6453187 0.7370388 0.2008422
-0.7122008 -0.5983428 0.3670911
-0.4459635 -0.5089629 0.7362562
-0.4937786 -0.4152 0.7640626
0.2670778 0.3044613 0.9143155
0.01160869 0.01322544 0.9998451
0.58573 0.6669853 0.46049
-0.7422637 -0.6254178 0.2406183
0.5261407 0.5982135 0.6044143
0.2796331 0.2356305 0.9307436
0.4084138 0.4642897 0.7858965
0.7348766 0.6196074 0.275759
-0.6615387 -0.7490036 0.03688182
-0.3380427 -0.2855933 0.8967517
0.4429321 0.5012841 0.7433205
-0.5640982 -0.4768879 0.6740705
0.03770458 0.04249959 0.9983848
0.07635184 0.08587304 0.9933762
-0.4124007 -0.3491052 0.8414578
-0.1961221 -0.2203826 0.9554934
0.6013947 0.6756908 0.4263408
0.7237836 0.6137132 0.3154256
-0.5985461 -0.6723174 0.4355822
-0.4350202 -0.3690967 0.8212948
-0.4091652 -0.459477 0.7883304
0.6921179 0.5873182 0.4195594
0.664983 0.7447026 0.05670609
0.6489381 0.7260414 0.2274712
0.6000217 0.5096058 0.6166652
-0.6231753 -0.6970749 0.3545972
0.3082314 0.3445903 0.8867079
0.6540368 0.555782 0.5131689
0.5563305 0.6217068 0.5513412
-0.3419038 -0.2909205 0.8935698
-0.01837779 -0.02049467 0.999621
0.6139397 0.6842844 0.3934881
-0.4977888 -0.4240938 0.7565386
0.6395276 0.7127935 0.2879755
0.1072374 0.119413 0.9870363
-0.6328086 -0.7029727 0.324627
-0.5581432 -0.4775201 0.6785652
-0.7582451 -0.6488225 0.06398182
0.5793947 0.4961858 0.6466076
0.1973677 0.2191765 0.9555143
0.103734 0.0888629 0.9906274
-0.516282 -0.4423768 0.7333183
0.7306689 0.6267452 0.2707645
0.1997475 0.2217826 0.9544178
-0.01740932 -0.01494397 0.9997368
0.5730771 0.6359311 0.516889
-0.4981717 -0.5511684 0.6693567
0.2042073 0.1754491 0.9630768
0.2073609 0.2287232 0.9511505
-0.7355026 -0.6321464 0.2437763
-0.116943 -0.1007623 0.9880138
0.6684282 0.7372051 0.09865256
0.3313867 0.2858451 0.8991526
0.6886069 0.594205 0.4156211
0.4223714 0.3654208 0.8294999
-0.4737948 -0.5224891 0.708889
0.6519758 0.7180191 0.2436721
0.5309991 0.4599514 0.7116774
0.03933366 0.03411674 0.9986435
-0.288611 -0.2503741 0.9241301
0.6251888 0.5431383 0.5604817
0.2213151 0.1923252 0.9560495
0.1776231 0.1545555 0.9718861
-0.7281676 -0.6340087 0.2603938
-0.2279031 -0.1984507 0.9532458
0.672707 0.7396717 0.01873832
-0.4025971 -0.3514296 0.8452294
-0.7519459 -0.6564841 0.06005001
0.2104241 0.1837308 0.9601899
-0.7428781 -0.649235 0.1631747
-0.006854203 -0.007530136 0.9999481
0.6687164 0.7339848 0.1186786
-0.6484834 -0.7093613 0.2761809
0.4668625 0.409018 0.7840559
-0.673385 -0.5904565 0.444875
0.52963 0.4649442 0.7094497
-0.5537518 -0.6041705 0.573007
-0.3893865 -0.3422114 0.855143
-0.006219956 -0.005477469 0.9999657
-0.6745072 -0.7350789 0.0685501
-0.2563954 -0.2791284 0.9253911
-0.5150252 -0.4548553 0.7265368
-0.04427092 -0.03910775 0.9982538
-0.397792 -0.3514761 0.8474822
0.5842971 0.5164047 0.6260376
-0.02763498 -0.03006065 0.999166
-0.6564803 -0.7132874 0.2454685
0.7202069 0.6386113 0.2710676
0.5946934 0.5276332 0.606583
-0.2037101 -0.1808285 0.9621867
0.6630198 0.7202327 0.2041314
0.4056326 0.3601378 0.840097
-0.6166962 -0.669888 0.413444
0.5355311 0.5816092 0.6123211
-0.3577777 -0.3185464 0.8777946
-0.5280362 -0.4701978 0.7071717
0.120593 0.1308307 0.984043
0.4209369 0.4561864 0.7840319
0.6631926 0.5930831 0.4565392
0.1119145 0.1212105 0.9862977
0.1595286 0.1726081 0.9719862
0.563188 0.6092998 0.5581872
-0.5759725 -0.6226107 0.5297279
0.7116189 0.6388698 0.292308
0.5461192 0.490431 0.6791401
-0.5211253 -0.5629484 0.6414964
-0.1054508 -0.0948525 0.9898905
0.1147406 0.1032122 0.9880192
-0.6604649 -0.7127629 0.2361254
-0.4244302 -0.3819574 0.8209553
0.2253884 0.2426938 0.943557
0.02700738 0.02432513 0.9993392
-0.6959901 -0.6276295 0.3488251
-0.1898281 -0.1716314 0.9666995
0.2343811 0.2520891 0.9388911
-0.7281054 -0.659206 0.1879094
-0.06734005 -0.06098677 0.9958644
-0.6749427 -0.6116473 0.4127225
-0.66334 -0.7130406 0.227053
0.6697062 0.7196116 0.1834469
0.391504 0.3552112 0.8488519
-0.6472108 -0.6948848 0.3134536
-0.6731601 -0.6112352 0.4162294
-0.5632401 -0.5115345 0.6489168
0.5671218 0.6063922 0.5573701
0.7267042 0.6611369 0.1865449
0.1519314 0.1382793 0.9786704
-0.3732766 -0.3400085 0.8631679
-0.08579721 -0.07816955 0.9932413
0.6147813 0.5606043 0.5547674
0.2683033 0.2446812 0.9317427
0.1555008 0.1418302 0.977601
0.6998156 0.6386173 0.3200408
-0.6357636 -0.6792409 0.3666556
0.1346232 0.1437453 0.9804152
0.6631375 0.6072795 0.4375618
0.7365802 0.6749871 0.04291757
0.67893 0.7244915 0.1190216
-0.5886408 -0.5398412 0.6017254
-0.4602775 -0.4903508 0.740068
0.6454948 0.5922078 0.4823136
-0.406693 -0.3731853 0.8338667
-0.6252776 -0.6659772 0.4068198
0.5314473 0.5644427 0.6316393
0.2953327 0.3134594 0.9025086
-0.6161147 -0.5670038 0.546726
-0.3042651 -0.2800617 0.9104879
0.6586692 0.6987065 0.2792204
-0.4675667 -0.4311216 0.7716966
-0.7290176 -0.6727082 0.1264796
-0.4045158 -0.4285463 0.8079078
-0.08298596 -0.07669646 0.993595
-0.491192 -0.5192491 0.6993646
0.5870401 0.6204912 0.5199757
-0.7278315 -0.6734108 0.1295346
-0.07069306 -0.06542267 0.9953504
0.06597077 0.06113523 0.9959469
0.4302342 0.45455 0.7799249
-0.4243999 -0.3937226 0.8153939
0.08394915 0.08844392 0.9925373
-0.5100015 -0.4734354 0.7181625
-0.3006131 -0.3166808 0.899636
0.6726601 0.7081919 0.2144591
0.2672236 0.2812337 0.9216828
-0.7324463 -0.6806852 0.01378508
-0.6715997 -0.7055491 0.2261733
0.4907501 0.4562889 0.7422701
0.5224811 0.5468058 0.65423
-0.6886364 -0.7203205 0.08317711
0.6198756 0.6480638 0.4424562
0.02982559 0.02778171 0.9991689
0.7092258 0.6606941 0.245931
0.4442889 0.4139635 0.7945071
0.2440692 0.2274585 0.9427051
0.7054555 0.6576094 0.2643528
-0.3849492 -0.401927 0.8308241
0.4152715 0.4330692 0.8000004
0.1196372 0.124585 0.9849698
0.6401735 0.5978907 0.4823947
-0.05073344 -0.04740841 0.9975864
0.5572131 0.5208263 0.6467252
0.7300602 0.6824892 0.03493726
-0.7220734 -0.675224 0.1506073
-0.1557005 -0.1617589 0.9744698
0.115923 0.1201579 0.9859635
-0.4206305 -0.4355648 0.795835
0.5592211 0.5788351 0.5934827
-0.0769387 -0.07242919 0.9944016
0.3223946 0.3336996 0.8858365
0.6053063 0.5704977 0.5551006
0.3135477 0.2956206 0.9023837
0.6643946 0.6265771 0.4074076
0.2885289 0.2722136 0.9179602
-0.7073581 -0.6676835 0.2320416
0.3072554 0.2900994 0.9063313
-0.4706537 -0.486235 0.7362477
-0.6800608 -0.7012723 0.2138562
0.2411434 0.2485658 0.9381177
-0.09247164 -0.08750135 0.9918631
-0.2051183 -0.1941906 0.9592791
0.3715138 0.3824982 0.8459744
-0.6143182 -0.5824038 0.5323711
-0.1456982 -0.1499158 0.9779045
-0.7189727 -0.6818749 0.134629
0.6956705 0.7133216 0.08494046
0.6811802 0.6976841 0.2218793
0.7206365 0.6864281 0.09746502
0.3473333 0.3553032 0.8678244
-0.6989365 -0.7139164 0.04255788
0.09835596 0.1004411 0.9900696
-0.513393 -0.5233089 0.680129
-0.5850413 -0.5578632 0.5886555
-0.403754 -0.385062 0.8298855
0.6831169 0.6943668 0.2262875
0.02289245 0.02183949 0.9994994
-0.6788503 -0.6476439 0.3460053
-0.6816994 -0.6922479 0.2368097
-0.6047426 -0.577395 0.5485448
-0.3474028 -0.331796 0.8770534
0.3572714 0.3627295 0.8606883
-0.4324725 -0.4135924 0.8011921
-0.01701985 -0.01629648 0.9997224
-0.670176 -0.6787444 0.3002834
-0.3771244 -0.3800664 0.8445867
0.6608937 0.6651515 0.3475529
-0.2623902 -0.2518212 0.9315243
-0.2599848 -0.2614575 0.9295418
-0.6030843 -0.581809 0.5456991
0.3830496 0.3851405 0.8396069
0.06919953 0.06686959 0.9953592
0.2330499 0.2341565 0.943853
0.7024091 0.7051835 0.09663114
-0.6991478 -0.701569 0.137816
-0.7144303 -0.6922362 0.1019721
0.1751441 0.1697225 0.9698035
-0.1678152 -0.1627614 0.9722894
-0.247704 -0.2403434 0.9385509
-0.005432804 -0.005445582 0.9999704
-0.4956603 -0.4815608 0.7227863
0.6912227 0.6716114 0.2667382
-0.4802188 -0.4670721 0.7424511
0.6614975 0.6437241 0.38476
0.3850075 0.3753056 0.8431577
0.3266105 0.3269612 0.8868043
0.1808472 0.1765224 0.9675403
0.5292904 0.5171034 0.6726483
-0.01257205 -0.01228736 0.9998454
0.5349294 0.5229152 0.6636341
-0.6326717 -0.6185076 0.4660203
-0.6350151 -0.6356228 0.4390211
-0.1515622 -0.1516638 0.976743
0.4733957 0.4636041 0.7489778
0.2459632 0.2408807 0.938871
-0.7070002 -0.706992 0.01769156
-0.3450496 -0.3448795 0.8729255
-0.4456274 -0.4377946 0.7808663
-0.5805712 -0.5798103 0.5716267
-0.3472332 -0.3456077 0.8717709
-0.6452997 -0.6356222 0.4237602
-0.6965623 -0.6870481 0.2067991
-0.1027801 -0.1014004 0.9895222
-0.5561546 -0.5519708 0.6213053
0.7025797 0.6970162 0.1433534
-0.2049102 -0.203083 0.9574806
0.3658857 0.3625592 0.8571339
-0.06554806 -0.06486999 0.9957386
0.5624644 0.0001656688 0.8268214
0.9461969 0.0007537488 0.3235907
0.5072298 0.0006481774 0.8618106
-0.5995399 -0.0008085488 0.8003444
-0.3497225 -0.0004904809 0.9368532
0.6395712 0.001119536 0.768731
-0.2807005 -0.0007130688 0.9597951
-0.9242771 -0.002355436 0.381715
0.6214955 0.002004892 0.7834152
-0.2057167 -0.0007070439 0.9786114
0.2175696 0.000776975 0.9760445
-0.03154418 -0.0001138492 0.9995024
-0.2437586 -0.0009253435 0.9698355
0.7985088 0.003101027 0.6019752
-0.3162684 -0.001384247 0.9486687
0.3932399 0.001828242 0.9194341
0.5303994 0.002928903 0.8477429
0.8056996 0.005576165 0.5922981
0.9993317 0.007066989 0.03586391
-0.5151302 -0.004124892 0.857102
-0.1146569 -0.001006678 0.9934046
-0.3871381 -0.003776068 0.922014
0.9039279 0.00955035 0.4275783
-0.9618461 -0.01082375 0.2733769
-0.8014472 -0.009101275 0.5979962
-0.2824438 -0.003886946 0.959276
0.8216794 0.01173408 0.5698291
-0.9382335 -0.01471537 0.3456896
0.9923991 0.01576216 0.1220474
0.9990302 0.01608154 0.04098842
0.9983824 0.01615488 0.05451159
-0.9839561 -0.01610474 0.1776823
0.4839017 0.007934808 0.8750864
0.9277186 0.01579517 0.3729458
0.7245645 0.01247803 0.6890941
0.9087386 0.0157504 0.4170686
-0.6510873 -0.01129925 0.7589188
0.7137428 0.01283516 0.7002903
-0.5484096 -0.009913422 0.8361511
0.2698052 0.004960249 0.9629022
-0.6697825 -0.01271518 0.7424485
0.9264764 0.0178383 0.37593
0.4571418 0.008937989 0.8893489
0.984768 0.01939853 0.1727878
0.960629 0.01896377 0.2771865
0.2412594 0.005138949 0.9704471
0.9191728 0.0199747 0.3933478
-0.3011316 -0.006554785 0.9535601
-0.9723397 -0.02121456 0.2326056
-0.5085849 -0.01133231 0.8609373
-0.6124684 -0.01402337 0.7903707
0.7368034 0.0171305 0.67589
-0.0009898924 -2.451541e-05 0.9999995
-0.2196226 -0.005514694 0.9755693
-0.9819948 -0.02487909 0.1872623
-0.3525681 -0.009388543 0.935739
0.4067236 0.01096939 0.9134854
0.9983325 0.0274534 0.05077875
-0.8751965 -0.0246438 0.4831394
-0.9331351 -0.02629662 0.3585629
-0.8732107 -0.02556367 0.486672
-0.5116713 -0.01535052 0.8590441
0.6276929 0.01904951 0.778228
0.3302328 0.01039322 0.9438423
-0.996288 -0.03178711 0.07999866
-0.48333 -0.01576782 0.8752962
0.9660618 0.03196386 0.2563258
0.6485295 0.02148943 0.7608861
0.5130907 0.01716751 0.8581627
-0.06167632 -0.002103377 0.998094
0.9971802 0.0343693 0.06671137
-0.4227984 -0.01457601 0.9061065
0.8232635 0.02857011 0.5669401
-0.6454088 -0.02290035 0.763494
-0.4589555 -0.01689683 0.8882986
0.4868715 0.01841711 0.8732794
0.6475546 0.02494906 0.7616105
-0.9300959 -0.03625249 0.3655234
-0.9921256 -0.03956494 0.118834
0.9614298 0.03883716 0.2722947
-0.9979814 -0.04131163 0.04823258
-0.1962958 -0.00819722 0.9805105
0.6495295 0.02716425 0.759851
0.8422261 0.03650785 0.5378869
0.7701774 0.03367464 0.6369402
-0.1703511 -0.007667444 0.9853536
0.7166246 0.03262676 0.6966955
-0.7303637 -0.03356149 0.6822335
-0.9942905 -0.04604968 0.09625877
-0.7575041 -0.035357 0.6518722
-0.6059054 -0.02893895 0.7950102
0.9977202 0.04782287 0.04761786
0.9365979 0.04651023 0.3473055
0.8880742 0.04434295 0.4575564
0.8242137 0.04202537 0.5647173
-0.203602 -0.01062349 0.9789961
-0.08597723 -0.004736098 0.9962859
-0.3504086 -0.01931593 0.9363977
0.04635541 0.002598007 0.9989216
0.4321806 0.0248014 0.901446
-0.6085346 -0.0357007 0.7927238
0.9961051 0.0589148 0.06560156
-0.2172654 -0.01294213 0.9760268
-0.5097834 -0.03118979 0.8597372
-0.2454478 -0.01534733 0.9692883
-0.6320325 -0.03967394 0.7739257
0.06339315 0.00401285 0.9979805
-0.9372923 -0.05951995 0.3434248
0.2834532 0.01815589 0.9588142
-0.8911169 -0.05858204 0.4499766
-0.7843398 -0.05240055 0.6181142
-0.6575196 -0.04437995 0.7521292
0.9696662 0.06602869 0.235346
-0.8095673 -0.05572062 0.5843766
-0.9161578 -0.06355219 0.3957473
0.9903733 0.0687815 0.1201249
-0.8503968 -0.05922183 0.5227983
-0.9953132 -0.06995088 0.06677224
-0.6928949 -0.04932553 0.7193495
-0.9389995 -0.0676727 0.3371948
-0.1159481 -0.008385446 0.9932199
-0.7664405 -0.05650693 0.639825
-0.9923729 -0.07380361 0.0987379
-0.5771692 -0.04381732 0.8154482
-0.4580662 -0.03496307 0.8882303
-0.8491111 -0.06501339 0.5241981
0.2457817 0.01893229 0.9691403
0.9945593 0.07738763 0.06973445
0.3317335 0.02615226 0.9430106
-0.9928144 -0.078963 0.08991328
0.8243684 0.06606124 0.5621856
0.7597151 0.06139152 0.6473515
0.9789894 0.07922406 0.1878915
0.1645025 0.01349922 0.9862843
0.6110787 0.05064922 0.7899477
0.4746885 0.03959394 0.8792629
-0.7445961 -0.06218957 0.664612
-0.299576 -0.02512947 0.9537414
0.829788 0.07086135 0.5535617
-0.9893451 -0.08501177 0.1181913
-0.001488935 -0.0001296613 0.9999989
0.7455698 0.06505585 0.6632446
-0.9417092 -0.08248448 0.3261596
0.4465929 0.03962389 0.8938594
0.148405 0.0131894 0.9888387
-0.6033475 -0.05370355 0.7956681
0.6889476 0.0614185 0.7222042
0.07435163 0.006680937 0.9972097
0.5602273 0.0506511 0.8267889
-0.8897074 -0.08059115 0.4493615
-0.9188638 -0.08437023 0.385449
-0.5638626 -0.05260111 0.8241917
0.956571 0.09003944 0.277245
0.7089518 0.06689847 0.7020769
0.3612348 0.03435011 0.931842
-0.9842717 -0.09647432 0.1479929
0.1435832 0.01420841 0.9895362
0.06090247 0.00603682 0.9981255
-0.7585636 -0.07536732 0.6472257
0.6934777 0.06912738 0.7171541
-0.503664 -0.0504873 0.8624231
0.5253658 0.05274956 0.8492398
-0.6072067 -0.06096691 0.7922014
0.9117038 0.09157918 0.4005114
0.4544055 0.04573904 0.8896199
0.9937341 0.1001765 0.04956975
0.246696 0.02487518 0.9687736
0.988188 0.1003282 0.1158393
0.8039738 0.08202412 0.5889806
0.04444466 0.004567984 0.9990014
0.6693017 0.06916635 0.7397643
-0.0663123 -0.00719714 0.9977729
-0.08127437 -0.008826062 0.9966527
0.6645833 0.07342491 0.7435979
-0.01912832 -0.002113421 0.9998148
0.8717512 0.09674647 0.4803019
-0.05362872 -0.006055696 0.9985426
-0.562986 -0.06361093 0.8240148
-0.4118857 -0.04654989 0.9100457
-0.9305913 -0.1060716 0.350355
-0.815975 -0.09302144 0.570554
0.8736814 0.1003527 0.4760358
-0.4589761 -0.05276633 0.8868803
-0.9121663 -0.1057363 0.395945
0.7960305 0.09248797 0.5981483
0.9924801 0.115465 0.04063408
0.9871995 0.1156217 0.1098579
0.9883814 0.1177273 0.09613731
-0.5521271 -0.0659141 0.8311504
0.5140113 0.06196367 0.8555424
0.6440996 0.07765114 0.7609901
0.5230603 0.06371607 0.8499107
-0.8189073 -0.09981291 0.5651798
0.02177868 0.002667276 0.9997593
0.8034645 0.09859797 0.5871313
0.9562595 0.1185845 0.2674052
0.357145 0.04453557 0.9329866
0.02359125 0.002959494 0.9997173
-0.8481306 -0.1067962 0.5189114
0.1173158 0.01490683 0.9929828
-0.1153928 -0.0148335 0.9932092
-0.9158327 -0.1182677 0.3837489
0.3388114 0.04389174 0.9398299
0.9370784 0.1214226 0.3273235
-0.8494176 -0.1111478 0.5158836
-0.4969984 -0.06540848 0.8652828
-0.9086393 -0.1198698 0.4000074
-0.8195947 -0.1089311 0.5624932
0.9811055 0.1305934 0.1427492
0.7387314 0.1000105 0.6665387
-0.6402832 -0.08675529 0.763224
-0.5195875 -0.07147504 0.8514224
-0.7352441 -0.1020532 0.6700755
0.5493192 0.07646607 0.8321066
-0.7004178 -0.09782601 0.7069972
0.9659238 0.1351935 0.2207123
0.6734607 0.09442542 0.7331675
0.8855941 0.1247496 0.4473932
0.3052817 0.04325473 0.9512792
-0.9897541 -0.1406808 0.02440702
0.5051808 0.07220496 0.8599877
0.9867072 0.1423303 0.07842829
0.2511976 0.03639929 0.9672512
-0.8924868 -0.1312959 0.4315422
-0.8813355 -0.1308223 0.4540191
0.1293947 0.01920793 0.9914071
-0.793124 -0.1201294 0.5970956
0.4909871 0.07492319 0.8679391
-0.768928 -0.1177337 0.6284016
-0.72493 -0.1110292 0.6798154
-0.9125032 -0.1398816 0.38441
-0.1344776 -0.02063467 0.9907017
-0.4420329 -0.06789066 0.8944259
0.8549632 0.1314217 0.5017632
-0.374499 -0.05772265 0.9254289
0.4051223 0.06257555 0.9121186
-0.8281089 -0.1282442 0.5457006
0.7411615 0.1155266 0.6613117
-0.1555167 -0.02426399 0.9875352
0.8155589 0.1283183 0.5642679
0.5694946 0.09042385 0.8170064
-0.9648396 -0.1533181 0.2134903
-0.107241 -0.01708438 0.9940863
0.9873406 0.1574218 0.01941376
0.6809901 0.1086626 0.7241857
-0.1934234 -0.03096628 0.9806266
-0.4477519 -0.07176375 0.8912733
-0.9760796 -0.1573449 0.1500369
-0.3280151 -0.0530725 0.9431805
-0.1870481 -0.03034072 0.9818821
0.7973076 0.1294284 0.5895329
0.9265978 0.1507413 0.3445194
-0.6249639 -0.1024846 0.7738972
-0.2553653 -0.042227 0.9659221
-0.3074975 -0.05088849 0.9501871
0.7911815 0.131728 0.5972266
0.6776251 0.1131365 0.7266529
0.412021 0.06901196 0.9085571
-0.7379999 -0.1239716 0.6633154
-0.9544307 -0.1604154 0.2516525
-0.9799033 -0.1649281 0.1121976
-0.9472851 -0.160768 0.2771366
-0.7897769 -0.134181 0.5985382
0.9721136 0.1665217 0.1651233
-0.7955447 -0.1363287 0.5903584
-0.47109 -0.08084867 0.8783721
-0.9448678 -0.1622818 0.2844107
-0.9832268 -0.1690691 0.06841548
0.5892426 0.1016333 0.8015384
0.8751255 0.1512697 0.4596441
-0.6616814 -0.1145557 0.7409823
0.2823246 0.04889162 0.9580722
0.9314357 0.1627799 0.3254693
-0.2601523 -0.04550787 0.9644946
-0.004292256 -0.000760777 0.9999905
0.7660576 0.1365934 0.6280908
0.9179946 0.1645322 0.3608533
-0.1923874 -0.03456742 0.98071
0.9616042 0.1746183 0.2117213
0.01077136 0.00195759 0.9999401
-0.9146743 -0.1663163 0.3683882
0.4944355 0.09002928 0.8645393
-0.9777296 -0.1786095 0.1101971
0.9816872 0.1797188 0.0631777
0.9431268 0.1726778 0.2840673
-0.05154662 -0.009460635 0.9986258
0.6402068 0.1175261 0.7591593
0.9519761 0.1756517 0.2507749
0.3376289 0.06244832 0.9392055
0.8761606 0.1625542 0.4537827
-0.4211515 -0.078191 0.9036136
-0.9708503 -0.1803323 0.1578924
0.70351 0.1308941 0.6985272
-0.2965311 -0.0554144 0.9534141
0.8350632 0.1563758 0.5274618
0.9827325 0.1850267 0.001358243
0.3057744 0.05782682 0.9503463
0.6497278 0.1230683 0.7501386
-0.9741777 -0.1845801 0.1300306
-0.7459852 -0.1416754 0.6507182
-0.9149859 -0.1753967 0.3633687
0.06445495 0.01236494 0.997844
0.3117592 0.06017648 0.9482536
-0.8767406 -0.1696301 0.4500572
0.5899393 0.1141749 0.7993345
0.2974876 0.05762387 0.9529851
-0.9803541 -0.190082 0.0526758
-0.1212441 -0.02357781 0.9923427
-0.2001708 -0.03899078 0.9789849
-0.5499008 -0.1076994 0.8282571
-0.2702433 -0.05339934 0.9613101
0.6516151 0.1287936 0.7475359
0.6630043 0.1317052 0.7369389
0.8695664 0.1729961 0.4625219
0.3645293 0.07283257 0.9283392
-0.1005574 -0.02018399 0.9947265
-0.7645746 -0.1535621 0.6259747
0.7468331 0.1502935 0.6478057
0.7322587 0.1475669 0.6648468
-0.9560659 -0.1933793 0.2203236
0.7446432 0.1506842 0.6502314
-0.9783916 -0.1987767 0.0569009
-0.1328361 -0.02706892 0.9907683
-0.9704071 -0.1978103 0.1384962
-0.6941713 -0.1417672 0.7057112
-0.8617019 -0.1781053 0.4751299
-0.9767483 -0.203147 0.06851252
-0.9594676 -0.1997573 0.1987938
0.7415454 0.1547095 0.6528211
-0.8055686 -0.1680948 0.5681579
0.9353009 0.1954216 0.2949959
-0.2892905 -0.06058892 0.955322
0.6582193 0.1386388 0.7399504
0.4500656 0.09494174 0.8879341
0.8880315 0.1876245 0.4197584
-0.06363529 -0.01344722 0.9978826
0.9451211 0.2013554 0.2572977
0.8561583 0.1825791 0.4833816
-0.7246972 -0.1548154 0.6714507
-0.9776847 -0.2100298 0.004480021
-0.4332145 -0.09371182 0.8964058
-0.190985 -0.04161186 0.9807106
0.2105313 0.04592444 0.9765078
-0.1795859 -0.03926926 0.9829582
-0.9201159 -0.2032195 0.3347961
-0.8881419 -0.196862 0.4152701
0.9483119 0.2120594 0.2360836
-0.07399336 -0.01672849 0.9971184
0.5351269 0.1214496 0.8359959
-0.3993612 -0.09065681 0.9123003
0.9653291 0.2201813 0.1402137
-0.5412979 -0.1242013 0.8316072
-0.9462557 -0.2208272 0.2362952
0.6689188 0.1564893 0.7266765
-0.768428 -0.1800443 0.6140867
0.7095225 0.1664349 0.6847461
0.5930235 0.139138 0.7930723
-0.9374471 -0.2219306 0.2682156
-0.9053041 -0.2182902 0.3643815
0.5598312 0.1351274 0.8175142
-0.9061839 -0.218806 0.3618766
-0.8190577 -0.1979875 0.5384658
0.4353814 0.1053735 0.8940579
-0.6794951 -0.1656206 0.7147421
0.1528381 0.03735921 0.9875448
0.6390904 0.1565304 0.753035
-0.1059525 -0.02596524 0.9940321
0.5354383 0.1316008 0.8342584
0.3083562 0.07604305 0.9482267
0.803142 0.1981676 0.5618652
-0.9700164 -0.2403785 0.03586635
0.6545972 0.1634627 0.7380938
-0.9203439 -0.2306562 0.3158557
0.6615816 0.1658304 0.731307
-0.944313 -0.2384694 0.2267272
-0.9558926 -0.2415495 0.1671024
-0.1841848 -0.04676536 0.9817784
-0.8466386 -0.215776 0.4864604
-0.9183227 -0.2352041 0.3183748
0.9621697 0.2467855 0.11544
0.9662151 0.248792 0.06731125
0.8308686 0.2145086 0.5134622
0.05811217 0.01506081 0.9981964
0.9221126 0.2397887 0.3036604
-0.1859855 -0.04841556 0.9813589
0.6649266 0.1733926 0.7265037
-0.9179599 -0.2403968 0.3155299
0.9445276 0.2475238 0.2158695
-0.9593501 -0.2516792 0.1276907
-0.5993416 -0.1572748 0.7848912
-0.3976534 -0.1049981 0.9115082
-0.6536362 -0.1726031 0.7368636
0.6829575 0.1809827 0.7076823
-0.2680516 -0.07107311 0.9607794
0.9568852 0.254313 0.1403409
0.9247756 0.2459184 0.2903692
-0.3574057 -0.09524798 0.9290797
-0.1866002 -0.04997636 0.981164
0.7542102 0.2034837 0.6243087
0.9591782 0.2597946 0.1117313
-0.9515913 -0.2580589 0.1669719
0.7867614 0.2134948 0.5791602
0.6508936 0.1771383 0.7382138
0.5942727 0.1624281 0.7876909
-0.9583022 -0.2624376 0.1130639
0.8956604 0.2454849 0.3708499
0.8774862 0.2412112 0.4145301
0.05057253 0.01392249 0.9986234
0.1199076 0.03305944 0.9922345
0.7787783 0.2148054 0.5893751
0.9498762 0.262565 0.1696899
0.7042615 0.1948287 0.682684
0.6734483 0.1888614 0.7147019
0.6336755 0.1778787 0.7528709
0.8609485 0.2432063 0.4467867
0.7114113 0.2010704 0.6733978
0.9513777 0.2693833 0.1493758
0.9466653 0.2682642 0.178491
-0.4758749 -0.1350486 0.8690828
0.2428279 0.06901867 0.967611
-0.1185011 -0.03369216 0.9923822
0.7063401 0.2008552 0.6787789
0.4795241 0.1365051 0.8668466
0.9169876 0.261227 0.3014867
-0.1090535 -0.03120645 0.9935459
0.1204394 0.03455202 0.9921192
-0.6232955 -0.1793079 0.7611514
-0.6683186 -0.1927937 0.7184572
0.4106823 0.1190854 0.9039683
-0.08205909 -0.02383534 0.9963424
0.6709039 0.1954319 0.7153282
-0.6618304 -0.1929037 0.7244092
0.8763646 0.2557439 0.4081423
-0.8322942 -0.2429187 0.4982739
0.007699387 0.00224848 0.9999678
-0.6501095 -0.1901081 0.7356742
0.4329561 0.1272365 0.89239
-0.2688347 -0.07967159 0.9598856
-0.3697181 -0.1096409 0.9226524
-0.958357 -0.2845887 0.02368744
0.8365672 0.2486937 0.4881668
-0.5338142 -0.1587197 0.8305724
-0.3435876 -0.1029027 0.9334659
-0.2025862 -0.06074588 0.9773785
-0.9459874 -0.2846987 0.1550951
-0.5772908 -0.1741755 0.7977457
0.4097489 0.1244787 0.9036653
0.03989573 0.01213232 0.9991302
-0.7895758 -0.2414277 0.5641654
-0.3261084 -0.1004283 0.9399827
-0.03794685 -0.01169448 0.9992113
-0.9461662 -0.2916642 0.1403618
-0.9547391 -0.294428 0.04225394
0.1393006 0.04301085 0.9893156
-0.5057174 -0.1563912 0.8484054
0.2267869 0.07017381 0.9714131
0.9185396 0.2846393 0.2743454
0.5247683 0.1627944 0.8355335
0.3717569 0.1154197 0.9211271
0.7231726 0.2250334 0.6529788
0.4108579 0.1284059 0.9026116
-0.9240798 -0.2894981 0.2495343
0.4456636 0.1406551 0.8840815
0.8201228 0.25888 0.5102742
-0.8317469 -0.2626959 0.4890685
0.694058 0.2194466 0.6856578
0.691977 0.2199211 0.6876063
0.9528211 0.3031032 0.01613843
-0.904373 -0.2885959 0.3143595
0.5234855 0.1671161 0.835485
0.9309022 0.2972911 0.212224
-0.5072631 -0.1622377 0.8463823
0.81141 0.2601647 0.5233815
0.2563722 0.08225725 0.9630716
0.7066201 0.2272888 0.6700954
0.948891 0.3077633 0.06991078
-0.8430685 -0.2735369 0.4630475
0.7108933 0.2320313 0.6639218
0.9423881 0.3079249 0.1307167
0.8275571 0.2709242 0.49168
0.7930408 0.2597936 0.5509933
0.6254233 0.2052054 0.7528189
0.4712475 0.1547993 0.8683104
-0.8486986 -0.2790993 0.4492374
0.9096002 0.2991686 0.2883152
-0.6282618 -0.2069867 0.7499624
0.9364936 0.3095557 0.1647877
0.9453375 0.3125543 0.0929883
0.4289113 0.1425541 0.8920277
0.4382227 0.1460727 0.8869181
0.09153979 0.03053865 0.995333
0.5336396 0.1782198 0.8267204
0.2494957 0.08333869 0.9647831
0.895175 0.3002683 0.3293945
-0.06351634 -0.02134039 0.9977526
0.7190575 0.2420156 0.6514482
-0.94756 -0.3190323 0.01866867
0.03186044 0.01073967 0.9994346
0.881542 0.297626 0.366473
0.7385783 0.2497822 0.6261876
0.9254084 0.3129695 0.213704
0.5185176 0.1754881 0.8368653
0.02292604 0.00779084 0.9997068
-0.9239333 -0.3171126 0.2139787
0.5933391 0.2041026 0.7786468
-0.8150437 -0.280369 0.5070473
0.8125795 0.2798476 0.5112728
-0.8452317 -0.2915414 0.4478693
0.5981559 0.2070668 0.774166
0.6497319 0.2251331 0.7260603
-0.5494898 -0.1907618 0.8134316
-0.2026961 -0.07042126 0.9767063
-0.9159589 -0.318844 0.2436345
0.2242452 0.07826085 0.9713852
0.8847384 0.309706 0.3483105
0.9223477 0.3228929 0.2121671
-0.3125466 -0.1096679 0.9435505
-0.5050741 -0.1773909 0.8446494
0.8382833 0.2945655 0.4588162
-0.9431974 -0.3317345 0.01818786
0.1020986 0.03594207 0.9941248
-0.04400546 -0.01550285 0.998911
-0.9191242 -0.3241179 0.2239604
-0.8265325 -0.2915622 0.481493
0.9137928 0.3227196 0.2466468
0.7293685 0.2578144 0.6336824
-0.9353166 -0.3307888 0.1255458
0.868425 0.3073947 0.3890328
-0.6665171 -0.2360089 0.7071456
-0.8480041 -0.3007674 0.4363806
0.1774834 0.06302017 0.9821039
0.2784659 0.09890883 0.9553396
0.4302278 0.1530867 0.8896452
0.4159016 0.1484409 0.897213
0.6601707 0.2359928 0.7130793
-0.8808525 -0.3155284 0.3529034
-0.7819718 -0.2807511 0.5565061
-0.4655331 -0.1675273 0.8690302
-0.9121328 -0.3282578 0.2454803
0.9173043 0.3318822 0.2200157
0.9182497 0.3332691 0.2138907
-0.6284504 -0.2284713 0.7435395
0.44641 0.1625836 0.8799345
-0.209227 -0.07621739 0.9748923
-0.3930434 -0.1433062 0.9082842
0.5839233 0.2136675 0.7831857
-0.9384501 -0.3438176 0.03317907
0.5909079 0.2171043 0.7769772
0.8501621 0.3124643 0.4237812
-0.9309372 -0.3426138 0.1263791
0.9285405 0.3423793 0.1434885
0.764558 0.2833952 0.5789113
-0.9245439 -0.3427273 0.1666028
0.02228142 0.008271911 0.9997175
-0.3535154 -0.1315745 0.926129
0.9365129 0.3492812 0.03075964
0.8360464 0.3121335 0.4512196
0.5508146 0.2057 0.8088825
0.9127967 0.3412234 0.2244301
-0.8811687 -0.3294738 0.3391
-0.6511049 -0.2437615 0.7187787
-0.6482778 -0.2427184 0.7216811
-0.1212917 -0.04546197 0.9915753
-0.9358851 -0.3511838 0.02808813
0.6192209 0.2326219 0.7499683
0.2027988 0.07635023 0.9762394
-0.5651415 -0.2130872 0.797
-0.3910887 -0.1475583 0.9084471
-0.9200101 -0.3472761 0.1816057
-0.8712807 -0.3301998 0.363095
0.9317439 0.3532484 0.08407727
-0.2336241 -0.08861681 0.9682804
-0.8775203 -0.3332407 0.3448315
0.2359527 0.08963558 0.9676217
-0.6475182 -0.2464498 0.7210983
-0.8191294 -0.3129103 0.4807433
-0.3123424 -0.1194431 0.9424307
-0.3295318 -0.1260542 0.9356918
0.8249903 0.3163588 0.4683034
0.5479625 0.2106505 0.8095453
0.5109536 0.1965314 0.8368404
-0.9326471 -0.3592237 0.03358034
0.2407072 0.09276641 0.9661545
0.8330001 0.3221025 0.4498452
0.9290744 0.3594901 0.08710704
-0.8030729 -0.3108238 0.5083921
0.2545796 0.09856868 0.9620153
0.06199207 0.02409461 0.9977857
0.2858827 0.1112062 0.95179
0.8311403 0.323736 0.4521071
0.3037582 0.1183724 0.9453671
0.9151244 0.3567699 0.1877832
0.9057221 0.3543659 0.2325775
0.4871082 0.1907792 0.8522493
-0.3136857 -0.1229678 0.9415308
0.752813 0.2951712 0.5883422
0.9138215 0.3583015 0.1911816
-0.09896088 -0.03888008 0.9943315
0.1124617 0.04423621 0.9926709
0.9027048 0.3553594 0.2425774
-0.237217 -0.09347965 0.9669486
0.6945549 0.2737144 0.6653374
-0.8508938 -0.3359008 0.4039189
-0.5735765 -0.2272116 0.7870101
-0.8621558 -0.3417097 0.3740613
-0.8360344 -0.3316071 0.4371306
0.2310144 0.09197804 0.968593
0.4498436 0.1794214 0.8748993
-0.2585692 -0.1031742 0.9604671
-0.5808668 -0.2319331 0.7802569
-0.8980843 -0.3589568 0.2541545
-0.2673911 -0.1068913 0.957641
0.8583519 0.3439417 0.3807046
-0.7334861 -0.2939946 0.6128339
0.8354134 0.3354754 0.4353628
0.9268614 0.3749766 0.01789994
0.1316825 0.05335344 0.9898551
-0.9254643 -0.3756426 0.04907582
-0.3203 -0.1303001 0.9383122
-0.895889 -0.3665989 0.2509742
0.0389345 0.01594073 0.9991146
0.5488193 0.2254898 0.8049545
-0.568236 -0.2334954 0.7890423
0.9101281 0.3740869 0.1781177
0.6968557 0.2867759 0.6573825
-0.4806047 -0.1979702 0.8542991
-0.1497729 -0.06169867 0.9867935
0.8897249 0.3670525 0.2714076
-0.3273411 -0.1353167 0.9351669
0.4069232 0.16898 0.8976967
0.883177 0.3669553 0.2921337
-0.4261225 -0.177176 0.8871462
-0.9198252 -0.3831066 0.08456291
-0.6915123 -0.2883377 0.6623233
-0.7655085 -0.3193994 0.5585524
0.2011137 0.08396629 0.9759626
0.04267949 0.01785133 0.9989293
0.2743316 0.1148142 0.9547564
-0.9211739 -0.3859574 0.04975544
-0.9201784 -0.385741 0.06690071
-0.2257475 -0.09479532 0.9695627
0.3980854 0.1675161 0.9019237
0.8353831 0.3522161 0.4219941
0.8426321 0.3556885 0.4042979
-0.5663996 -0.2391733 0.7886619
0.1775812 0.07500259 0.9812438
-0.3825427 -0.1618616 0.9096493
0.6343669 0.2687273 0.7248201
-0.077677 -0.03295856 0.9964337
-0.5187048 -0.2212203 0.8258371
0.9125403 0.389263 0.1254769
0.8708691 0.3719706 0.3212863
-0.8755839 -0.3746885 0.3048957
0.4375501 0.1873137 0.8794677
-0.7580473 -0.325085 0.5654061
-0.8192799 -0.3528305 0.4519858
0.1383633 0.05984969 0.9885715
-0.9170476 -0.3966841 0.04080989
0.8916283 0.3860433 0.2365787
-0.2491082 -0.1079572 0.9624398
-0.6921996 -0.300207 0.6563044
0.8341728 0.3620957 0.4159837
0.1157591 0.05030743 0.9920025
-0.7849882 -0.3413981 0.5169535
0.09183696 0.04004578 0.9949685
0.3983037 0.1740853 0.9005823
0.3147255 0.1376562 0.9391478
0.9126491 0.3993166 0.08727996
-0.796492 -0.3488913 0.4938374
-0.9132904 -0.4009824 0.0715097
-0.7807672 -0.3449857 0.5209486
0.2316981 0.1023957 0.9673836
-0.3847091 -0.1702716 0.9071971
-0.6660881 -0.2952684 0.6849403
-0.1162853 -0.05164274 0.9918724
-0.5928083 -0.2637187 0.7609407
-0.2245092 -0.09994955 0.9693326
0.0128244 0.005710383 0.9999015
-0.144979 -0.06488466 0.987305
0.6634683 0.2980039 0.6862969
0.3799363 0.1706604 0.9091333
-0.1075478 -0.04838904 0.9930217
-0.2324607 -0.1048848 0.9669339
-0.03674969 -0.01659294 0.9991868
0.885348 0.4003352 0.2364122
-0.474354 -0.2145661 0.8537855
0.6532377 0.2958997 0.6969389
0.8173952 0.3707547 0.4409151
0.2345964 0.1066124 0.9662289
0.8999066 0.4091356 0.1509181
-0.9093814 -0.4136744 0.04357761
0.5843427 0.2661012 0.7666379
-0.5042093 -0.2320485 0.8318211
0.726344 0.3344615 0.6004664
-0.4469723 -0.2062734 0.8704407
-0.8495518 -0.392724 0.3521783
-0.8493401 -0.3932863 0.3520616
-0.8873928 -0.4109077 0.2090188
-0.6366153 -0.2947897 0.712615
0.5361356 0.248276 0.8067947
-0.852289 -0.3952752 0.3425798
0.5306125 0.2461524 0.8110853
-0.612269 -0.2840824 0.7378508
-0.4599437 -0.2134241 0.8619176
-0.9061015 -0.4217095 0.03378193
-0.6543788 -0.3055695 0.691676
0.6124669 0.2862901 0.7368326
0.7913236 0.3707325 0.4861732
0.9046763 0.4246262 0.03540311
0.2543915 0.1195249 0.9596868
-0.8861041 -0.4170529 0.2022038
0.7356895 0.3466986 0.58186
-0.0001607835 -7.586893e-05 1
-0.01810499 -0.008569176 0.9997994
-0.8364612 -0.398176 0.3765483
-0.8399374 -0.399983 0.366768
-0.1604085 -0.07649206 0.9840823
0.1062919 0.05095441 0.9930285
-0.8926911 -0.4281454 0.1406918
-0.8049049 -0.3862539 0.4504843
0.9006124 0.4335905 0.0299448
-0.3748723 -0.1805277 0.9093297
-0.797501 -0.387399 0.4625086
0.844965 0.4114234 0.3417089
0.8536834 0.4161296 0.3131467
0.8451062 0.4123451 0.3402456
-0.8873166 -0.4332771 0.1579249
-0.5673177 -0.2774026 0.7753699
0.1346204 0.06583681 0.9887077
-0.4190011 -0.204963 0.8845497
-0.5502751 -0.2694314 0.790319
-0.5871943 -0.2884017 0.7563248
-0.8021564 -0.394647 0.4481057
0.7284839 0.3584135 0.5838244
-0.8024715 -0.3952122 0.4470423
-0.2710688 -0.1338327 0.9532107
0.8171564 0.4037097 0.4114291
0.8928879 0.4420089 0.08590362
0.780426 0.3866921 0.4913292
-0.8687897 -0.4333449 0.239618
-0.2354841 -0.1175583 0.9647421
-0.0482908 -0.02412324 0.998542
0.8939905 0.4466911 0.03532831
0.7963487 0.398069 0.4553788
0.5554463 0.2778121 0.7837728
-0.8506627 -0.4254858 0.3087633
0.4662028 0.233204 0.8533879
0.5642654 0.2823151 0.775824
-0.8805135 -0.4410299 0.1737488
0.6254066 0.3132544 0.7146596
0.6870604 0.3449662 0.6394892
0.176749 0.08935547 0.9801915
0.89206 0.451195 0.02553296
0.6341566 0.3212414 0.7033132
-0.8019996 -0.4064409 0.4377243
0.8141659 0.4127681 0.4083582
-0.7620258 -0.3867765 0.5193462
-0.6237057 -0.3178215 0.7141293
-0.6385875 -0.3257752 0.6971918
-0.8887819 -0.4544917 0.05919514
0.8622339 0.4415723 0.2481261
0.8869051 0.4548708 0.08057214
-0.8740404 -0.4490437 0.1855079
0.3368829 0.1731516 0.9254882
-0.8386826 -0.4311284 0.3327759
-0.1944108 -0.1000206 0.9758075
-0.8839864 -0.4557101 0.104386
-0.4593898 -0.2373302 0.8559412
0.854534 0.4415744 0.2734661
0.5910986 0.3057376 0.7464094
-0.1163789 -0.06021939 0.9913776
0.5130512 0.2657139 0.8161952
-0.1235525 -0.06420248 0.990259
0.4089486 0.2125793 0.887452
-0.7407641 -0.3855262 0.5501254
0.7310669 0.3805898 0.5662973
0.8640693 0.4517998 0.2219485
0.8428254 0.4407681 0.3088184
-0.8757674 -0.4612024 0.1425613
-0.5171441 -0.2733354 0.8110793
0.8801724 0.4654304 0.09311839
-0.7371147 -0.3901828 0.5517421
0.5944163 0.3153962 0.739726
-0.1992771 -0.1057767 0.9742176
0.2049926 0.1094306 0.9726269
0.6649703 0.3554864 0.6568439
-0.7696453 -0.4121048 0.4876635
-0.7583583 -0.4060958 0.5098813
-0.1953713 -0.1047149 0.975123
-0.8801926 -0.4724695 0.04509556
-0.374001 -0.2008211 0.9054248
-0.02627211 -0.01413674 0.9995549
-0.7515904 -0.4059716 0.5199028
-0.7031291 -0.3798997 0.6010705
-0.7653448 -0.4137202 0.4930344
-0.08694056 -0.04704542 0.995102
-0.1132712 -0.06155368 0.9916556
-0.8774016 -0.4784048 0.03598786
-0.8628476 -0.4706879 0.1842468
-0.04037596 -0.02207876 0.9989406
-0.7152806 -0.39246 0.578229
-0.3152905 -0.1730542 0.9330831
-0.3979032 -0.2189209 0.8909246
-0.09564935 -0.05262925 0.9940228
-0.4483368 -0.2469749 0.8590679
0.7107456 0.3916992 0.5843051
-0.4042514 -0.2228458 0.8870854
-0.8577142 -0.4742311 0.198573
-0.8689402 -0.4806567 0.1179498
-0.5233809 -0.2899847 0.8012373
-0.6941468 -0.3846826 0.6084238
0.6374242 0.3534249 0.684676
0.8701093 0.4840241 0.09290032
0.872728 0.4873742 0.02850066
-0.6284227 -0.3520116 0.6936662
-0.6515093 -0.3654614 0.664811
-0.5225642 -0.2935663 0.8004658
-0.8237193 -0.4635709 0.3264791
0.2592105 0.1463067 0.954675
-0.801998 -0.4530511 0.3892864
-0.3493639 -0.197455 0.9159456
0.3299131 0.1864827 0.9254088
-0.6770475 -0.3834143 0.6281721
0.07362318 0.04176275 0.9964113
-0.05807782 -0.0330923 0.9977635
-0.5971044 -0.3405402 0.7262911
0.5438521 0.3105565 0.7796022
0.3439978 0.1965793 0.9181623
0.4775443 0.2731701 0.8350626
-0.4653311 -0.2662828 0.844133
-0.38245 -0.2191421 0.8976128
-0.4683937 -0.2688711 0.8416149
0.02018778 0.01158864 0.999729
-0.5749302 -0.3302428 0.7485954
0.8663821 0.4991385 0.01558017
0.0498355 0.02879341 0.9983423
0.8650374 0.4999024 0.04252043
0.8302208 0.4801343 0.2832038
0.07783686 0.04503245 0.9959486
0.5235909 0.3030479 0.7962503
-0.3251519 -0.1882806 0.926729
0.4797127 0.2778463 0.8322723
0.8489274 0.4918822 0.1933242
-0.3396373 -0.1969374 0.9197077
        </DataArray>
        <DataArray type="Float32" Name="domain" format="ascii">
1.0
1.0
1.0
1.0
1.0
1.0
1.0
1.0
1.0
1.0
1.0
1.0
1.0
1.0
1.0
1.0
1.0
1.0
1.0
1.0
1.0
1.0
1.0
1.0
1.0
1.0
1.0
1.0
1.0
1.0
1.0
1.0
1.0
1.0
1.0
1.0
1.0
1.0
1.0
1.0
1.0
1.0
1.0
1.0
1.0
1.0
1.0
1.0
1.0
1.0
1.0
1.0
1.0
1.0
1.0
1.0
1.0
1.0
1.0
1.0
1.0
1.0
1.0
1.0
1.0
1.0
1.0
1.0
1.0
1.0
1.0
1.0
1.0
1.0
1.0
1.0
1.0
1.0
1.0
1.0
1.0
1.0
1.0
1.0
1.0
1.0
1.0
1.0
1.0
1.0
1.0
1.0
1.0
1.0
1.0
1.0
1.0
1.0
1.0
1.0
1.0
1.0
1.0
1.0
1.0
1.0
1.0
1.0
1.0
1.0
1.0
1.0
1.0
1.0
1.0
1.0
1.0
1.0
1.0
1.0
1.0
1.0
1.0
1.0
1.0
1.0
1.0
1.0
1.0
1.0
1.0
1.0
1.0
1.0
1.0
1.0
1.0
1.0
1.0
1.0
1.0
1.0
1.0
1.0
1.0
1.0
1.0
1.0
1.0
1.0
1.0
1.0
1.0
1.0
1.0
1.0
1.0
1.0
1.0
1.0
1.0
1.0
1.0
1.0
1.0
1.0
1.0
1.0
1.0
1.0
1.0
1.0
1.0
1.0
1.0
1.0
1.0
1.0
1.0
1.0
1.0
1.0
1.0
1.0
1.0
1.0
1.0
1.0
1.0
1.0
1.0
1.0
1.0
1.0
1.0
1.0
1.0
1.0
1.0
1.0
1.0
1.0
1.0
1.0
1.0
1.0
1.0
1.0
1.0
1.0
1.0
1.0
1.0
1.0
1.0
1.0
1.0
1.0
1.0
1.0
1.0
1.0
1.0
1.0
1.0
1.0
1.0
1.0
1.0
1.0
1.0
1.0
1.0
1.0
1.0
1.0
1.0
1.0
1.0
1.0
1.0
1.0
1.0
1.0
1.0
1.0
1.0
1.0
1.0
1.0
1.0
1.0
1.0
1.0
1.0
1.0
1.0
1.0
1.0
1.0
1.0
1.0
1.0
1.0
1.0
1.0
1.0
1.0
1.0
1.0
1.0
1.0
1.0
1.0
1.0
1.0
1.0
1.0
1.0
1.0
1.0
1.0
1.0
1.0
1.0
1.0
1.0
1.0
1.0
1.0
1.0
1.0
1.0
1.0
1.0
1.0
1.0
1.0
1.0
1.0
1.0
1.0
1.0
1.0
1.0
1.0
1.0
1.0
1.0
1.0
1.0
1.0
1.0
1.0
1.0
1.0
1.0
1.0
1.0
1.0
1.0
1.0
1.0
1.0
1.0
1.0
1.0
1.0
1.0
1.0
1.0
1.0
1.0
1.0
1.0
1.0
1.0
1.0
1.0
1.0
1.0
1.0
1.0
1.0
1.0
1.0
1.0
1.0
1.0
1.0
1.0
1.0
1.0
1.0
1.0
1.0
1.0
1.0
1.0
1.0
1.0
1.0
1.0
1.0
1.0
1.0
1.0
1.0
1.0
1.0
1.0
1.0
1.0
1.0
1.0
1.0
1.0
1.0
1.0
1.0
1.0
1.0
1.0
1.0
1.0
1.0
1.0
1.0
1.0
1.0
1.0
1.0
1.0
1.0
1.0
1.0
1.0
1.0
1.0
1.0
1.0
1.0
1.0
1.0
1.0
1.0
1.0
1.0
1.0
1.0
1.0
1.0
1.0
1.0
1.0
1.0
1.0
1.0
1.0
1.0
1.0
1.0
1.0
1.0
1.0
1.0
1.0
1.0
1.0
1.0
1.0
1.0
1.0
1.0
1.0
1.0
1.0
1.0
1.0
1.0
1.0
1.0
1.0
1.0
1.0
1.0
1.0
1.0
1.0
1.0
1.0
1.0
1.0
1.0
1.0
1.0
1.0
1.0
1.0
1.0
1.0
1.0
1.0
1.0
1.0
1.0
1.0
1.0
1.0
1.0
1.0
1.0
1.0
1.0
1.0
1.0
1.0
1.0
1.0
1.0
1.0
1.0
1.0
1.0
1.0
1.0
1.0
1.0
1.0
1.0
1.0
1.0
1.0
1.0
1.0
1.0
1.0
1.0
1.0
1.0
1.0
1.0
1.0
1.0
1.0
1.0
1.0
1.0
1.0
1.0
1.0
1.0
1.0
1.0
1.0
1.0
1.0
1.0
1.0
1.0
1.0
1.0
1.0
1.0
1.0
1.0
1.0
1.0
1.0
1.0
1.0
1.0
1.0
1.0
1.0
1.0
1.0
1.0
1.0
1.0
1.0
1.0
1.0
1.0
1.0
1.0
1.0
1.0
1.0
1.0
1.0
1.0
1.0
1.0
1.0
1.0
1.0
1.0
1.0
1.0
1.0
1.0
1.0
1.0
1.0
1.0
1.0
1.0
1.0
1.0
1.0
1.0
1.0
1.0
1.0
1.0
1.0
1.0
1.0
1.0
1.0
1.0
1.0
1.0
1.0
1.0
1.0
1.0
1.0
1.0
1.0
1.0
1.0
1.0
1.0
1.0
1.0
1.0
1.0
1.0
1.0
1.0
1.0
1.0
1.0
1.0
1.0
1.0
1.0
1.0
1.0
1.0
1.0
1.0
1.0
1.0
1.0
1.0
1.0
1.0
1.0
1.0
1.0
1.0
1.0
1.0
1.0
1.0
1.0
1.0
1.0
1.0
1.0
1.0
1.0
1.0
1.0
1.0
1.0
1.0
1.0
1.0
1.0
1.0
1.0
1.0
1.0
1.0
1.0
1.0
1.0
1.0
1.0
1.0
1.0
1.0
1.0
1.0
1.0
1.0
1.0
1.0
1.0
1.0
1.0
1.0
1.0
1.0
1.0
1.0
1.0
1.0
1.0
1.0
1.0
1.0
1.0
1.0
1.0
1.0
1.0
1.0
1.0
1.0
1.0
1.0
1.0
1.0
1.0
1.0
1.0
1.0
1.0
1.0
1.0
1.0
1.0
1.0
1.0
1.0
1.0
1.0
1.0
1.0
1.0
1.0
1.0
1.0
1.0
1.0
1.0
1.0
1.0
1.0
1.0
1.0
1.0
1.0
1.0
1.0
1.0
1.0
1.0
1.0
1.0
1.0
1.0
1.0
1.0
1.0
1.0
1.0
1.0
1.0
1.0
1.0
1.0
1.0
1.0
1.0
1.0
1.0
1.0
1.0
1.0
1.0
1.0
1.0
1.0
1.0
1.0
1.0
1.0
1.0
1.0
1.0
1.0
1.0
1.0
1.0
1.0
1.0
1.0
1.0
1.0
1.0
1.0
1.0
1.0
1.0
1.0
1.0
1.0
1.0
1.0
1.0
1.0
1.0
1.0
1.0
1.0
1.0
1.0
1.0
1.0
1.0
1.0
1.0
1.0
1.0
1.0
1.0
1.0
1.0
1.0
1.0
1.0
1.0
1.0
1.0
1.0
1.0
1.0
1.0
1.0
1.0
1.0
1.0
1.0
1.0
1.0
1.0
1.0
1.0
1.0
1.0
1.0
1.0
1.0
1.0
1.0
1.0
1.0
1.0
1.0
1.0
1.0
1.0
1.0
1.0
1.0
1.0
1.0
1.0
1.0
1.0
1.0
1.0
1.0
1.0
1.0
1.0
1.0
1.0
1.0
1.0
1.0
1.0
1.0
1.0
1.0
1.0
1.0
1.0
1.0
1.0
1.0
1.0
1.0
1.0
1.0
1.0
1.0
1.0
1.0
1.0
1.0
1.0
1.0
1.0
1.0
1.0
1.0
1.0
1.0
1.0
1.0
1.0
1.0
1.0
1.0
1.0
1.0
1.0
1.0
1.0
1.0
1.0
1.0
1.0
1.0
1.0
1.0
1.0
1.0
1.0
1.0
1.0
1.0
1.0
1.0
1.0
1.0
1.0
1.0
1.0
1.0
1.0
1.0
1.0
1.0
1.0
1.0
1.0
1.0
1.0
1.0
1.0
1.0
1.0
1.0
1.0
1.0
1.0
1.0
1.0
1.0
1.0
1.0
1.0
1.0
1.0
1.0
1.0
1.0
1.0
1.0
1.0
1.0
1.0
1.0
1.0
1.0
1.0
1.0
1.0
1.0
1.0
1.0
1.0
1.0
1.0
1.0
1.0
1.0
1.0
1.0
1.0
1.0
1.0
1.0
1.0
1.0
1.0
1.0
1.0
1.0
1.0
1.0
1.0
1.0
1.0
1.0
1.0
1.0
1.0
1.0
1.0
1.0
1.0
1.0
1.0
1.0
1.0
1.0
1.0
1.0
1.0
1.0
1.0
1.0
1.0
1.0
1.0
1.0
1.0
1.0
1.0
1.0
1.0
1.0
1.0
1.0
1.0
1.0
1.0
1.0
1.0
1.0
1.0
1.0
1.0
1.0
1.0
1.0
1.0
1.0
1.0
1.0
1.0
1.0
1.0
1.0
1.0
1.0
1.0
1.0
1.0
1.0
1.0
1.0
1.0
1.0
1.0
1.0
1.0
1.0
1.0
1.0
1.0
1.0
1.0
1.0
1.0
1.0
1.0
1.0
1.0
1.0
1.0
1.0
1.0
1.0
1.0
1.0
1.0
1.0
1.0
1.0
1.0
1.0
1.0
1.0
1.0
1.0
1.0
1.0
1.0
1.0
1.0
1.0
1.0
1.0
1.0
1.0
1.0
1.0
1.0
1.0
1.0
1.0
1.0
1.0
1.0
1.0
1.0
1.0
1.0
1.0
1.0
1.0
1.0
1.0
1.0
1.0
1.0
1.0
1.0
1.0
1.0
1.0
1.0
1.0
1.0
1.0
1.0
1.0
1.0
1.0
1.0
1.0
1.0
1.0
1.0
1.0
1.0
1.0
1.0
1.0
1.0
1.0
1.0
1.0
1.0
1.0
1.0
1.0
1.0
1.0
1.0
1.0
1.0
1.0
1.0
1.0
1.0
1.0
1.0
1.0
1.0
1.0
1.0
1.0
1.0
1.0
1.0
1.0
1.0
1.0
1.0
1.0
1.0
1.0
1.0
1.0
1.0
1.0
1.0
1.0
1.0
1.0
1.0
1.0
1.0
1.0
1.0
1.0
1.0
1.0
1.0
1.0
1.0
1.0
1.0
1.0
1.0
1.0
1.0
1.0
1.0
1.0
1.0
1.0
1.0
1.0
1.0
1.0
1.0
1.0
1.0
1.0
1.0
1.0
1.0
1.0
1.0
1.0
1.0
1.0
1.0
1.0
1.0
1.0
1.0
1.0
1.0
1.0
1.0
1.0
1.0
1.0
1.0
1.0
1.0
1.0
1.0
1.0
1.0
1.0
1.0
1.0
1.0
1.0
1.0
1.0
1.0
1.0
1.0
1.0
1.0
1.0
1.0
1.0
1.0
1.0
1.0
1.0
1.0
1.0
1.0
1.0
1.0
1.0
1.0
1.0
1.0
1.0
1.0
1.0
1.0
1.0
1.0
1.0
1.0
1.0
1.0
1.0
1.0
1.0
1.0
1.0
1.0
1.0
1.0
1.0
1.0
1.0
1.0
1.0
1.0
1.0
1.0
1.0
1.0
1.0
1.0
1.0
1.0
1.0
1.0
1.0
1.0
1.0
1.0
1.0
1.0
1.0
1.0
1.0
1.0
1.0
1.0
1.0
1.0
1.0
1.0
1.0
1.0
1.0
1.0
1.0
1.0
1.0
1.0
1.0
1.0
1.0
1.0
1.0
1.0
1.0
1.0
1.0
1.0
1.0
1.0
1.0
1.0
1.0
1.0
1.0
1.0
1.0
1.0
1.0
1.0
1.0
1.0
1.0
1.0
1.0
1.0
1.0
1.0
1.0
1.0
1.0
1.0
1.0
1.0
1.0
1.0
1.0
1.0
1.0
1.0
1.0
1.0
1.0
1.0
1.0
1.0
1.0
1.0
1.0
1.0
1.0
1.0
1.0
1.0
1.0
1.0
1.0
1.0
1.0
1.0
1.0
1.0
1.0
1.0
1.0
1.0
1.0
1.0
1.0
1.0
1.0
1.0
1.0
1.0
1.0
1.0
1.0
1.0
1.0
1.0
1.0
1.0
1.0
1.0
1.0
1.0
1.0
1.0
1.0
1.0
1.0
1.0
1.0
1.0
1.0
1.0
1.0
1.0
1.0
1.0
1.0
1.0
1.0
1.0
1.0
1.0
1.0
1.0
1.0
1.0
1.0
1.0
1.0
1.0
1.0
1.0
1.0
1.0
1.0
1.0
1.0
1.0
1.0
1.0
1.0
1.0
1.0
1.0
1.0
1.0
1.0
1.0
1.0
1.0
1.0
1.0
1.0
1.0
1.0
1.0
1.0
1.0
1.0
1.0
1.0
1.0
1.0
1.0
1.0
1.0
1.0
1.0
1.0
1.0
1.0
1.0
1.0
1.0
1.0
1.0
1.0
1.0
1.0
1.0
1.0
1.0
1.0
1.0
1.0
1.0
1.0
1.0
1.0
1.0
1.0
1.0
1.0
1.0
1.0
1.0
1.0
1.0
1.0
1.0
1.0
1.0
1.0
1.0
1.0
1.0
1.0
1.0
1.0
1.0
1.0
1.0
1.0
1.0
1.0
1.0
1.0
1.0
1.0
1.0
1.0
1.0
1.0
1.0
1.0
1.0
1.0
1.0
1.0
1.0
1.0
1.0
1.0
1.0
1.0
1.0
1.0
1.0
1.0
1.0
1.0
1.0
1.0
1.0
1.0
1.0
1.0
1.0
1.0
1.0
1.0
1.0
1.0
1.0
1.0
1.0
1.0
1.0
1.0
1.0
1.0
1.0
1.0
1.0
1.0
1.0
1.0
1.0
1.0
1.0
1.0
1.0
1.0
1.0
1.0
1.0
1.0
1.0
1.0
1.0
1.0
1.0
1.0
1.0
1.0
1.0
1.0
1.0
1.0
1.0
1.0
1.0
1.0
1.0
1.0
1.0
1.0
1.0
1.0
1.0
1.0
1.0
1.0
1.0
1.0
1.0
1.0
1.0
1.0
1.0
1.0
1.0
1.0
1.0
1.0
1.0
1.0
1.0
1.0
1.0
1.0
1.0
1.0
1.0
1.0
1.0
1.0
1.0
1.0
1.0
1.0
1.0
1.0
1.0
1.0
1.0
1.0
1.0
1.0
1.0
1.0
1.0
1.0
1.0
1.0
1.0
1.0
1.0
1.0
1.0
1.0
1.0
1.0
1.0
1.0
1.0
1.0
1.0
1.0
1.0
1.0
1.0
1.0
1.0
1.0
1.0
1.0
1.0
1.0
1.0
1.0
1.0
1.0
1.0
1.0
1.0
1.0
1.0
1.0
1.0
1.0
1.0
1.0
1.0
1.0
1.0
1.0
1.0
1.0
1.0
1.0
        </DataArray>
      </PointData>
    </Piece>
  </PolyData>
</VTKFile>