<VTKFile type="PolyData" version="1.0" byte_order="LittleEndian" header_type="UInt64">
  <PolyData>
    <Piece NumberOfPoints="1495" NumberOfVerts="1495">
      <Points>
        <DataArray type="Float32" Name="Points" NumberOfComponents="3" format="ascii">
0.930802 0.500117 0.4320081
0.8959005 0.7002503 0.4599086
0.8051294 0.5001991 0.3708533
0.8364459 0.6699511 0.3831303
0.727511 0.6146858 0.3875425
0.8739951 0.6884638 0.4155065
0.6701401 0.5855739 0.4892126
0.7080294 0.6046185 0.403534
0.9262874 0.5010136 0.4251486
0.7228949 0.5005446 0.4135666
0.7154462 0.6079196 0.396785
0.6903699 0.5952845 0.4263367
0.9292593 0.5011075 0.4295579
0.9478676 0.5012792 0.4765606
0.7509057 0.6245005 0.3762757
0.7098081 0.6040782 0.4023316
0.7179099 0.6080944 0.3950763
0.6707123 0.5846118 0.4882684
0.8017949 0.649554 0.3710925
0.8761172 0.6860587 0.4164799
0.7764231 0.6367139 0.3705201
0.8893756 0.692489 0.4381725
0.7435959 0.5011405 0.39482
0.8540844 0.5017683 0.374549
0.7579175 0.5013357 0.3857801
0.7903025 0.5015628 0.3734366
0.7411402 0.6191056 0.3804424
0.8114249 0.5017376 0.3702828
0.9464906 0.50254 0.4700283
0.9185185 0.5025159 0.4151908
0.8327823 0.5021774 0.3706307
0.9207143 0.502874 0.4178132
0.6708898 0.5844004 0.4875686
0.7459483 0.6213625 0.3783119
0.9031673 0.6988828 0.4892336
0.8477106 0.5028913 0.3729903
0.8182865 0.6562552 0.3746816
0.706709 0.5018973 0.4362261
0.9365293 0.504072 0.4424109
0.8135877 0.5029305 0.3701576
0.6968262 0.5964906 0.4178998
0.8819343 0.5037892 0.3857118
0.89931 0.5039956 0.3970109
0.7350456 0.502461 0.4015879
0.8466651 0.6691968 0.387854
0.6716186 0.5837416 0.4842334
0.7205759 0.5024975 0.4162285
0.8717229 0.681289 0.4097566
0.8449583 0.5041201 0.3724231
0.9045781 0.5053108 0.4013053
0.7167817 0.6053374 0.3967429
0.7280598 0.6106406 0.3883075
0.7658232 0.5039549 0.3818134
0.7186521 0.5032634 0.4185534
0.7227662 0.5033317 0.4136842
0.692812 0.5029269 0.4730026
0.8372669 0.6635791 0.3821345
0.8913723 0.5061539 0.3913764
0.904636 0.6962217 0.4912257
0.8397952 0.6644882 0.3834149
0.9350916 0.5070039 0.4396599
0.683421 0.5887567 0.441777
0.7349328 0.6135218 0.384199
0.8266783 0.6577078 0.3772315
0.770059 0.5044505 0.3799602
0.8592902 0.5061126 0.3760961
0.8545104 0.6711023 0.3928696
0.9488366 0.5076744 0.4831408
0.8033026 0.6460771 0.3710702
0.7379978 0.6145258 0.382623
0.9023381 0.6934241 0.4696927
0.8556882 0.5062931 0.3750105
0.9254743 0.5075604 0.4240988
0.7034931 0.5977281 0.4104692
0.732149 0.6111414 0.3860745
0.8832632 0.5069502 0.3864668
0.8514898 0.5064223 0.3738862
0.9049461 0.6935318 0.4824956
0.7120073 0.5039163 0.4275749
0.8117927 0.648952 0.3725345
0.7668502 0.5050811 0.3813398
0.7849162 0.5054653 0.374809
0.8001358 0.6432849 0.3706105
0.8345332 0.5064665 0.370822
0.6715024 0.5818571 0.4969453
0.7543673 0.6213026 0.375736
0.7516817 0.6200156 0.3766906
0.9416096 0.5088212 0.454287
0.7928147 0.5060391 0.3728609
0.6762947 0.5840561 0.4632314
0.7908227 0.5062102 0.3733013
0.9487811 0.5096546 0.4830099
0.836605 0.6603966 0.3812353
0.6936308 0.5042098 0.4693016
0.7338777 0.6113669 0.3851793
0.6729629 0.5822539 0.4801453
0.737346 0.5052345 0.3996115
0.6854566 0.5880991 0.4387782
0.7771084 0.631065 0.3706986
0.8711953 0.6754001 0.4067223
0.7666073 0.5063915 0.3814361
0.7443996 0.6154786 0.3798721
0.7135313 0.5053219 0.4253104
0.7240708 0.6058205 0.3918917
0.6935717 0.5048611 0.4694825
0.9061197 0.6916546 0.4844855
0.7625601 0.5068067 0.3833347
0.9349576 0.5113759 0.4395804
0.8473319 0.5091722 0.3729318
0.7205997 0.6040949 0.3945829
0.6921227 0.5051344 0.4762318
0.7053074 0.5968646 0.409154
0.883672 0.6808773 0.4222282
0.7120658 0.5998874 0.4021489
0.6828493 0.5860875 0.4452287
0.9298317 0.512181 0.4307248
0.8064327 0.6442681 0.3713512
0.8729361 0.510942 0.3813377
0.7193871 0.6032743 0.3956421
0.7837399 0.6334311 0.3701602
0.6972997 0.5061029 0.4567823
0.9006547 0.688208 0.4569313
0.6896597 0.5889103 0.4315738
0.7409722 0.5077034 0.3966847
0.8205308 0.5102909 0.3700019
0.9015502 0.6882016 0.4593054
0.6949112 0.5063871 0.4642376
0.7578688 0.5085202 0.385732
0.8662108 0.6715873 0.4011371
0.8854487 0.5127657 0.3878004
0.7069551 0.5967527 0.4076992
0.703536 0.5944956 0.4119032
0.916115 0.5139348 0.4127246
0.7766734 0.6283224 0.3708702
0.743305 0.5083117 0.3949304
0.8209598 0.5109812 0.3700051
0.9092377 0.5140458 0.4056944
0.8346211 0.655031 0.3795029
0.7190789 0.6014677 0.3964255
0.8210624 0.5110955 0.3700061
0.6745737 0.5808194 0.4752698
0.8112234 0.5108461 0.370284
0.9325005 0.5152838 0.4353254
0.82758 0.6514208 0.376596
0.7023534 0.507274 0.4444121
0.8351659 0.5121496 0.3709137
0.8898044 0.5141758 0.3904952
0.8899977 0.6801431 0.4300752
0.7412205 0.5089982 0.3964616
0.715713 0.5080526 0.4221826
0.7853454 0.5107447 0.3746484
0.7605347 0.6201185 0.3742867
0.8147976 0.6449229 0.372741
0.7178683 0.5084062 0.4193638
0.8592261 0.6648878 0.3940012
0.6915445 0.5074769 0.4791043
0.6954781 0.5077337 0.4621536
0.6824101 0.5836459 0.4484121
0.6769911 0.5811283 0.4653643
0.7257863 0.5092955 0.4102237
0.8569995 0.6635852 0.3922246
0.8370967 0.6542815 0.3803046
0.889155 0.67783 0.4274329
0.7731792 0.5116121 0.3786293
0.8379135 0.5143685 0.371283
0.8007966 0.6370216 0.3704276
0.7818897 0.6281434 0.3704128
0.9190934 0.5184807 0.4163363
0.9357277 0.5193239 0.4416238
0.7417715 0.6095838 0.3820002
0.715382 0.5097148 0.4225349
0.6838373 0.5832431 0.4458694
0.9479576 0.520564 0.4798531
0.9086614 0.6850039 0.4808869
0.9155166 0.5191455 0.412295
0.6943474 0.5879567 0.4257013
0.9034485 0.6825634 0.4574285
0.947705 0.5210476 0.4784386
0.9490672 0.521141 0.4893697
0.9076884 0.6842799 0.4741422
0.9032052 0.6821526 0.4563169
0.9203925 0.5202939 0.4180073
0.7088016 0.5100818 0.4322581
0.9164708 0.5204155 0.4134168
0.8731873 0.5184813 0.3815844
0.8597615 0.6625047 0.3936477
0.8371572 0.5167642 0.3711933
0.6920354 0.50958 0.4757897
0.7115552 0.5953674 0.4042604
0.7017851 0.5908349 0.4154076
0.8035645 0.515499 0.3709933
0.8558501 0.6601169 0.3905923
0.6899276 0.5100043 0.4929573
0.948856 0.5237672 0.4884382
0.9493078 0.5242133 0.496767
0.7622007 0.51423 0.3833651
0.8522235 0.6584306 0.3881267
0.8924253 0.6763806 0.4311029
0.6922583 0.5106153 0.4743721
0.8569418 0.5197568 0.3755226
0.8982652 0.5222368 0.3966701
0.6983885 0.589069 0.4200832
0.7010264 0.5112835 0.4468918
0.7043926 0.5115305 0.439917
0.783095 0.5161399 0.3752132
0.9346347 0.5248054 0.4400315
0.9407107 0.5252108 0.4535838
0.6989386 0.5890954 0.4194297
0.9443716 0.5259182 0.4647399
0.8152331 0.6408314 0.372478
0.7193168 0.5129026 0.4173011
0.8795955 0.6685904 0.4116347
0.8605635 0.6600851 0.3934675
0.6913218 0.5114155 0.4792788
0.7172736 0.5130005 0.4198316
0.9047178 0.5245725 0.4020405
0.8874816 0.6717921 0.4218094
0.9485697 0.5276567 0.4877491
0.9045641 0.6792588 0.4564817
0.8471936 0.521771 0.3730238
0.8409091 0.6507144 0.381178
0.6998312 0.5882004 0.4188605
0.6978161 0.5125294 0.4545268
0.7021698 0.5890808 0.4158322
0.7188506 0.5139724 0.4177884
0.9030031 0.525813 0.4006385
0.8838742 0.6691208 0.4163086
0.751627 0.5161491 0.3891142
0.9044358 0.6776738 0.4544061
0.7661027 0.5175878 0.3814364
0.8209519 0.6409295 0.3736358
0.9079472 0.6788503 0.4658358
0.8906256 0.52655 0.3914463
0.884554 0.6683789 0.4166952
0.874297 0.6635778 0.4047567
0.8572782 0.5246182 0.3757162
0.6907913 0.5132159 0.4820266
0.7550988 0.6114311 0.3768444
0.6943812 0.5134963 0.4648252
0.8018732 0.6317002 0.3703368
0.7836742 0.6236559 0.3704284
0.8648704 0.6589463 0.3959909
0.8968982 0.5280713 0.3959174
0.7530067 0.5179123 0.3882129
0.9414401 0.5313206 0.4566232
0.8958132 0.6723391 0.4335012
0.7457814 0.6064756 0.380917
0.7442539 0.6054803 0.3817202
0.6942902 0.5140725 0.4650034
0.9171112 0.5306677 0.4148562
0.8757324 0.6622022 0.4054765
0.8680851 0.6584204 0.3981038
0.7346467 0.5177867 0.4013629
0.9026172 0.6728172 0.4457504
0.7168357 0.592388 0.40104
0.7282931 0.5967586 0.3917918
0.7879176 0.6219677 0.3702059
0.8596447 0.5278528 0.3765425
0.7279 0.5177006 0.4075686
0.8520406 0.6488136 0.3858468
0.9477133 0.5350706 0.484601
0.6945187 0.5822189 0.4288772
0.7884383 0.5228654 0.3736665
0.7447634 0.5194126 0.3934424
0.7117103 0.5894355 0.406359
0.921003 0.5335001 0.4198264
0.7477514 0.6045616 0.380459
0.9431443 0.5356454 0.4628394
0.677393 0.5747836 0.4745678
0.6858408 0.578202 0.4462673
0.7745341 0.5222698 0.377877
0.8161507 0.5259365 0.3700299
0.8262275 0.6372381 0.374503
0.692813 0.5158266 0.4702007
0.7562441 0.5211068 0.3862236
0.8441125 0.5285028 0.3724838
0.7253957 0.5945559 0.394224
0.6757458 0.5736985 0.4878084
0.8124586 0.6302092 0.3713236
0.9475542 0.5375417 0.4849515
0.6908719 0.579502 0.4361383
0.6895555 0.5161272 0.4920991
0.7291082 0.5195081 0.406252
0.8138775 0.6307017 0.3715481
0.6909111 0.5790803 0.4363615
0.903977 0.5351219 0.4020735
0.9051697 0.667274 0.4461916
0.8882256 0.5338241 0.390262
0.7146702 0.5886099 0.4040937
0.9467974 0.5389863 0.4802764
0.7046106 0.5844433 0.415334
0.7019832 0.5830933 0.4188896
0.9142799 0.6702342 0.4766861
0.9372661 0.5389025 0.4476491
0.8265759 0.6339105 0.3742489
0.8178753 0.5283364 0.3700029
0.8257345 0.6332489 0.3739835
0.7091327 0.5187646 0.4307612
0.8420395 0.6398191 0.3797985
0.7590855 0.6056002 0.3763783
0.9173036 0.5377473 0.415753
0.7449898 0.599251 0.3825226
0.8982568 0.5363073 0.397459
0.8947887 0.6594614 0.4244273
0.9328368 0.5397869 0.4387404
0.79738 0.5274394 0.3717663
0.9434615 0.5412127 0.4656236
0.910571 0.6657415 0.4572295
0.8803546 0.653222 0.4062462
0.6850994 0.574461 0.4511803
0.876514 0.5357496 0.3837593
0.9173087 0.6677755 0.4923102
0.7339168 0.5223364 0.401655
0.7471256 0.5236055 0.3915934
0.7541674 0.5243518 0.387226
0.7131461 0.5204645 0.424563
0.9387605 0.54271 0.4520516
0.8516678 0.5343611 0.3743486
0.8195345 0.5312514 0.3700043
0.7685702 0.5262932 0.3800609
0.6775686 0.5713859 0.4811039
0.7285911 0.522432 0.406491
0.6797179 0.5722096 0.4692791
0.7183408 0.5216075 0.4176524
0.7894269 0.6161581 0.3702547
0.780017 0.6123783 0.3712908
0.7822942 0.6129933 0.3709799
0.9179077 0.6666894 0.4955767
0.9178445 0.6663278 0.4916588
0.69907 0.5791836 0.4244032
0.9067567 0.6616133 0.4447752
0.8169851 0.6258003 0.3717132
0.7032061 0.5802062 0.4188207
0.6878223 0.5739893 0.4457286
0.9453771 0.5451071 0.4754221
0.9156854 0.6634797 0.470793
0.8911246 0.5398937 0.392536
0.9020143 0.6578036 0.4337911
0.9189216 0.5428392 0.418284
0.695358 0.5200368 0.4597656
0.8900515 0.652995 0.4157257
0.6768962 0.569339 0.4996533
0.887136 0.5401779 0.389958
0.6985422 0.5206955 0.4509269
0.6907637 0.5199217 0.4784351
0.7128174 0.5226219 0.4247174
0.7520496 0.5269207 0.3883061
0.8602235 0.5384803 0.3770651
0.6890185 0.5202611 0.4948674
0.8472841 0.5373828 0.3733427
0.6947734 0.5210624 0.4612519
0.7782315 0.608742 0.3717524
0.6795548 0.5701286 0.4733355
0.8204577 0.5349227 0.3700213
0.8022322 0.5332492 0.3709815
0.7919501 0.532151 0.372685
0.8199257 0.5353169 0.3700134
0.7889938 0.6128413 0.3703667
0.8831646 0.6493281 0.4073921
0.9105491 0.6597389 0.4512927
0.8587783 0.5398293 0.3766288
0.8517276 0.539162 0.3744981
0.7246506 0.5252133 0.4101363
0.8949082 0.544441 0.3955534
0.7584544 0.6005315 0.3772065
0.7137018 0.5830206 0.4069057
0.823328 0.6255986 0.3728064
0.7420752 0.5274918 0.3947963
0.6905699 0.5217171 0.4784222
0.6859117 0.5720723 0.4514824
0.7701843 0.6044645 0.3735861
0.9173728 0.5477548 0.4170493
0.8636355 0.6404734 0.3903439
0.7075424 0.5798189 0.4141697
0.7382312 0.5274998 0.3976767
0.8834345 0.6474285 0.4069665
0.8696682 0.6421185 0.3945627
0.8578302 0.6374654 0.3864669
0.9460745 0.5519561 0.4846458
0.7382908 0.5277907 0.3976041
0.7849238 0.5332355 0.3742962
0.8491298 0.6338804 0.3817092
0.9435375 0.5526211 0.4706694
0.7002726 0.5766673 0.4241165
0.6820539 0.569612 0.4646134
0.7498446 0.5950574 0.3811536
0.7163458 0.5820306 0.4048913
0.7106024 0.5255537 0.4274209
0.8900313 0.6478043 0.4135591
0.8274573 0.6240302 0.3735469
0.8811678 0.546474 0.3868399
0.9436274 0.5541407 0.4718647
0.9129182 0.6563068 0.453797
0.6914882 0.5724806 0.4398614
0.690909 0.5235153 0.4753842
0.8961289 0.6496754 0.4212889
0.8312113 0.6251445 0.3745426
0.8974354 0.549615 0.3979389
0.6835601 0.5691925 0.4604315
0.8776019 0.6421805 0.4003476
0.7524163 0.594457 0.380205
0.7538642 0.5948894 0.3795807
0.9003545 0.6495829 0.4267316
0.6795931 0.5670902 0.4789516
0.9030326 0.6503928 0.4310017
0.8845519 0.6424476 0.4062753
0.8050265 0.6125154 0.3701007
0.7087479 0.5768948 0.4140583
0.7263287 0.5298846 0.4078596
0.732584 0.5308575 0.4019663
0.9446489 0.5589958 0.4806083
0.9091846 0.6502911 0.4411412
0.8613849 0.6326132 0.3873869
0.9435868 0.5593932 0.4748565
0.7525992 0.5338598 0.3874985
0.9321691 0.5581656 0.4414447
0.8782022 0.6382598 0.399682
0.8743483 0.6365883 0.3963681
0.689104 0.5256454 0.4852895
0.8143786 0.5426497 0.3700289
0.9253024 0.5583147 0.4295904
0.9089707 0.6488867 0.4398147
0.7759231 0.6004391 0.3727016
0.691458 0.5266302 0.47089
0.8088208 0.6124043 0.3702875
0.9412441 0.5614311 0.4660917
0.7134284 0.5297736 0.4226777
0.9217067 0.6522924 0.4794353
0.6787458 0.5644473 0.4984483
0.71807 0.5305239 0.4166985
0.9229037 0.6522478 0.4883186
0.8508778 0.626225 0.381246
0.8680753 0.551935 0.3807317
0.7189078 0.5786417 0.40376
0.9049637 0.6449863 0.4309337
0.9112576 0.5586109 0.4117032
0.9356193 0.5621614 0.4500771
0.9049883 0.5578105 0.4053304
0.9370705 0.5624303 0.4537819
0.7528125 0.5904348 0.3806357
0.7022018 0.5289098 0.440807
0.770282 0.5386762 0.3787799
0.6884863 0.5270394 0.4896092
0.8530539 0.6258739 0.3821247
0.8987063 0.5575595 0.3998122
0.7200415 0.5318055 0.4142083
0.935594 0.5630596 0.4503249
0.6887674 0.5666455 0.4495539
0.7970735 0.5431278 0.3715186
0.690259 0.5277727 0.4757842
0.7115653 0.5310082 0.4249867
0.6974398 0.5289755 0.4510824
0.6836809 0.5647671 0.4651257
0.9448696 0.5657189 0.4911396
0.6978096 0.5695703 0.4312174
0.7382967 0.583454 0.3889052
0.8317481 0.5494516 0.370917
0.6880269 0.5280722 0.4946302
0.7184844 0.5326301 0.4158531
0.7002962 0.5301285 0.4442742
0.9086239 0.6427565 0.4354516
0.8654439 0.55555 0.3798514
0.6887603 0.5287329 0.4844391
0.6832846 0.5637124 0.4678329
0.9373171 0.5668858 0.4562094
0.8965591 0.6378192 0.4167238
0.9147875 0.6438528 0.4477199
0.7861283 0.5988907 0.3711515
0.8063538 0.6058064 0.370065
0.8286589 0.5504339 0.370603
0.92263 0.6458724 0.4726759
0.680872 0.5619634 0.4824406
0.9205931 0.6440659 0.4628623
0.7143905 0.5330986 0.4207747
0.8954758 0.6354297 0.4146086
0.8081031 0.6052694 0.3701203
0.8908278 0.5607578 0.394187
0.9256206 0.6451392 0.4909826
0.8257415 0.6107266 0.3722433
0.8722621 0.5585475 0.3830836
0.8913821 0.6322684 0.4092964
0.733946 0.5368326 0.4000882
0.7411071 0.5380351 0.3944657
0.8508925 0.555509 0.374872
0.8759061 0.5596389 0.3849926
0.8701237 0.6249121 0.390863
0.9263369 0.6435333 0.4937551
0.9212239 0.5670497 0.4254883
0.739559 0.5805217 0.3887584
0.6844882 0.5619766 0.4656507
0.6835645 0.5616613 0.4694355
0.6802459 0.5604464 0.4946191
0.6835729 0.5613849 0.4697677
0.7078459 0.5333331 0.4299276
0.7315334 0.5773066 0.3944588
0.7421273 0.5390517 0.3936356
0.7183077 0.5726831 0.4061061
0.9209352 0.639998 0.4597299
0.7053328 0.5682317 0.4215056
0.6967762 0.5652807 0.4351643
0.7231651 0.5363633 0.410087
0.9056116 0.5662592 0.4071496
0.6974226 0.5652003 0.4341522
0.694171 0.5320393 0.4585161
0.9105667 0.6353409 0.4345096
0.7036225 0.5671175 0.4241818
0.9273123 0.6403335 0.4922009
0.943815 0.5740064 0.4961517
0.9144202 0.6359426 0.4416067
0.7052441 0.5671753 0.4220567
0.6806352 0.559012 0.4971972
0.862065 0.6180857 0.3851126
0.688915 0.5612159 0.4535399
0.7595817 0.5438568 0.3830358
0.8291902 0.6065532 0.3726276
0.9430139 0.5751927 0.4870149
0.8657066 0.5621285 0.3803988
0.8696882 0.6193336 0.3894935
0.905629 0.630538 0.4249044
0.9259031 0.6370506 0.474183
0.715322 0.5692847 0.4099972
0.8821588 0.6227598 0.3986324
0.8882237 0.6244724 0.4040287
0.7062846 0.5660908 0.4211889
0.6992124 0.5344089 0.4450979
0.7835287 0.5900701 0.3719634
0.6927392 0.5609654 0.445121
0.8705937 0.6169292 0.3895751
0.9382458 0.5759514 0.4635265
0.9431757 0.5772376 0.4938811
0.7981267 0.5520537 0.3711647
0.9053413 0.5708323 0.407638
0.8894906 0.6228626 0.404691
0.915027 0.6304352 0.4394564
0.9382133 0.5768961 0.4639754
0.8943272 0.5696676 0.3978709
0.6944186 0.5343505 0.4566807
0.9415516 0.5782286 0.4798434
0.8439701 0.6080467 0.3764829
0.6903827 0.5339374 0.4705324
0.8459215 0.6085202 0.3771587
0.9144557 0.574033 0.4181722
0.7973005 0.5930144 0.3702775
0.9215556 0.6315831 0.4540659
0.92029 0.5756108 0.4262229
0.688852 0.5340973 0.4778239
0.7164648 0.5391755 0.4169564
0.9425775 0.5803537 0.4930253
0.9136218 0.6288658 0.4361356
0.7922936 0.5530896 0.3720372
0.6827077 0.5565659 0.481918
0.717307 0.5672774 0.408673
0.8598872 0.6113144 0.383021
0.9302174 0.5784371 0.4439775
0.8980212 0.6229259 0.4129714
0.7673756 0.582346 0.3763818
0.7977983 0.5914977 0.3702757
0.733264 0.5427691 0.3998188
0.8547136 0.6088947 0.3804439
0.9360762 0.5800381 0.4589857
0.9301668 0.6312739 0.4919645
0.7211441 0.5407059 0.4114097
0.6870993 0.5569548 0.4623347
0.6905957 0.5352212 0.468706
0.8396053 0.6032652 0.3747886
0.8742846 0.569304 0.3850132
0.8962241 0.6204695 0.41034
0.8358521 0.6021131 0.3737582
0.8745979 0.6130946 0.3912957
0.8701064 0.6115072 0.3883196
0.8604085 0.5671183 0.3786411
0.8819274 0.5712582 0.3895226
0.8458695 0.6035431 0.3766466
0.798555 0.5558323 0.371022
0.8043974 0.5908219 0.3700211
0.9402131 0.5825332 0.4766354
0.8171157 0.5597036 0.3700278
0.8553135 0.6059429 0.3803245
0.7090865 0.5394999 0.4264818
0.7063882 0.561485 0.4228714
0.9273938 0.626927 0.4673877
0.888934 0.6154789 0.4022613
0.9150791 0.6230766 0.4356247
0.7450435 0.5468112 0.390793
0.6920571 0.5366955 0.4624828
0.6963263 0.5581142 0.439861
0.7694326 0.579676 0.3759984
0.6974414 0.5380161 0.4475103
0.8583139 0.5691084 0.3780065
0.92755 0.6262757 0.4672522
0.6991528 0.5384845 0.4436719
0.8129385 0.5921699 0.3701494
0.9060721 0.619495 0.421061
0.7777822 0.5815633 0.3736264
0.8591263 0.6054106 0.3818728
0.9253268 0.5825352 0.436188
0.8811976 0.5740182 0.3893982
0.7646472 0.5776728 0.377741
0.8527842 0.6033654 0.379034
0.8895348 0.5759028 0.3951554
0.6887147 0.5367786 0.4758378
0.6868185 0.5364936 0.4904738
0.7678622 0.5523408 0.3788215
0.8744397 0.6095616 0.3905448
0.8796555 0.5749644 0.3885867
0.9329652 0.5855411 0.4533314
0.7443379 0.5714495 0.3876659
0.6946292 0.5567335 0.4438965
0.7042025 0.5403802 0.4337348
0.7159622 0.5427788 0.4167435
0.6956885 0.5568082 0.4417764
0.8177483 0.5917435 0.3704434
0.9314233 0.5859953 0.4497857
0.9231466 0.6216882 0.4507178
0.9365611 0.5874158 0.4650974
0.8451415 0.5988967 0.3759977
0.7123623 0.560827 0.4158598
0.6886611 0.5538328 0.4603594
0.6879723 0.5536263 0.4626796
0.8700315 0.6051918 0.3872399
0.7103697 0.5596638 0.4185655
0.923179 0.5859306 0.4336877
0.8687096 0.6045564 0.3864231
0.7294937 0.5466662 0.402344
0.8851064 0.5784637 0.392444
0.7656987 0.5752375 0.3776202
0.9205436 0.6184623 0.4431485
0.9398707 0.5896733 0.4832636
0.8061225 0.5624887 0.3702203
0.7578269 0.5724781 0.3809316
0.6962089 0.540424 0.4492157
0.6875082 0.5527089 0.4650877
0.7745404 0.5567614 0.3761953
0.7202055 0.5457492 0.4113577
0.9368909 0.5908337 0.4689344
0.8994305 0.6120734 0.4111045
0.8501296 0.5978451 0.3775096
0.8690741 0.5769097 0.3831637
0.8884596 0.6082594 0.4001637
0.7132581 0.5590304 0.4154198
0.8276587 0.5683855 0.370836
0.8513166 0.5965919 0.3778002
0.8642819 0.5762944 0.3809342
0.7220506 0.5610364 0.4059176
0.806724 0.5642591 0.3701685
0.9213874 0.5885758 0.4316736
0.6834154 0.5503279 0.4928831
0.7230512 0.5611498 0.4049788
0.7576075 0.5543535 0.3830267
0.8854895 0.5813913 0.3931087
0.9128344 0.5871949 0.4193291
0.9124968 0.612785 0.4271021
0.919398 0.6145774 0.4389389
0.6866469 0.5394463 0.4858744
0.6917137 0.5406567 0.4610336
0.6934963 0.5410529 0.4556379
0.9051417 0.5859806 0.4103731
0.8481066 0.5740712 0.3750553
0.9177923 0.6137857 0.4357445
0.8809204 0.6035054 0.3936277
0.9204211 0.5897596 0.4305535
0.706704 0.5559978 0.4245228
0.922431 0.614149 0.4445519
0.7796854 0.5755014 0.3735811
0.7668273 0.5579435 0.3787756
0.8801634 0.6024399 0.3929259
0.7604252 0.5701405 0.3801232
0.8118504 0.5681629 0.3700024
0.794467 0.5789183 0.3708848
0.9395051 0.5962263 0.4953227
0.8873282 0.6032732 0.3982075
0.6859113 0.5410722 0.4898839
0.6864105 0.5413148 0.4844446
0.8795692 0.6010513 0.3922893
0.9276149 0.5954949 0.4457688
0.7800165 0.5626093 0.3742764
0.8469801 0.5920609 0.3759833
0.9098752 0.5917624 0.4169596
0.6854641 0.5415424 0.4960575
0.9082446 0.5914758 0.4150071
0.7139378 0.5480894 0.4178131
0.7489951 0.5660493 0.3859516
0.8103573 0.5702354 0.3700124
0.7825849 0.5640394 0.3735684
0.8605996 0.5954748 0.3813056
0.6965848 0.5517169 0.4427724
0.7047273 0.5465333 0.4307989
0.6866338 0.5425389 0.4808355
0.918358 0.6095889 0.4348098
0.7907887 0.5663272 0.3718312
0.6947482 0.5444354 0.4505963
0.7587675 0.5590984 0.3820079
0.8674601 0.5839485 0.3831272
0.9332615 0.5990414 0.4623794
0.7975911 0.5681217 0.3708351
0.9253907 0.5974679 0.4421402
0.7072073 0.5475419 0.4267648
0.684126 0.5482088 0.4907074
0.9229461 0.5971393 0.4374412
0.8695151 0.58487 0.3842291
0.7795965 0.5648717 0.374252
0.9130261 0.6080604 0.426065
0.6889162 0.5441213 0.4679996
0.8075058 0.5804341 0.3700178
0.9320138 0.6123074 0.4695064
0.6907127 0.549547 0.4577891
0.8943441 0.6022749 0.4037565
0.9365251 0.6024715 0.4796104
0.8814151 0.5895949 0.3916246
0.815764 0.5742174 0.3700734
0.6968507 0.5463517 0.4449436
0.9375905 0.6033999 0.4903447
0.9335122 0.6121201 0.4760588
0.8141279 0.5747582 0.3700324
0.7294199 0.5546278 0.4009238
0.8333394 0.579375 0.3719901
0.8602415 0.5860591 0.3801583
0.8310291 0.5791357 0.3716037
0.9231106 0.6093653 0.4433682
0.7075585 0.5500859 0.4254267
0.6839597 0.547529 0.4996669
0.9221932 0.608647 0.4412132
0.8840494 0.5927848 0.393886
0.9061832 0.6043486 0.4161844
0.8911952 0.5998841 0.4005682
0.8448778 0.5835593 0.37476
0.7059186 0.5499842 0.4277919
0.9356915 0.6060549 0.4797526
0.7413425 0.5588019 0.3914927
0.767801 0.5683069 0.3775383
0.7089992 0.5510499 0.4231552
0.7930557 0.5742106 0.3712098
0.8607105 0.5911647 0.380876
0.8674769 0.5927576 0.3841611
0.6850905 0.5453781 0.487818
0.834031 0.5820397 0.3722267
0.7271672 0.5571101 0.4023039
0.9008548 0.5985878 0.408961
0.9202241 0.6033592 0.4352872
0.9149518 0.6041759 0.4273852
0.8747596 0.5937972 0.3881888
0.7909595 0.5717943 0.3715969
0.686177 0.5460162 0.4785641
0.9363216 0.6085171 0.4899859
0.9204578 0.6043992 0.4361246
0.9345329 0.607924 0.4758377
0.7590228 0.6316484 0.3733778
0.8926735 0.6996082 0.4512051
0.8577634 0.68196 0.3986212
0.9005517 0.7047294 0.4935477
0.6706804 0.5873311 0.4788921
0.8523899 0.6805105 0.3944812
0.8971231 0.7037072 0.4692961
0.671003 0.5880336 0.4754825
0.8371878 0.6738749 0.3843532
0.8996705 0.706256 0.4919956
0.7409967 0.6245295 0.379479
0.8992035 0.7065666 0.4883959
0.8874936 0.7014774 0.4428068
0.8988584 0.7074088 0.4893433
0.8956576 0.7060727 0.4684218
0.7880948 0.650109 0.3700907
0.8778502 0.6970095 0.4249185
0.7108672 0.6103212 0.399138
0.8949445 0.7067673 0.4672066
0.8983262 0.7093711 0.4999934
0.8967235 0.7090173 0.4797739
0.6937243 0.6021594 0.4181395
0.8933626 0.7076085 0.4635554
0.8712444 0.6961965 0.4168128
0.8910832 0.7074932 0.4571022
0.709765 0.6114064 0.3995211
0.7107666 0.6119708 0.3985885
0.6917545 0.6018735 0.4205081
0.6690074 0.5898721 0.4808576
0.6686224 0.5898255 0.4834691
0.8909808 0.7084877 0.4581954
0.7422107 0.6293763 0.3781858
0.8781518 0.7033357 0.4297016
0.8897453 0.7096083 0.4565808
0.6690171 0.5910323 0.4774367
0.8661005 0.6974493 0.4122888
0.8851496 0.7086508 0.4455249
0.8918275 0.7124161 0.4668447
0.6832899 0.599391 0.4331527
0.6927733 0.6045345 0.4177935
0.8297567 0.6791834 0.3823459
0.7048618 0.6114501 0.4032092
0.6714075 0.5937635 0.462999
0.8104725 0.670874 0.3746308
0.8700289 0.7037267 0.4199174
0.7929522 0.6613835 0.3708071
0.8204733 0.676616 0.3783797
0.8853089 0.712568 0.4501315
0.6935501 0.6072388 0.4154246
0.8636574 0.7021234 0.4124002
0.6660467 0.5923714 0.4983451
0.8397079 0.6890359 0.3896742
0.7285911 0.6274154 0.3838041
0.8873689 0.7161031 0.4596243
0.7974049 0.6659961 0.3716416
0.7386712 0.6336334 0.3785872
0.6816052 0.601847 0.4336374
0.7036083 0.6142214 0.4029919
0.6828318 0.6028588 0.4310694
0.668281 0.5949255 0.4712983
0.8773463 0.7136174 0.4368221
0.786173 0.6621057 0.3703048
0.6802772 0.602161 0.4353561
0.6668065 0.5949906 0.4775261
0.7856744 0.6633312 0.3703168
0.6721268 0.5987794 0.4538786
0.8463959 0.6987936 0.3970539
0.8673289 0.7108858 0.4214171
0.702548 0.616318 0.4028914
0.8293945 0.6891841 0.3846001
0.751505 0.644469 0.3734983
0.8815694 0.7201409 0.4512651
0.8067264 0.6770331 0.3745655
0.8249384 0.6876416 0.3823134
0.8473998 0.7011579 0.3986683
0.6745384 0.601092 0.446099
0.8237569 0.6875513 0.3818182
0.6643379 0.5955292 0.4952659
0.8887514 0.7264261 0.4945313
0.7588961 0.6508118 0.3716076
0.7739599 0.6597096 0.370032
0.7295617 0.6340873 0.3818131
0.7828857 0.6652852 0.3702243
0.7974724 0.6738739 0.3723412
0.7619975 0.6533055 0.3710444
0.8363901 0.6969275 0.3903237
0.8204669 0.6877084 0.3805904
0.8626562 0.7124264 0.4172854
0.8880541 0.7277585 0.4966007
0.7358086 0.6390816 0.3784982
0.8871777 0.728714 0.4909573
0.707146 0.6223894 0.3970644
0.8580399 0.7118486 0.4123631
0.8868639 0.7292328 0.4908719
0.8372924 0.7002324 0.3919255
0.8243602 0.6927349 0.38331
0.7991996 0.6778091 0.3730615
0.8522179 0.7097217 0.4061222
0.7632737 0.6567949 0.3707105
0.8505982 0.7090625 0.4044962
0.8680439 0.7200137 0.4288356
0.8461367 0.7071518 0.4002688
0.7486568 0.6492133 0.373511
0.6859365 0.6117024 0.4208016
0.6835795 0.6103893 0.4244412
0.8814939 0.7294572 0.464941
0.8796932 0.7289985 0.4591168
0.6654906 0.5998648 0.4709487
0.6744618 0.6053051 0.4417523
0.8175197 0.691874 0.3804178
0.855767 0.7153561 0.4122001
0.8585224 0.7171174 0.4159092
0.8829777 0.7322192 0.4766257
0.739719 0.6457633 0.3761282
0.6637949 0.6000128 0.4777691
0.8839164 0.7346139 0.4956816
0.6889607 0.6155977 0.4151428
0.6643211 0.6007224 0.4734787
0.8752635 0.730172 0.4505539
0.8618536 0.7223642 0.4229642
0.6654375 0.6016707 0.4672931
0.6792501 0.6102181 0.430048
0.6618997 0.5995764 0.4957029
0.8823149 0.7354472 0.4838985
0.7002847 0.6233928 0.4014281
0.8283756 0.7024099 0.387851
0.7212753 0.6364105 0.3847038
0.7669653 0.6646061 0.370156
0.7021351 0.6246657 0.3995429
0.7247773 0.6392839 0.3824742
0.7764064 0.6714765 0.3701071
0.7011095 0.6249825 0.4001264
0.6956489 0.6216323 0.4058328
0.7509248 0.656296 0.3723064
0.6675079 0.604394 0.4568353
0.7677537 0.6672518 0.3700712
0.6795595 0.6122943 0.4279662
0.8355604 0.7101957 0.3944997
0.8158735 0.6983954 0.3812991
0.7318873 0.6457098 0.378461
0.8543473 0.7232891 0.4155472
0.8542216 0.7235608 0.4155924
0.7285647 0.6442651 0.3798814
0.7711056 0.6711888 0.3700016
0.7897995 0.6832469 0.3720284
0.8752847 0.7376512 0.461614
0.872769 0.7361093 0.4531206
0.7318109 0.6468967 0.3782466
0.8678182 0.7331486 0.4403103
0.7368085 0.6502529 0.3761611
0.7039466 0.6295534 0.3962891
0.7675539 0.6700029 0.3700348
0.8396384 0.7164633 0.3997413
0.7390186 0.6527538 0.3751822
0.8729192 0.7384784 0.4569128
0.8635831 0.7325487 0.4333124
0.8010441 0.6927749 0.3755192
0.8376311 0.7162322 0.3982696
0.8455009 0.7212985 0.4064779
0.6970363 0.6262219 0.402513
0.7582072 0.6654605 0.370685
0.7721716 0.6747761 0.370046
0.7109702 0.6355222 0.3899809
0.7192041 0.6408222 0.3843948
0.6793844 0.615262 0.4258468
0.8710576 0.7390701 0.4535148
0.7758781 0.6781845 0.3702728
0.738995 0.6549848 0.3748425
0.8527551 0.7297899 0.4181505
0.6597801 0.6041301 0.4863707
0.8718366 0.7430259 0.4616405
0.751407 0.6645042 0.3714792
0.8727731 0.7440314 0.4662619
0.7901589 0.6900239 0.3728019
0.6886797 0.6238482 0.4105201
0.8176411 0.7090999 0.3848245
0.6837262 0.6210085 0.4169382
0.7935273 0.693461 0.3738859
0.8724077 0.7458284 0.4689102
0.6655504 0.6093744 0.4539804
0.7145221 0.6424987 0.3859892
0.7967911 0.6972179 0.3751832
0.8747587 0.7490605 0.4973226
0.7731572 0.6816162 0.3702478
0.7285182 0.6519831 0.3782435
0.6596494 0.6063042 0.478422
0.6864625 0.6242371 0.4122754
0.665203 0.6103196 0.453368
0.6859994 0.6243306 0.4126412
0.6776171 0.6190885 0.4249585
0.8694053 0.7479869 0.4640294
0.7091727 0.6407487 0.3891307
0.8047208 0.7051899 0.3789361
0.8684716 0.7482677 0.4619485
0.6576395 0.6062684 0.4945661
0.8702631 0.7501497 0.4715293
0.6683574 0.6138047 0.4428956
0.7332578 0.6582264 0.3757209
0.8723013 0.7527524 0.4984823
0.7786434 0.6892261 0.3710929
0.6571704 0.6068185 0.4970503
0.7219315 0.6508335 0.3807069
0.7321843 0.6578617 0.3760616
0.870564 0.7519821 0.4779788
0.7400411 0.6632471 0.37344
0.8611295 0.7456837 0.4428782
0.8403394 0.73171 0.4078813
0.6615514 0.6100162 0.4627389
0.8072337 0.7093451 0.3807558
0.7024295 0.6381912 0.3937449
0.8093798 0.7112242 0.3820258
0.777087 0.6894912 0.3709496
0.6819283 0.6245587 0.4163556
0.8607739 0.7473904 0.4442666
0.8183299 0.7184027 0.3880288
0.8556647 0.7442199 0.4330592
0.7304879 0.6586112 0.3763751
0.8463608 0.7385716 0.4176293
0.8442922 0.7381191 0.4152932
0.7881103 0.6995379 0.3736191
0.6683674 0.6166654 0.4396875
0.869559 0.7562866 0.4916188
0.695642 0.6358027 0.3989974
0.6565471 0.6086805 0.4877965
0.8221676 0.723691 0.3919003
0.8628017 0.7519442 0.4542993
0.684407 0.6286781 0.4114042
0.6583887 0.6106308 0.4713346
0.7897525 0.7026924 0.3744202
0.6919976 0.6347221 0.4020301
0.8448399 0.7424991 0.4188597
0.6606228 0.6134356 0.4589839
0.8119158 0.7203557 0.3856833
0.8358203 0.737307 0.4073632
0.8664573 0.7591153 0.4824614
0.6785706 0.6268262 0.4181207
0.7377806 0.6689407 0.3731209
0.7933263 0.7086717 0.3762997
0.71088 0.6501731 0.3852605
0.8296703 0.7350839 0.4015552
0.6931508 0.637863 0.3996932
0.721342 0.658032 0.379199
0.7803037 0.7003301 0.3723357
0.8493786 0.7499418 0.4300508
0.8140723 0.7247604 0.3881244
0.6809189 0.6295152 0.4140142
0.8129011 0.7242453 0.3873928
0.7195064 0.6575644 0.3799157
0.7574124 0.6853774 0.3700298
0.7607375 0.6877862 0.3700067
0.8325005 0.7396023 0.406035
0.8564771 0.7569153 0.4486077
0.6831557 0.6321135 0.4103767
0.8248223 0.7347046 0.3981158
0.6808549 0.6309261 0.4131463
0.6537938 0.6115686 0.4997674
0.735177 0.670635 0.3733776
0.8630122 0.7637617 0.48179
0.8603413 0.7632267 0.4689787
0.6585693 0.6159632 0.4595671
0.6659203 0.6216819 0.437963
0.6608508 0.6181455 0.4510255
0.657662 0.6162465 0.4613318
0.6653165 0.6220877 0.4384179
0.6682811 0.6242977 0.4319898
0.8247131 0.7399454 0.4005702
0.8334867 0.7469265 0.4112087
0.667029 0.6237357 0.434224
0.679777 0.6332065 0.4126169
0.8086089 0.7287146 0.3869144
0.7733754 0.7028831 0.3716161
0.6702839 0.6263914 0.4275436
0.8602358 0.7674052 0.4812259
0.6688526 0.625514 0.4300987
0.709366 0.6557866 0.3841766
0.7447929 0.6822312 0.3708481
0.654639 0.6151376 0.4731883
0.8366606 0.7509409 0.4168073
0.8553138 0.7648729 0.4584367
0.7021403 0.6508148 0.3890793
0.706251 0.6543119 0.3859616
0.7472405 0.6851624 0.3704756
0.8333113 0.7499223 0.4130059
0.7908419 0.718309 0.3775505
0.8404781 0.7557796 0.4245301
0.790612 0.7187388 0.377577
0.651852 0.614713 0.4910203
0.8073856 0.7324501 0.3876379
0.8402438 0.7578498 0.4260393
0.8585614 0.771821 0.496314
0.7430188 0.6842471 0.3708721
0.8086547 0.73403 0.3888048
0.6611557 0.6222531 0.4448467
0.8518927 0.7671909 0.4546582
0.6543586 0.6172187 0.4687111
0.8372403 0.7561355 0.4213132
0.6609699 0.6224124 0.444957
0.8516134 0.7675042 0.4545703
0.8366397 0.7565225 0.4209938
0.6560314 0.6189514 0.4603255
0.8271883 0.7498987 0.4078584
0.6740142 0.6329656 0.4181531
0.7631519 0.7011103 0.3704835
0.8501635 0.7678704 0.4521491
0.7023897 0.6549344 0.3874833
0.8527265 0.7709745 0.4635849
0.6658536 0.6275426 0.4319661
0.6538423 0.6184148 0.4674618
0.6851588 0.6425796 0.4027826
0.6769699 0.6369441 0.4125966
0.6505916 0.6168301 0.4875591
0.6658295 0.6289359 0.4306278
0.6880487 0.6467313 0.3987024
0.6622279 0.6266594 0.4378537
0.6497223 0.6169848 0.4987632
0.6497636 0.6170372 0.4957142
0.8432585 0.7684337 0.440834
0.8473231 0.7721214 0.4530594
0.7734036 0.7144136 0.3729315
0.7925594 0.7296348 0.3808174
0.850304 0.7756143 0.466959
0.8499173 0.7759417 0.466576
0.7687982 0.7121873 0.3719541
0.7622597 0.707362 0.3707927
0.8486618 0.7758346 0.4628481
0.8310988 0.762417 0.4200131
0.7758409 0.7190585 0.3740619
0.6497835 0.6190508 0.4814334
0.6821665 0.6449389 0.403591
0.7483391 0.6980171 0.3700218
0.6722969 0.6374776 0.4164271
0.6734485 0.6387068 0.4144802
0.7246872 0.6797 0.3740743
0.7357717 0.6886251 0.3712606
0.6499379 0.6200202 0.4769608
0.693177 0.6547983 0.3920618
0.7888608 0.7315375 0.3800848
0.7340061 0.6875917 0.3715608
0.7154937 0.6728331 0.3775864
0.6507786 0.6211348 0.4704157
0.846801 0.7787604 0.46411
0.6528659 0.6230124 0.4602876
0.6883413 0.6515676 0.3961847
0.8464967 0.7791932 0.4642292
0.816624 0.7557271 0.4034008
0.833842 0.770308 0.4300154
0.826937 0.7649761 0.4179465
0.7711774 0.7198603 0.3733004
0.8473285 0.7816124 0.4729261
0.665728 0.6345759 0.4254691
0.8057612 0.7491785 0.3934201
0.6556954 0.6272541 0.4474746
0.7350234 0.6923663 0.3710245
0.8159646 0.7588354 0.4047266
0.6951516 0.6599637 0.3889985
0.7437835 0.6998364 0.3700878
0.7149984 0.6763591 0.3769453
0.74012 0.6969819 0.3703418
0.7724732 0.7235262 0.3741095
0.6709933 0.64057 0.4153275
0.704634 0.668568 0.3821504
0.7011471 0.6658351 0.3843159
0.754622 0.7103063 0.3704042
0.6512512 0.6249443 0.4603833
0.8360723 0.7777382 0.4412851
0.7516017 0.7080368 0.3701611
0.8299446 0.7729608 0.427967
0.6466809 0.6213975 0.489794
0.7268024 0.6878113 0.3725315
0.7710218 0.7251218 0.3740829
0.7046838 0.6702393 0.3816426
0.7883164 0.7400343 0.3822812
0.6463217 0.6219817 0.4886297
0.6726443 0.6439849 0.411467
0.6884314 0.6572263 0.3935272
0.8006162 0.7513213 0.3916481
0.655386 0.6299626 0.4442285
0.7434197 0.7035949 0.3700272
0.8072467 0.7570398 0.3979916
0.7396411 0.7005687 0.3702166
0.649701 0.6256262 0.4628251
0.7785068 0.7338718 0.3775574
0.805254 0.7566512 0.3966129
0.8162518 0.7659928 0.4094114
0.7929522 0.7465043 0.3862106
0.7655822 0.7236844 0.3728838
0.7576441 0.7170986 0.3711053
0.668475 0.6419669 0.4165567
0.6514394 0.6278071 0.4546598
0.6606236 0.6357397 0.4302474
0.6902918 0.6608859 0.3909779
0.8309201 0.7797986 0.4363529
0.7075503 0.6756976 0.3792133
0.8386418 0.7868539 0.4603496
0.8334613 0.7829106 0.4439665
0.734907 0.6993322 0.3705474
0.8352072 0.7846533 0.4494347
0.8371611 0.7863125 0.4559965
0.8061702 0.7601509 0.3989369
0.8428316 0.7913089 0.4944769
0.6457309 0.6239066 0.4817602
0.6790982 0.6524245 0.4014835
0.8356159 0.7858806 0.4521396
0.8326313 0.7836288 0.4436183
0.8422419 0.7921665 0.498363
0.6889039 0.6615089 0.3914053
0.8399759 0.7912217 0.475412
0.7698815 0.7315825 0.3749755
0.7185288 0.6876835 0.3739842
0.8061783 0.7630496 0.4004951
0.7686582 0.7308797 0.3745889
0.6997012 0.6721913 0.3828302
0.7607963 0.7257012 0.3724069
0.645288 0.6258165 0.476219
0.6446057 0.6259528 0.4786336
0.671415 0.6498727 0.408459
0.6834231 0.6605985 0.3946778
0.8123378 0.7734816 0.4114165
0.6538863 0.6351793 0.4397061
0.6699639 0.6497031 0.4096878
0.6596344 0.6406993 0.4264748
0.8306344 0.7930344 0.4545634
0.8223721 0.7858351 0.4320744
0.6426455 0.6266422 0.4860454
0.7223207 0.697423 0.3719928
0.7887853 0.7564816 0.3881406
0.7161667 0.6925889 0.373625
0.6791973 0.6601983 0.3972469
0.8207088 0.7870045 0.4313226
0.6880985 0.6685355 0.3888627
0.806327 0.7746243 0.407561
0.6605821 0.6439731 0.4224378
0.6872151 0.6683933 0.3893228
0.8240094 0.7914989 0.4409929
0.6959523 0.6763816 0.3828509
0.7437868 0.7205476 0.3702945
0.6699981 0.6541089 0.4067191
0.7949818 0.7675079 0.3961612
0.7145141 0.6946624 0.3735872
0.8044912 0.7769293 0.4077415
0.6556138 0.6421933 0.4294713
0.8147781 0.7876885 0.4253622
0.6683091 0.6542753 0.4078355
0.7911448 0.7670236 0.3938537
0.8283846 0.8015456 0.4673457
0.7967067 0.7724687 0.3998064
0.8313109 0.8044487 0.4964304
0.7425441 0.7235092 0.3703718
0.7126166 0.6964096 0.3736401
0.8239387 0.7995216 0.4529602
0.6499282 0.6386892 0.4408463
0.8254976 0.8017735 0.4605346
0.7787136 0.7586836 0.3848105
0.6532556 0.6422809 0.4321355
0.6539414 0.6429514 0.4305933
0.8275675 0.8043196 0.4727598
0.6397547 0.6298872 0.4856608
0.639259 0.6295065 0.493334
0.760222 0.7421187 0.3749237
0.6400226 0.6303831 0.4814714
0.8062523 0.7855127 0.4153909
0.6389823 0.6297253 0.4944694
0.763423 0.7459849 0.3764424
0.8144488 0.7943125 0.4318334
0.6393918 0.6305852 0.4838737
0.6907612 0.6787775 0.3839362
0.7995591 0.780863 0.4068034
0.7851568 0.7685425 0.3915611
0.8270261 0.8089651 0.4947776
0.6682551 0.6590276 0.4047606
0.8043987 0.787945 0.4157583
0.6514747 0.6435859 0.4328032
0.7837815 0.7691089 0.3911598
0.6966223 0.686589 0.3795621
0.7439686 0.7317288 0.3710488
0.7847003 0.7711979 0.3925642
0.8224242 0.8071417 0.4653656
0.6947362 0.6855196 0.3804384
0.7264655 0.7158595 0.3701962
0.7356934 0.7248273 0.3701262
0.825263 0.8105212 0.4910014
0.6952412 0.6866871 0.3799452
0.6547757 0.6482032 0.4243353
0.8128225 0.80006 0.4365557
0.6393623 0.6337091 0.4716363
0.7217279 0.7134318 0.3705775
0.6917242 0.6849929 0.3815544
0.7261753 0.7187234 0.3701108
0.6382499 0.6337478 0.4753533
0.8232756 0.812938 0.4957428
0.6519097 0.647534 0.4279974
0.736299 0.7305626 0.3703965
0.7275082 0.7225715 0.3700114
0.6875439 0.6835415 0.3834511
0.660526 0.6575255 0.4113592
0.7812866 0.776157 0.3932479
0.6649183 0.6622962 0.4048841
0.6354253 0.6333789 0.4954745
0.6769325 0.6748313 0.3912716
0.6385978 0.6369572 0.4648211
0.6537521 0.6519338 0.4217919
0.8198638 0.8160886 0.4910877
0.7800591 0.777384 0.3932392
0.63981 0.638562 0.4583854
0.6365641 0.6357504 0.4743468
0.6497756 0.6490811 0.4286588
0.79713 0.7961645 0.416363
0.6741356 0.6736977 0.3931477
0.7384037 0.7380855 0.371107
0.7508379 0.750674 0.3746953
0.7655017 0.7666816 0.382829
0.6347681 0.6355596 0.4827365
0.7503203 0.7518187 0.374819
0.6571177 0.6580904 0.4135764
0.7886787 0.7905577 0.4057945
0.8154693 0.8177577 0.4759817
0.7601231 0.7620606 0.3796871
0.6668793 0.6682975 0.3999385
0.8167307 0.8196346 0.4978937
0.687722 0.6895172 0.3814058
0.6337101 0.6350814 0.4958345
0.6339775 0.6357506 0.4862358
0.7170535 0.7200441 0.3704593
0.7126932 0.7162449 0.3710751
0.6850528 0.6884274 0.3826317
0.6390243 0.6417478 0.4536456
0.6387857 0.6415672 0.4544287
0.7956181 0.80328 0.4213635
0.7156491 0.7212814 0.3704677
0.6499063 0.6540956 0.4233758
0.7853062 0.7936665 0.4056559
0.8042273 0.8132577 0.4426672
0.7530334 0.7616422 0.3776659
0.6819687 0.6882716 0.3837369
0.7377151 0.7461619 0.3719104
0.7251369 0.7338515 0.3700818
0.6466681 0.6524789 0.4282876
0.6885101 0.6961821 0.3791573
0.7237486 0.73302 0.3700358
0.6328394 0.6385748 0.4775014
0.7867023 0.7991266 0.4105541
0.6411709 0.6473212 0.4412333
0.6393126 0.6454026 0.446831
0.7175761 0.7275443 0.370103
0.75474 0.7672881 0.3796846
0.7126222 0.7231985 0.370531
0.6401027 0.6473691 0.4426412
0.7447375 0.7574873 0.3748678
0.7012742 0.7119228 0.3729916
0.8089148 0.8253015 0.4810287
0.8055804 0.8223357 0.4614793
0.7672485 0.7819192 0.3894858
0.6321684 0.6395921 0.4759959
0.7960271 0.8128706 0.4318752
0.8076057 0.8254347 0.4762101
0.6352186 0.6431766 0.4581057
0.6737359 0.6841089 0.3885108
0.786461 0.8036897 0.4139875
0.6485943 0.6577308 0.4210742
0.8026389 0.8218259 0.4544846
0.7609883 0.7779622 0.3853518
0.6350485 0.6438866 0.4569476
0.8077363 0.8278965 0.490974
0.7409692 0.7568376 0.3740462
0.7253385 0.7409399 0.370377
0.8067476 0.828317 0.4866961
0.7896268 0.8104298 0.422751
0.7957147 0.818125 0.4381413
0.6935361 0.7082928 0.3749901
0.6307309 0.641103 0.4753654
0.7165133 0.7337193 0.3700076
0.7764079 0.7989954 0.4035698
0.805327 0.8304166 0.4946177
0.7068357 0.7249497 0.3708014
0.8025001 0.829002 0.4719259
0.6906217 0.7075487 0.3757381
0.6287805 0.6402948 0.4893239
0.7897922 0.8158002 0.4285635
0.6978072 0.7157562 0.3728969
0.6789644 0.6952802 0.3822629
0.6887703 0.7060332 0.376491
0.6462538 0.6596662 0.4213037
0.7903539 0.8174217 0.4310178
0.8031908 0.8316284 0.4868694
0.6957136 0.7142478 0.3734657
0.6633299 0.6788203 0.3958619
0.6382196 0.6515188 0.4392046
0.7359048 0.7586176 0.3735205
0.6287803 0.6412094 0.4830197
0.8022306 0.8315685 0.4812689
0.7142475 0.7351983 0.3700131
0.6303529 0.6431057 0.4697244
0.7939345 0.823869 0.4440954
0.6696719 0.6869973 0.3888972
0.773723 0.8020463 0.4039674
0.673663 0.6917633 0.3853536
0.7934871 0.8240811 0.4437954
0.7903507 0.8211343 0.4356091
0.6664289 0.6841171 0.3916341
0.7716152 0.8007721 0.4018669
0.7374805 0.7634031 0.3747035
0.629055 0.6432948 0.4729594
0.7818913 0.8130445 0.4184739
0.7938809 0.8267612 0.4487599
0.6285034 0.6430882 0.4755443
0.796119 0.8297644 0.4585218
0.754872 0.7841534 0.3855805
0.7790859 0.8113102 0.4146919
0.7723542 0.804116 0.4045382
0.7518126 0.7815642 0.3835267
0.7867169 0.8211281 0.4315176
0.7715969 0.8042256 0.4041488
0.7260851 0.7537537 0.3715261
0.6679662 0.6885499 0.3888886
0.6706649 0.6918711 0.3864021
0.7852622 0.8208998 0.4297143
0.6265613 0.6425956 0.486916
0.7764248 0.8115501 0.4128949
0.7684113 0.8027232 0.401278
0.7589366 0.7922676 0.3907587
0.797331 0.8357701 0.4802728
0.6268031 0.6435175 0.4802397
0.7501751 0.7833867 0.3836633
0.7238142 0.7536127 0.3712872
0.6552406 0.676908 0.4013253
0.7793844 0.819036 0.4221001
0.7959838 0.8381399 0.4873483
0.6438823 0.6647419 0.4184891
0.6681684 0.69269 0.3869848
0.7781181 0.8187387 0.4207073
0.6866189 0.7157514 0.3747268
0.6526853 0.6765984 0.4029978
0.6475112 0.6710966 0.4102985
0.6297454 0.6506658 0.4529017
0.663179 0.6897413 0.390291
0.7764029 0.8214204 0.4218958
0.6914423 0.7226583 0.3726997
0.6669988 0.6946093 0.3865976
0.6951461 0.7276112 0.3715767
0.7364769 0.7759351 0.3774593
0.6345499 0.6574439 0.4355438
0.6646479 0.6931099 0.3881345
0.627106 0.6490988 0.4612023
0.6986125 0.7331006 0.3707303
0.6970115 0.7317388 0.370968
0.6286741 0.6513768 0.4533056
0.7629149 0.8094823 0.402585
0.6279059 0.6506653 0.4561021
0.7891915 0.8432008 0.482354
0.7063643 0.7449687 0.3700004
0.7884557 0.842703 0.4769599
0.7062103 0.7450584 0.3700003
0.7400486 0.7853304 0.3812394
0.6278286 0.6522767 0.4529386
0.7360317 0.7811887 0.3788407
0.7885137 0.844215 0.4850465
0.7723088 0.8249301 0.4219303
0.6600328 0.6910925 0.3909367
0.6489509 0.6778933 0.4042964
0.785493 0.8410491 0.463499
0.6533731 0.6832198 0.3983662
0.7577978 0.8081802 0.3989531
0.6640076 0.6962394 0.3869867
0.7391896 0.7873455 0.381687
0.641583 0.6702827 0.4152138
0.62543 0.6509618 0.4601122
0.623131 0.6482311 0.4736374
0.7004861 0.7414067 0.3701478
0.6267434 0.6526214 0.4540635
0.7839229 0.8421397 0.4629312
0.7859942 0.8458553 0.4822729
0.6316544 0.6596778 0.4358084
0.6280388 0.6554652 0.4467566
0.7461665 0.7991486 0.388844
0.7341115 0.7845399 0.3793744
0.7796078 0.840139 0.4507566
0.6210771 0.6472886 0.4868558
0.7805314 0.8421547 0.4563605
0.6672336 0.7048833 0.3824568
0.6610877 0.6974043 0.3875385
0.6770233 0.7173409 0.3762066
0.7304788 0.7839741 0.3783104
0.6374322 0.6695749 0.4190575
0.7345256 0.790609 0.3814909
0.7817876 0.8494891 0.4834308
0.7496353 0.8101054 0.3960747
0.7708716 0.8365089 0.4339719
0.619186 0.6482785 0.492079
0.7813168 0.8500463 0.4845486
0.6289304 0.6605659 0.437658
0.7010295 0.750941 0.3700091
0.6792924 0.7239802 0.3742839
0.6301113 0.6626385 0.4335284
0.6225315 0.6532259 0.4603502
0.6567889 0.696465 0.389599
0.6533588 0.6922503 0.3931689
0.6184399 0.6486945 0.4948986
0.6665397 0.7091438 0.3811384
0.6237043 0.655482 0.45327
0.7317429 0.791489 0.3810218
0.7687076 0.8401803 0.4366229
0.6293017 0.6637461 0.4329216
0.6182305 0.6502246 0.4826
0.6835133 0.7337937 0.3720124
0.6233863 0.6579754 0.4489323
0.7490585 0.8188832 0.4013106
0.6448179 0.6854495 0.4013842
0.71109 0.770651 0.3720934
0.6852065 0.7375728 0.3713615
0.7759024 0.8551717 0.4918356
0.6270955 0.6637582 0.4352164
0.7635849 0.8402144 0.4313173
0.6940151 0.7505451 0.3700374
0.7681117 0.8464316 0.4455826
0.6831304 0.736747 0.3716572
0.6524686 0.6973019 0.3908745
0.7294798 0.7972994 0.3824726
0.7744296 0.8563584 0.4924568
0.7136943 0.7775681 0.3735802
0.7258674 0.7934707 0.3801363
0.6653337 0.7153609 0.3793835
0.701467 0.7624696 0.3704558
0.7713062 0.8539696 0.4679359
0.7727246 0.8561572 0.480858
0.7721978 0.855795 0.4771446
0.6373653 0.6795785 0.4101038
0.6705797 0.7231746 0.3760197
0.7711285 0.8550283 0.4709674
0.7726599 0.8575301 0.4902591
0.7523553 0.8309667 0.4125607
0.6886916 0.7475312 0.3702948
0.6210395 0.658825 0.4507514
0.7708595 0.8564031 0.4753795
0.7428497 0.819836 0.3987885
0.6720256 0.7267141 0.3749152
0.6151072 0.6517206 0.4892686
0.7293395 0.8031106 0.3847241
0.7387623 0.8161862 0.3946802
0.7118096 0.7815715 0.3740877
0.6942933 0.7589478 0.3700536
0.7490551 0.8324057 0.4116433
0.754617 0.8404093 0.4234858
0.6959311 0.7629356 0.3702408
0.6627071 0.7185328 0.3790074
0.6857865 0.7497559 0.3702928
0.7601633 0.8498367 0.441257
0.7683725 0.8609018 0.491922
0.7111876 0.7841979 0.3745451
0.6796529 0.7420652 0.3713306
        </DataArray>
      </Points>
      <Verts>
        <DataArray type="Int64" Name="connectivity" format="ascii">
0
1
2
3
4
5
6
7
8
9
10
11
12
13
14
15
16
17
18
19
20
21
22
23
24
25
26
27
28
29
30
31
32
33
34
35
36
37
38
39
40
41
42
43
44
45
46
47
48
49
50
51
52
53
54
55
56
57
58
59
60
61
62
63
64
65
66
67
68
69
70
71
72
73
74
75
76
77
78
79
80
81
82
83
84
85
86
87
88
89
90
91
92
93
94
95
96
97
98
99
100
101
102
103
104
105
106
107
108
109
110
111
112
113
114
115
116
117
118
119
120
121
122
123
124
125
126
127
128
129
130
131
132
133
134
135
136
137
138
139
140
141
142
143
144
145
146
147
148
149
150
151
152
153
154
155
156
157
158
159
160
161
162
163
164
165
166
167
168
169
170
171
172
173
174
175
176
177
178
179
180
181
182
183
184
185
186
187
188
189
190
191
192
193
194
195
196
197
198
199
200
201
202
203
204
205
206
207
208
209
210
211
212
213
214
215
216
217
218
219
220
221
222
223
224
225
226
227
228
229
230
231
232
233
234
235
236
237
238
239
240
241
242
243
244
245
246
247
248
249
250
251
252
253
254
255
256
257
258
259
260
261
262
263
264
265
266
267
268
269
270
271
272
273
274
275
276
277
278
279
280
281
282
283
284
285
286
287
288
289
290
291
292
293
294
295
296
297
298
299
300
301
302
303
304
305
306
307
308
309
310
311
312
313
314
315
316
317
318
319
320
321
322
323
324
325
326
327
328
329
330
331
332
333
334
335
336
337
338
339
340
341
342
343
344
345
346
347
348
349
350
351
352
353
354
355
356
357
358
359
360
361
362
363
364
365
366
367
368
369
370
371
372
373
374
375
376
377
378
379
380
381
382
383
384
385
386
387
388
389
390
391
392
393
394
395
396
397
398
399
400
401
402
403
404
405
406
407
408
409
410
411
412
413
414
415
416
417
418
419
420
421
422
423
424
425
426
427
428
429
430
431
432
433
434
435
436
437
438
439
440
441
442
443
444
445
446
447
448
449
450
451
452
453
454
455
456
457
458
459
460
461
462
463
464
465
466
467
468
469
470
471
472
473
474
475
476
477
478
479
480
481
482
483
484
485
486
487
488
489
490
491
492
493
494
495
496
497
498
499
500
501
502
503
504
505
506
507
508
509
510
511
512
513
514
515
516
517
518
519
520
521
522
523
524
525
526
527
528
529
530
531
532
533
534
535
536
537
538
539
540
541
542
543
544
545
546
547
548
549
550
551
552
553
554
555
556
557
558
559
560
561
562
563
564
565
566
567
568
569
570
571
572
573
574
575
576
577
578
579
580
581
582
583
584
585
586
587
588
589
590
591
592
593
594
595
596
597
598
599
600
601
602
603
604
605
606
607
608
609
610
611
612
613
614
615
616
617
618
619
620
621
622
623
624
625
626
627
628
629
630
631
632
633
634
635
636
637
638
639
640
641
642
643
644
645
646
647
648
649
650
651
652
653
654
655
656
657
658
659
660
661
662
663
664
665
666
667
668
669
670
671
672
673
674
675
676
677
678
679
680
681
682
683
684
685
686
687
688
689
690
691
692
693
694
695
696
697
698
699
700
701
702
703
704
705
706
707
708
709
710
711
712
713
714
715
716
717
718
719
720
721
722
723
724
725
726
727
728
729
730
731
732
733
734
735
736
737
738
739
740
741
742
743
744
745
746
747
748
749
750
751
752
753
754
755
756
757
758
759
760
761
762
763
764
765
766
767
768
769
770
771
772
773
774
775
776
777
778
779
780
781
782
783
784
785
786
787
788
789
790
791
792
793
794
795
796
797
798
799
800
801
802
803
804
805
806
807
808
809
810
811
812
813
814
815
816
817
818
819
820
821
822
823
824
825
826
827
828
829
830
831
832
833
834
835
836
837
838
839
840
841
842
843
844
845
846
847
848
849
850
851
852
853
854
855
856
857
858
859
860
861
862
863
864
865
866
867
868
869
870
871
872
873
874
875
876
877
878
879
880
881
882
883
884
885
886
887
888
889
890
891
892
893
894
895
896
897
898
899
900
901
902
903
904
905
906
907
908
909
910
911
912
913
914
915
916
917
918
919
920
921
922
923
924
925
926
927
928
929
930
931
932
933
934
935
936
937
938
939
940
941
942
943
944
945
946
947
948
949
950
951
952
953
954
955
956
957
958
959
960
961
962
963
964
965
966
967
968
969
970
971
972
973
974
975
976
977
978
979
980
981
982
983
984
985
986
987
988
989
990
991
992
993
994
995
996
997
998
999
1000
1001
1002
1003
1004
1005
1006
1007
1008
1009
1010
1011
1012
1013
1014
1015
1016
1017
1018
1019
1020
1021
1022
1023
1024
1025
1026
1027
1028
1029
1030
1031
1032
1033
1034
1035
1036
1037
1038
1039
1040
1041
1042
1043
1044
1045
1046
1047
1048
1049
1050
1051
1052
1053
1054
1055
1056
1057
1058
1059
1060
1061
1062
1063
1064
1065
1066
1067
1068
1069
1070
1071
1072
1073
1074
1075
1076
1077
1078
1079
1080
1081
1082
1083
1084
1085
1086
1087
1088
1089
1090
1091
1092
1093
1094
1095
1096
1097
1098
1099
1100
1101
1102
1103
1104
1105
1106
1107
1108
1109
1110
1111
1112
1113
1114
1115
1116
1117
1118
1119
1120
1121
1122
1123
1124
1125
1126
1127
1128
1129
1130
1131
1132
1133
1134
1135
1136
1137
1138
1139
1140
1141
1142
1143
1144
1145
1146
1147
1148
1149
1150
1151
1152
1153
1154
1155
1156
1157
1158
1159
1160
1161
1162
1163
1164
1165
1166
1167
1168
1169
1170
1171
1172
1173
1174
1175
1176
1177
1178
1179
1180
1181
1182
1183
1184
1185
1186
1187
1188
1189
1190
1191
1192
1193
1194
1195
1196
1197
1198
1199
1200
1201
1202
1203
1204
1205
1206
1207
1208
1209
1210
1211
1212
1213
1214
1215
1216
1217
1218
1219
1220
1221
1222
1223
1224
1225
1226
1227
1228
1229
1230
1231
1232
1233
1234
1235
1236
1237
1238
1239
1240
1241
1242
1243
1244
1245
1246
1247
1248
1249
1250
1251
1252
1253
1254
1255
1256
1257
1258
1259
1260
1261
1262
1263
1264
1265
1266
1267
1268
1269
1270
1271
1272
1273
1274
1275
1276
1277
1278
1279
1280
1281
1282
1283
1284
1285
1286
1287
1288
1289
1290
1291
1292
1293
1294
1295
1296
1297
1298
1299
1300
1301
1302
1303
1304
1305
1306
1307
1308
1309
1310
1311
1312
1313
1314
1315
1316
1317
1318
1319
1320
1321
1322
1323
1324
1325
1326
1327
1328
1329
1330
1331
1332
1333
1334
1335
1336
1337
1338
1339
1340
1341
1342
1343
1344
1345
1346
1347
1348
1349
1350
1351
1352
1353
1354
1355
1356
1357
1358
1359
1360
1361
1362
1363
1364
1365
1366
1367
1368
1369
1370
1371
1372
1373
1374
1375
1376
1377
1378
1379
1380
1381
1382
1383
1384
1385
1386
1387
1388
1389
1390
1391
1392
1393
1394
1395
1396
1397
1398
1399
1400
1401
1402
1403
1404
1405
1406
1407
1408
1409
1410
1411
1412
1413
1414
1415
1416
1417
1418
1419
1420
1421
1422
1423
1424
1425
1426
1427
1428
1429
1430
1431
1432
1433
1434
1435
1436
1437
1438
1439
1440
1441
1442
1443
1444
1445
1446
1447
1448
1449
1450
1451
1452
1453
1454
1455
1456
1457
1458
1459
1460
1461
1462
1463
1464
1465
1466
1467
1468
1469
1470
1471
1472
1473
1474
1475
1476
1477
1478
1479
1480
1481
1482
1483
1484
1485
1486
1487
1488
1489
1490
1491
1492
1493
1494
        </DataArray>
                <DataArray type="Int64" Name="offsets" format="ascii">
1
2
3
4
5
6
7
8
9
10
11
12
13
14
15
16
17
18
19
20
21
22
23
24
25
26
27
28
29
30
31
32
33
34
35
36
37
38
39
40
41
42
43
44
45
46
47
48
49
50
51
52
53
54
55
56
57
58
59
60
61
62
63
64
65
66
67
68
69
70
71
72
73
74
75
76
77
78
79
80
81
82
83
84
85
86
87
88
89
90
91
92
93
94
95
96
97
98
99
100
101
102
103
104
105
106
107
108
109
110
111
112
113
114
115
116
117
118
119
120
121
122
123
124
125
126
127
128
129
130
131
132
133
134
135
136
137
138
139
140
141
142
143
144
145
146
147
148
149
150
151
152
153
154
155
156
157
158
159
160
161
162
163
164
165
166
167
168
169
170
171
172
173
174
175
176
177
178
179
180
181
182
183
184
185
186
187
188
189
190
191
192
193
194
195
196
197
198
199
200
201
202
203
204
205
206
207
208
209
210
211
212
213
214
215
216
217
218
219
220
221
222
223
224
225
226
227
228
229
230
231
232
233
234
235
236
237
238
239
240
241
242
243
244
245
246
247
248
249
250
251
252
253
254
255
256
257
258
259
260
261
262
263
264
265
266
267
268
269
270
271
272
273
274
275
276
277
278
279
280
281
282
283
284
285
286
287
288
289
290
291
292
293
294
295
296
297
298
299
300
301
302
303
304
305
306
307
308
309
310
311
312
313
314
315
316
317
318
319
320
321
322
323
324
325
326
327
328
329
330
331
332
333
334
335
336
337
338
339
340
341
342
343
344
345
346
347
348
349
350
351
352
353
354
355
356
357
358
359
360
361
362
363
364
365
366
367
368
369
370
371
372
373
374
375
376
377
378
379
380
381
382
383
384
385
386
387
388
389
390
391
392
393
394
395
396
397
398
399
400
401
402
403
404
405
406
407
408
409
410
411
412
413
414
415
416
417
418
419
420
421
422
423
424
425
426
427
428
429
430
431
432
433
434
435
436
437
438
439
440
441
442
443
444
445
446
447
448
449
450
451
452
453
454
455
456
457
458
459
460
461
462
463
464
465
466
467
468
469
470
471
472
473
474
475
476
477
478
479
480
481
482
483
484
485
486
487
488
489
490
491
492
493
494
495
496
497
498
499
500
501
502
503
504
505
506
507
508
509
510
511
512
513
514
515
516
517
518
519
520
521
522
523
524
525
526
527
528
529
530
531
532
533
534
535
536
537
538
539
540
541
542
543
544
545
546
547
548
549
550
551
552
553
554
555
556
557
558
559
560
561
562
563
564
565
566
567
568
569
570
571
572
573
574
575
576
577
578
579
580
581
582
583
584
585
586
587
588
589
590
591
592
593
594
595
596
597
598
599
600
601
602
603
604
605
606
607
608
609
610
611
612
613
614
615
616
617
618
619
620
621
622
623
624
625
626
627
628
629
630
631
632
633
634
635
636
637
638
639
640
641
642
643
644
645
646
647
648
649
650
651
652
653
654
655
656
657
658
659
660
661
662
663
664
665
666
667
668
669
670
671
672
673
674
675
676
677
678
679
680
681
682
683
684
685
686
687
688
689
690
691
692
693
694
695
696
697
698
699
700
701
702
703
704
705
706
707
708
709
710
711
712
713
714
715
716
717
718
719
720
721
722
723
724
725
726
727
728
729
730
731
732
733
734
735
736
737
738
739
740
741
742
743
744
745
746
747
748
749
750
751
752
753
754
755
756
757
758
759
760
761
762
763
764
765
766
767
768
769
770
771
772
773
774
775
776
777
778
779
780
781
782
783
784
785
786
787
788
789
790
791
792
793
794
795
796
797
798
799
800
801
802
803
804
805
806
807
808
809
810
811
812
813
814
815
816
817
818
819
820
821
822
823
824
825
826
827
828
829
830
831
832
833
834
835
836
837
838
839
840
841
842
843
844
845
846
847
848
849
850
851
852
853
854
855
856
857
858
859
860
861
862
863
864
865
866
867
868
869
870
871
872
873
874
875
876
877
878
879
880
881
882
883
884
885
886
887
888
889
890
891
892
893
894
895
896
897
898
899
900
901
902
903
904
905
906
907
908
909
910
911
912
913
914
915
916
917
918
919
920
921
922
923
924
925
926
927
928
929
930
931
932
933
934
935
936
937
938
939
940
941
942
943
944
945
946
947
948
949
950
951
952
953
954
955
956
957
958
959
960
961
962
963
964
965
966
967
968
969
970
971
972
973
974
975
976
977
978
979
980
981
982
983
984
985
986
987
988
989
990
991
992
993
994
995
996
997
998
999
1000
1001
1002
1003
1004
1005
1006
1007
1008
1009
1010
1011
1012
1013
1014
1015
1016
1017
1018
1019
1020
1021
1022
1023
1024
1025
1026
1027
1028
1029
1030
1031
1032
1033
1034
1035
1036
1037
1038
1039
1040
1041
1042
1043
1044
1045
1046
1047
1048
1049
1050
1051
1052
1053
1054
1055
1056
1057
1058
1059
1060
1061
1062
1063
1064
1065
1066
1067
1068
1069
1070
1071
1072
1073
1074
1075
1076
1077
1078
1079
1080
1081
1082
1083
1084
1085
1086
1087
1088
1089
1090
1091
1092
1093
1094
1095
1096
1097
1098
1099
1100
1101
1102
1103
1104
1105
1106
1107
1108
1109
1110
1111
1112
1113
1114
1115
1116
1117
1118
1119
1120
1121
1122
1123
1124
1125
1126
1127
1128
1129
1130
1131
1132
1133
1134
1135
1136
1137
1138
1139
1140
1141
1142
1143
1144
1145
1146
1147
1148
1149
1150
1151
1152
1153
1154
1155
1156
1157
1158
1159
1160
1161
1162
1163
1164
1165
1166
1167
1168
1169
1170
1171
1172
1173
1174
1175
1176
1177
1178
1179
1180
1181
1182
1183
1184
1185
1186
1187
1188
1189
1190
1191
1192
1193
1194
1195
1196
1197
1198
1199
1200
1201
1202
1203
1204
1205
1206
1207
1208
1209
1210
1211
1212
1213
1214
1215
1216
1217
1218
1219
1220
1221
1222
1223
1224
1225
1226
1227
1228
1229
1230
1231
1232
1233
1234
1235
1236
1237
1238
1239
1240
1241
1242
1243
1244
1245
1246
1247
1248
1249
1250
1251
1252
1253
1254
1255
1256
1257
1258
1259
1260
1261
1262
1263
1264
1265
1266
1267
1268
1269
1270
1271
1272
1273
1274
1275
1276
1277
1278
1279
1280
1281
1282
1283
1284
1285
1286
1287
1288
1289
1290
1291
1292
1293
1294
1295
1296
1297
1298
1299
1300
1301
1302
1303
1304
1305
1306
1307
1308
1309
1310
1311
1312
1313
1314
1315
1316
1317
1318
1319
1320
1321
1322
1323
1324
1325
1326
1327
1328
1329
1330
1331
1332
1333
1334
1335
1336
1337
1338
1339
1340
1341
1342
1343
1344
1345
1346
1347
1348
1349
1350
1351
1352
1353
1354
1355
1356
1357
1358
1359
1360
1361
1362
1363
1364
1365
1366
1367
1368
1369
1370
1371
1372
1373
1374
1375
1376
1377
1378
1379
1380
1381
1382
1383
1384
1385
1386
1387
1388
1389
1390
1391
1392
1393
1394
1395
1396
1397
1398
1399
1400
1401
1402
1403
1404
1405
1406
1407
1408
1409
1410
1411
1412
1413
1414
1415
1416
1417
1418
1419
1420
1421
1422
1423
1424
1425
1426
1427
1428
1429
1430
1431
1432
1433
1434
1435
1436
1437
1438
1439
1440
1441
1442
1443
1444
1445
1446
1447
1448
1449
1450
1451
1452
1453
1454
1455
1456
1457
1458
1459
1460
1461
1462
1463
1464
1465
1466
1467
1468
1469
1470
1471
1472
1473
1474
1475
1476
1477
1478
1479
1480
1481
1482
1483
1484
1485
1486
1487
1488
1489
1490
1491
1492
1493
1494
1495
        </DataArray>
      </Verts>
      <PointData>
        <DataArray type="Float32" Name="color" format="ascii">
4.321523e-05
0.0745298
0.0001038681
0.07444446
0.07431161
0.0742902
0.07416841
0.07416097
0.0003784522
0.0003888765
0.0739079
0.07385839
0.000410601
0.0004545846
0.07330778
0.07328983
0.07328818
0.07323566
0.07322402
0.07311335
0.07310045
0.07307121
0.0007451833
0.0007948046
0.0008242074
0.000856793
0.07301665
0.0008879937
0.0009053862
0.0009567128
0.00104131
0.001087186
0.07301167
0.0729553
0.07293657
0.001323388
0.0726323
0.001460789
0.001484556
0.001487242
0.07254327
0.001578936
0.001592484
0.00166633
0.07226558
0.07225041
0.001801968
0.07221794
0.001900801
0.002089086
0.07198831
0.07188834
0.002367735
0.002375201
0.002380155
0.002415816
0.07187229
0.002502351
0.07186198
0.07175198
0.002561789
0.07172821
0.07163967
0.07158189
0.002622577
0.002707444
0.07156666
0.002721027
0.07143464
0.07138085
0.07132201
0.002815565
0.002827794
0.07125771
0.07106332
0.002885845
0.002907713
0.07095573
0.002939691
0.07093083
0.00303008
0.00305258
0.07088837
0.003076084
0.07087466
0.07082091
0.07081767
0.003178707
0.003281973
0.07080964
0.003398059
0.003423373
0.07077332
0.003459675
0.0707296
0.07064942
0.003509494
0.07058199
0.07031367
0.07025566
0.00381478
0.07025191
0.003965853
0.07022127
0.003995945
0.07017609
0.00412504
0.004161609
0.004201937
0.07017037
0.004252333
0.07016132
0.07011374
0.0700595
0.07003215
0.004509077
0.07003055
0.004668282
0.07002293
0.06996012
0.004921379
0.069894
0.06976849
0.005086143
0.005108023
0.06975528
0.005213547
0.005256718
0.06973707
0.005269131
0.06960101
0.06917779
0.005327762
0.06911688
0.00543489
0.005443154
0.005460362
0.0690512
0.06903192
0.005498006
0.06900533
0.005544308
0.005621903
0.06891195
0.005718712
0.005766755
0.005785329
0.06886831
0.005934143
0.005938531
0.005990157
0.0687552
0.06866625
0.00613772
0.06848753
0.00620946
0.006293382
0.06842855
0.06840427
0.006548624
0.06838424
0.06831249
0.06821868
0.006761184
0.006763367
0.06802957
0.06790533
0.007013685
0.00705367
0.06772938
0.007173833
0.06767063
0.007301057
0.06765722
0.007328107
0.06763969
0.06763084
0.007476722
0.007487101
0.06756534
0.06753231
0.007677029
0.007678726
0.007795565
0.007875356
0.06752429
0.007907024
0.007933085
0.06740404
0.06732
0.008118881
0.06729347
0.008375633
0.008419503
0.008568615
0.008629071
0.06727299
0.06722821
0.008778665
0.008800264
0.008877054
0.06716193
0.008923857
0.008968937
0.009063954
0.009073435
0.009094523
0.06701501
0.009272298
0.06686902
0.00935241
0.06652088
0.06650149
0.009485004
0.009511674
0.009651257
0.06641769
0.009800356
0.06638254
0.009966834
0.06625001
0.06615403
0.01006723
0.06605396
0.01014737
0.01018024
0.06604588
0.01020039
0.06587917
0.01050395
0.06585056
0.06575941
0.01080081
0.06568458
0.06557395
0.01094925
0.01100688
0.06554566
0.0110328
0.06547363
0.06542437
0.06538638
0.01123781
0.01124906
0.01127331
0.06535712
0.06506351
0.06488045
0.01150756
0.01168069
0.06486017
0.064685
0.01204129
0.06452969
0.06410436
0.06380258
0.06377358
0.01230126
0.01233653
0.0636517
0.01244163
0.0636465
0.01259035
0.01259648
0.06361461
0.01263768
0.0635606
0.01277453
0.06349676
0.06339281
0.01288225
0.01302765
0.06337674
0.01303465
0.01308009
0.01315277
0.06321824
0.06319612
0.06284082
0.01331907
0.0628131
0.01350822
0.01351911
0.0627981
0.06250165
0.01380226
0.06231458
0.01383143
0.06230414
0.01385234
0.06229459
0.0621157
0.06205148
0.01412244
0.06193273
0.01415015
0.06180027
0.01424215
0.06176055
0.06159784
0.0143573
0.06126114
0.01446946
0.06109601
0.01458872
0.01464382
0.01474857
0.06106446
0.06094871
0.06087147
0.01506644
0.06083941
0.01515156
0.01515654
0.01520221
0.01523407
0.01544387
0.01550166
0.01551645
0.01553187
0.06083623
0.01556828
0.06080546
0.01569924
0.06074298
0.0607414
0.06059623
0.06040389
0.0602933
0.06025299
0.06019167
0.06012886
0.05983145
0.05972525
0.01606419
0.05963498
0.01617748
0.05953226
0.0162189
0.01626676
0.05949236
0.05945549
0.01645858
0.0165302
0.01656069
0.01685439
0.01693469
0.01693724
0.01699511
0.01706626
0.0171441
0.05929775
0.05926137
0.01727614
0.01743884
0.0174566
0.01749839
0.05924664
0.05914446
0.05905643
0.0175963
0.01764793
0.01778804
0.01783549
0.05904066
0.05897379
0.05896929
0.01799768
0.01805924
0.05886049
0.05871829
0.01813126
0.05867133
0.05843412
0.01829083
0.05842077
0.0584144
0.05837492
0.01845426
0.01847796
0.0184814
0.05827853
0.01879423
0.05818774
0.05812603
0.05786143
0.05768037
0.01921731
0.05765126
0.05762517
0.01930972
0.01932783
0.05759374
0.05758956
0.0195057
0.05749676
0.05749589
0.01976632
0.05737166
0.05731427
0.05699002
0.05692987
0.05690831
0.05690018
0.05684225
0.05646079
0.05624323
0.05617191
0.02089406
0.02099288
0.020994
0.05602218
0.05597511
0.02118377
0.02120763
0.02129267
0.05578044
0.0556819
0.02145301
0.0214605
0.02168708
0.05556706
0.0555613
0.02199599
0.05555682
0.02201642
0.02206
0.05515652
0.05507479
0.02213358
0.05499771
0.05496033
0.0223093
0.05489054
0.05471813
0.02253044
0.0225586
0.0225663
0.02258063
0.05467469
0.02260197
0.02262084
0.02267695
0.05450726
0.02281886
0.02284652
0.0228814
0.05401639
0.02294512
0.02306939
0.02316176
0.02319138
0.05395271
0.02334254
0.05382486
0.05361326
0.02355085
0.02358739
0.02359501
0.02376187
0.05349256
0.02400885
0.02404184
0.05324493
0.02415487
0.05323407
0.05313085
0.05296108
0.0529265
0.02423384
0.05289533
0.05252926
0.0525219
0.02437863
0.05251013
0.05239924
0.02454563
0.0523047
0.05215003
0.02482772
0.05186888
0.02485345
0.02490178
0.02497038
0.0250418
0.05180247
0.05168515
0.02512324
0.05160771
0.05158099
0.0515771
0.05149763
0.05135947
0.02530881
0.05128783
0.02545024
0.05115169
0.05110142
0.05105986
0.05098142
0.02570735
0.02577133
0.05076718
0.02602697
0.05067917
0.05067534
0.05050189
0.02629722
0.05044745
0.05034168
0.05025494
0.05017636
0.04987323
0.02663797
0.04982188
0.02675833
0.02678255
0.04969399
0.04955284
0.04954877
0.04954654
0.04946785
0.04938031
0.04934651
0.02722143
0.04895493
0.04875749
0.04864295
0.02731152
0.02746203
0.02751157
0.02753387
0.04863217
0.04846378
0.02764649
0.02783142
0.02783273
0.0279075
0.04843988
0.02807589
0.04838151
0.02813268
0.04825826
0.04815298
0.0283292
0.02842918
0.02849518
0.02858457
0.04806853
0.02859574
0.04778444
0.04778421
0.04774176
0.02870185
0.04767478
0.04754918
0.04744286
0.02886064
0.04740594
0.02889001
0.04714056
0.02897126
0.04702983
0.02908302
0.046981
0.02913974
0.04697656
0.04697629
0.04666543
0.04657421
0.02930348
0.02935684
0.04629485
0.02942346
0.04614813
0.02949671
0.02961753
0.04611906
0.02971674
0.04608134
0.04594531
0.04593541
0.04587723
0.03004174
0.03004693
0.04580333
0.04576078
0.03027381
0.03032403
0.04570655
0.0303808
0.04558698
0.04554889
0.04545408
0.04543888
0.03050509
0.03052372
0.04543535
0.04536258
0.03062832
0.03063366
0.0307031
0.03071222
0.0453043
0.03102663
0.03104449
0.04527781
0.04514208
0.03107135
0.03112331
0.0449666
0.04473615
0.03131382
0.04456706
0.03145279
0.0444142
0.04439806
0.04423792
0.0442301
0.04408134
0.04398357
0.03188446
0.04397764
0.03192794
0.03198927
0.04391792
0.0436998
0.03200717
0.03204798
0.04361464
0.03233751
0.04361319
0.03244818
0.03260176
0.03262502
0.04353672
0.0433701
0.03269767
0.04325713
0.04297841
0.03274706
0.04270332
0.03285811
0.04269348
0.03286782
0.03297439
0.04262194
0.04258624
0.03309523
0.03311718
0.0331283
0.04247796
0.04244461
0.03314829
0.03325918
0.03327347
0.03328261
0.03336784
0.04231941
0.04222674
0.03347687
0.04210572
0.04200355
0.04196381
0.03403325
0.04189132
0.04187174
0.03424876
0.04167482
0.03430447
0.04147064
0.03460528
0.03471291
0.04141072
0.03496868
0.03500985
0.04127605
0.03505341
0.03507042
0.03508253
0.03519033
0.04126759
0.03542091
0.03546863
0.04119375
0.04094229
0.03557063
0.03566644
0.04077449
0.0356917
0.03570297
0.03573554
0.03574644
0.03576745
0.03581516
0.0358477
0.03589538
0.04075593
0.03593047
0.03593143
0.03628493
0.04072694
0.03651604
0.04071784
0.04047835
0.04045398
0.04038768
0.0366962
0.03671997
0.03674101
0.03680522
0.03692992
0.04027992
0.03718502
0.037204
0.03720524
0.03732149
0.0373466
0.04025714
0.0376852
0.04024028
0.04008707
0.03772821
0.04002149
0.03978705
0.03783207
0.03789986
0.03800203
0.03803623
0.0397475
0.03812845
0.03947311
0.03939922
0.03935151
0.03826484
0.03833057
0.03919939
0.03838141
0.03838413
0.03914764
0.03903244
0.03850237
0.0385644
0.03879611
0.03873464
0.03874501
0.07483876
0.07484903
0.07488356
0.07520114
0.07527003
0.07534342
0.07543304
0.07566596
0.07577341
0.0758241
0.07590729
0.07599767
0.07631162
0.07631861
0.07642254
0.07644814
0.07649262
0.07671554
0.07676008
0.07702125
0.07717472
0.07723519
0.0772893
0.07737696
0.07763512
0.0777023
0.0777214
0.07772328
0.07778455
0.07790085
0.07796792
0.07808001
0.07852036
0.07853258
0.07863007
0.07872042
0.0790171
0.07906345
0.07908124
0.07908192
0.07921887
0.07929812
0.07966553
0.08007488
0.08009959
0.08013829
0.08016553
0.08023538
0.08052549
0.08073784
0.08079743
0.08081792
0.08093072
0.08098893
0.08102223
0.08123536
0.08134548
0.08136617
0.08155984
0.08174136
0.08198442
0.08202735
0.0820548
0.08238894
0.08266188
0.08291802
0.08291984
0.08294555
0.08296558
0.08297344
0.08298288
0.08328381
0.08331172
0.08334741
0.0835347
0.08355355
0.08356547
0.08380368
0.08394007
0.08394889
0.08400217
0.08413682
0.08415833
0.08418465
0.08426014
0.0842925
0.08433044
0.08433249
0.08447145
0.08481222
0.0849201
0.08493369
0.08503436
0.08513469
0.08526482
0.08532996
0.08533964
0.08547474
0.08548963
0.08557698
0.08575178
0.08583106
0.08601949
0.08609888
0.08616436
0.08618236
0.08637442
0.0864132
0.086431
0.08651152
0.0866326
0.08666295
0.08675166
0.08695018
0.08724489
0.08730385
0.08737901
0.08751853
0.0875648
0.08769809
0.08770298
0.08774086
0.08775997
0.08785189
0.08787964
0.0879155
0.08792433
0.0879368
0.08795553
0.0882904
0.08837379
0.0884986
0.08852403
0.08866096
0.08869979
0.08886354
0.08894822
0.08906416
0.0892564
0.08928835
0.08949097
0.08960378
0.089609
0.08963953
0.0897392
0.08984521
0.08986079
0.08989474
0.08991484
0.08998547
0.0900695
0.09008817
0.09030771
0.09050592
0.0905515
0.09056411
0.09064902
0.0906586
0.09066711
0.09067701
0.09069988
0.09085199
0.09087697
0.09088253
0.09089572
0.09109285
0.0912713
0.09156341
0.09189114
0.09192402
0.09213312
0.0922169
0.09225077
0.09227952
0.09244626
0.09265693
0.09269528
0.0927458
0.0928584
0.09292115
0.09331819
0.09334461
0.09335437
0.09338627
0.09340867
0.09349459
0.09354138
0.09370635
0.09377945
0.09400284
0.09409446
0.09426647
0.09431988
0.09436439
0.09440228
0.09456374
0.09460426
0.09486198
0.09492297
0.09494539
0.0950039
0.09500443
0.09503254
0.0950432
0.09505226
0.09507846
0.09513287
0.09515225
0.09519449
0.0953331
0.09534082
0.09546388
0.09554946
0.09566466
0.09570446
0.09576594
0.09592766
0.09599687
0.09630134
0.09640412
0.09644148
0.09650289
0.09657227
0.09658263
0.09659292
0.09660465
0.0969642
0.09703718
0.09715053
0.09738003
0.09754373
0.09786289
0.09788788
0.097908
0.09795399
0.09828755
0.09831501
0.098411
0.0984879
0.09858949
0.09866017
0.09868272
0.09875834
0.09883204
0.09885761
0.09888306
0.09896623
0.09908681
0.09933282
0.09933849
0.09938
0.09939038
0.09945445
0.0995847
0.09972742
0.09988543
0.09989762
0.1000051
0.1004107
0.1004954
0.1007095
0.1008262
0.1011163
0.1012395
0.101252
0.1012844
0.101438
0.1014755
0.101491
0.1015074
0.1016129
0.1016229
0.1016298
0.1017353
0.1018125
0.1018475
0.1018606
0.101945
0.1019531
0.1020173
0.1022304
0.1023059
0.1023977
0.1024785
0.1025422
0.1026893
0.1029677
0.1030477
0.1032118
0.103237
0.1032443
0.103251
0.103289
0.1033591
0.1033688
0.1033801
0.1034773
0.1035098
0.1036326
0.1036675
0.1038104
0.1038437
0.1038566
0.103932
0.103986
0.1042569
0.1043348
0.1044056
0.1044381
0.1048158
0.1050127
0.1051828
0.1054565
0.1055026
0.1055615
0.1055747
0.1056277
0.1057724
0.105847
0.1059138
0.1060977
0.106275
0.1063536
0.1064792
0.1065232
0.1066641
0.1068188
0.1068843
0.1069643
0.1071324
0.1071855
0.1073593
0.1073669
0.1073916
0.1074336
0.1075172
0.1075391
0.1075486
0.1075855
0.1077173
0.1077569
0.1078442
0.1078483
0.1079458
0.1081297
0.1083241
0.1084003
0.1084273
0.1084305
0.1085489
0.1088281
0.1090557
0.1091674
0.1092334
0.1092809
0.1092846
0.1093372
0.1093435
0.1093447
0.1095081
0.109667
0.1097327
0.1098755
0.1098865
0.1099198
0.1099601
0.110002
0.1100338
0.1100767
0.1103178
0.1104193
0.1104963
0.1106012
0.1106334
0.1106707
0.1108231
0.1108573
0.1108581
0.1108765
0.1109105
0.1111187
0.1111704
0.1112678
0.1112958
0.1113303
0.1114041
0.1114403
0.111443
0.1115629
0.111668
0.1117042
0.1117086
0.1118025
0.1118528
0.1119763
0.1119904
0.1120485
0.1120485
0.1120954
0.1120973
0.1121461
0.1122222
0.1122907
0.1123712
0.1124635
0.1125827
0.1127311
0.1128682
0.1129379
0.1129643
0.1129865
0.1132483
0.1135387
0.1135887
0.1140449
0.1143447
0.1144561
0.114459
0.1147146
0.1149261
0.1149791
0.1154164
0.1154505
0.1155528
0.1155706
0.115582
0.1158298
0.1161
0.1161822
0.1162783
0.1163235
0.1163291
0.116584
0.1166014
0.1166421
0.1170412
0.1172037
0.1172325
0.1172844
0.117461
0.1178326
0.1178485
0.1180804
0.1181264
0.1182231
0.1182266
0.1182794
0.1185033
0.1186971
0.1187701
0.1188055
0.1189834
0.1190707
0.1190925
0.1191113
0.1191471
0.1191784
0.1192273
0.1192669
0.1193288
0.1194244
0.1195193
0.1195539
0.1197375
0.1198102
0.1198406
0.1198752
0.1202258
0.1204815
0.1205139
0.1205802
0.1207458
0.1207773
0.1208339
0.1209058
0.121135
0.1211373
0.1211432
0.1211845
0.1212454
0.1213104
0.121436
0.121548
0.1216863
0.1217056
0.1219662
0.1221565
0.1223345
0.122366
0.1224142
0.1226745
0.1230446
0.1232544
0.1232835
0.1234986
0.1235355
0.1237247
0.1237884
0.1240493
0.1240524
0.1240533
0.1240552
0.1242363
0.1242865
0.1245244
0.1246301
0.124741
0.1247996
0.1248937
0.124948
0.1253529
0.125466
0.1254749
0.1254911
0.1255163
0.1255752
0.1255905
0.1256734
0.1257262
0.1257574
0.1258119
0.1260462
0.1260889
0.1263178
0.126438
0.1265438
0.126579
0.127036
0.1270515
0.1271931
0.127298
0.1273274
0.1276619
0.1277092
0.127778
0.1280214
0.1280911
0.1281736
0.1282301
0.1283627
0.1283749
0.1283925
0.1284038
0.1285636
0.1288249
0.1288615
0.129022
0.1290395
0.1291007
0.1291113
0.1292459
0.1292507
0.1293465
0.1294015
0.1294812
0.1295483
0.1296122
0.129645
0.1297456
0.1298886
0.1300108
0.1300412
0.1300462
0.1300716
0.1303232
0.1304035
0.1305154
0.1308079
0.1308421
0.1310698
0.1310793
0.1312444
0.1312778
0.1316729
0.1316752
0.1317619
0.1318064
0.1318309
0.1319031
0.1319342
0.1319547
0.1319734
0.1320834
0.1321248
0.1321904
0.1322006
0.1323002
0.1323046
0.1323216
0.1323618
0.1324136
0.1324168
0.1327055
0.132725
0.1328229
0.1328769
0.132878
0.1330055
0.133024
0.1331002
0.1332295
0.1333138
0.1333264
0.1334238
0.1335386
0.1335474
0.1336372
0.1336782
0.1337601
0.1338684
0.1340004
0.1340088
0.1341671
0.1341787
0.134299
0.1343463
0.13447
0.1344966
0.13455
0.1346123
0.1346513
0.1348283
0.1348938
0.1349207
0.1353676
0.1355303
0.135565
0.1357408
0.1357985
0.135815
0.1365031
0.1365378
0.1367602
0.1368519
0.1369561
0.1369622
0.1369749
0.1371287
0.1371982
0.1372316
0.1374532
0.1376352
0.137646
0.1376874
0.1378629
0.1378739
0.1379196
0.1379742
0.1385597
0.1385801
0.1386456
0.1386674
0.1386836
0.1388562
0.1388602
0.138975
0.1389866
0.1390419
0.1390566
0.1390756
0.1390759
0.1391305
0.139202
0.1395156
0.1396052
0.1396604
0.1396795
0.1396963
0.1397008
0.1397572
0.1400334
0.1402622
0.140349
0.1404149
0.1404261
0.1404957
0.1404957
0.1406994
0.1410482
0.1410682
0.1412148
0.1414904
0.1416026
0.1419333
0.1420036
0.1421275
0.1421328
0.1422437
0.1422575
0.1423233
0.1425047
0.1425647
0.1426113
0.1426428
0.142801
0.1428347
0.1429487
0.142972
0.1430378
0.143095
0.1435969
0.1436214
0.1438788
0.1440842
0.144468
0.1444693
0.1444823
0.1445781
0.1446134
0.1448873
0.1449565
0.1450913
0.14513
0.1451746
0.145214
0.1452897
0.1453782
0.1455565
0.1455778
0.1456017
0.1457954
0.1458078
0.1459195
0.1459922
0.1460626
0.1460735
0.1461337
0.1461992
0.1463058
0.1463201
0.1463387
0.1463589
0.1465718
0.1466411
0.1466933
0.1467033
0.1469114
0.1470622
0.1473556
0.1475512
0.14766
0.1477903
0.148077
0.1481409
0.1482096
0.1482303
0.1482358
0.1482887
0.1483844
        </DataArray>
        <DataArray type="Float32" Name="normal" NumberOfComponents="3" format="ascii">
0.8523235 0.0002314308 -0.5230148
0.8488495 0.4293563 -0.3083951
-0.1143888 -7.465269e-05 -0.993436
0.3909115 0.1974636 -0.8989974
-0.4479749 -0.2258193 -0.8650573
0.6786765 0.3419991 -0.6499498
-0.8902854 -0.4477792 -0.08297985
-0.5988814 -0.3011791 -0.742046
0.8176025 0.001944169 -0.5757799
-0.7469546 -0.0018251 -0.6648725
-0.5435846 -0.2722881 -0.7939616
-0.7368223 -0.3687965 -0.566641
0.8404643 0.002168304 -0.5418626
0.9836071 0.002809425 -0.1803032
-0.2749608 -0.1364367 -0.9517255
-0.5912194 -0.2932825 -0.7512955
-0.5289091 -0.2623657 -0.8071056
-0.8923286 -0.4422735 -0.09024303
0.1159194 0.05744367 -0.9915962
0.6868698 0.3397826 -0.6424622
-0.08009637 -0.03961421 -0.9959996
0.7885681 0.3898312 -0.4755965
-0.5876969 -0.00275169 -0.8090765
0.2622188 0.001309507 -0.9650075
-0.4775249 -0.002472956 -0.8786147
-0.2284069 -0.001229615 -0.973565
-0.3520776 -0.1739005 -0.9196738
-0.06592392 -0.0003678217 -0.9978246
0.9730444 0.005535426 -0.2305515
0.7578797 0.004555824 -0.6523784
0.09837834 0.0006436734 -0.9951489
0.7747823 0.005292615 -0.632206
-0.8924997 -0.4407946 -0.09562601
-0.3155124 -0.1556887 -0.9360625
0.8937365 0.4408811 -0.08281825
0.2132438 0.001773183 -0.9769974
0.2387299 0.1171987 -0.9639878
-0.8713659 -0.007997975 -0.4905686
0.896486 0.008362432 -0.4429932
-0.04921758 -0.0004599329 -0.998788
-0.696187 -0.3412932 -0.6315398
0.4765393 0.004727783 -0.8791404
0.6102004 0.00610579 -0.7922236
-0.6533602 -0.006840841 -0.7570162
0.4545327 0.2218437 -0.8626618
-0.8920822 -0.4352932 -0.1212814
-0.7646425 -0.008657729 -0.6443965
0.6469618 0.3155228 -0.6941799
0.1921622 0.00229512 -0.9813605
0.6508132 0.008543138 -0.7591898
-0.5464482 -0.2655272 -0.7942856
-0.4603685 -0.2233424 -0.8591735
-0.4164717 -0.006196273 -0.9091276
-0.7793248 -0.01163137 -0.6265122
-0.7476775 -0.01118231 -0.6639679
-0.9780857 -0.01484752 -0.2076727
0.3795776 0.1841004 -0.9066576
0.5493221 0.008637559 -0.835566
0.8977321 0.4353407 -0.06749436
0.3982146 0.1927679 -0.8968086
0.8856394 0.01425666 -0.4641548
-0.8048237 -0.389451 -0.4478691
-0.4091756 -0.1977176 -0.8907766
0.2961702 0.1429797 -0.9443728
-0.3838276 -0.006325338 -0.9233831
0.3025889 0.005147948 -0.9531073
0.5101611 0.2462261 -0.8240803
0.9914102 0.01695151 -0.1296861
0.1153684 0.05556391 -0.9917675
-0.3873375 -0.1863889 -0.9029002
0.8764249 0.4213413 -0.2331328
0.2749098 0.004863859 -0.9614577
0.8117297 0.01442397 -0.5838552
-0.6535832 -0.3138851 -0.6886982
-0.4344529 -0.2079946 -0.8763497
0.487045 0.008832215 -0.8733322
0.2426402 0.004433457 -0.9701062
0.8940374 0.4272783 -0.1346494
-0.8302931 -0.01533777 -0.557116
0.1773064 0.08470417 -0.9805038
-0.4083982 -0.007776252 -0.9127707
-0.269423 -0.005168146 -0.9630081
0.08735512 0.04170334 -0.9953039
0.1122534 0.002169861 -0.9936773
-0.9022243 -0.4306265 -0.02349789
-0.2651596 -0.1264492 -0.9558771
-0.2858394 -0.1363039 -0.9485342
0.9359491 0.01869564 -0.3516386
-0.2085937 -0.004302072 -0.9779929
-0.8657929 -0.4128039 -0.282835
-0.2238793 -0.004780691 -0.9746051
0.9911935 0.02132355 -0.1306931
0.3671212 0.1749379 -0.9135748
-0.971489 -0.02112134 -0.2361418
-0.4233794 -0.201603 -0.8832362
-0.8924874 -0.4244294 -0.1527284
-0.6352015 -0.01400898 -0.7722194
-0.7968295 -0.3785247 -0.4709371
-0.09359358 -0.04426731 -0.9946259
0.6297683 0.2975831 -0.7175208
-0.410006 -0.009829302 -0.9120299
-0.3456078 -0.1632993 -0.9240609
-0.8182258 -0.02039293 -0.5745351
-0.5021855 -0.2371639 -0.8316027
-0.9717494 -0.0244031 -0.2347501
0.8978922 0.42373 -0.1193422
-0.4410184 -0.01143305 -0.8974252
0.8851307 0.02314982 -0.4647663
0.211103 0.005574742 -0.9774479
-0.5292225 -0.2497255 -0.8109012
-0.9827932 -0.02626471 -0.1828326
-0.6469157 -0.3052167 -0.6988153
0.724806 0.3417007 -0.598245
-0.5955996 -0.2805399 -0.7527008
-0.8205216 -0.3863106 -0.4213175
0.8458474 0.02397043 -0.5328862
0.130109 0.06125514 -0.9896057
0.40826 0.01197839 -0.9127871
-0.5395225 -0.253975 -0.8027529
-0.04491425 -0.0211213 -0.9987676
-0.9426721 -0.02915854 -0.332444
0.8539954 0.4011653 -0.3312978
-0.7698684 -0.3609057 -0.5263551
-0.6066493 -0.0193934 -0.794733
0.00535068 0.0001717872 -0.9999857
0.8599725 0.4030584 -0.3130353
-0.9609011 -0.03148816 -0.2750957
-0.4765898 -0.01574698 -0.8789847
0.5880116 0.2755117 -0.7604838
0.5048004 0.0167185 -0.8630742
-0.637925 -0.2982337 -0.7100059
-0.6669895 -0.3096629 -0.677668
0.7407258 0.02480529 -0.6713494
-0.1047909 -0.04860246 -0.9933059
-0.5885264 -0.02010507 -0.808228
0.008822898 0.0003018639 -0.999961
0.6878932 0.02360982 -0.7254279
0.3405337 0.1577703 -0.9269009
-0.5483782 -0.2539846 -0.7967265
0.009641476 0.0003331973 -0.9999534
-0.8908992 -0.4124444 -0.1902322
-0.06601857 -0.002300748 -0.9978157
0.8669244 0.03063551 -0.4974973
0.2854664 0.1319542 -0.9492613
-0.9033849 -0.03247416 -0.4275992
0.1182766 0.004287461 -0.9929714
0.5385827 0.01958627 -0.842345
0.7653198 0.3535073 -0.537883
-0.6042855 -0.02254143 -0.7964489
-0.800494 -0.02988262 -0.5985953
-0.2648305 -0.009972207 -0.9642434
-0.2312825 -0.1066319 -0.9670253
0.1855485 0.08542068 -0.9789152
-0.7837985 -0.03024174 -0.6202785
0.5261522 0.2415082 -0.8153758
-0.9862462 -0.03849812 -0.1607366
-0.9559368 -0.03781983 -0.2911262
-0.8343518 -0.3826 -0.3968304
-0.8761926 -0.4016248 -0.2664284
-0.7226369 -0.02975056 -0.6905873
0.5083581 0.2329412 -0.8290418
0.3547977 0.1623829 -0.9207336
0.7546425 0.344845 -0.5582084
-0.3579395 -0.01521506 -0.9336208
0.1400185 0.005953738 -0.990131
0.07374886 0.03359475 -0.9967108
-0.07248476 -0.03295062 -0.996825
0.7646468 0.0337185 -0.6435669
0.8926305 0.03958688 -0.4490475
-0.3822112 -0.1732386 -0.907691
-0.8022535 -0.03618571 -0.5958858
-0.828234 -0.3750315 -0.4163891
0.9868788 0.04530376 -0.1549765
0.9010964 0.4079328 -0.1470241
0.7373521 0.03397455 -0.6746538
-0.7475845 -0.3383375 -0.5715289
0.860829 0.3895315 -0.3274731
0.9850619 0.04630995 -0.1658568
0.9955485 0.04686801 -0.08177182
0.8930264 0.4036584 -0.1989064
0.8583296 0.3877605 -0.336024
0.7751133 0.03741754 -0.6307133
-0.8525075 -0.04116275 -0.5210918
0.7450349 0.03652176 -0.6660249
0.412146 0.0204106 -0.9108891
0.5240968 0.2367351 -0.8180947
0.1350162 0.006713306 -0.9908206
-0.9812853 -0.04895275 -0.1862333
-0.6167163 -0.2780106 -0.7364585
-0.692405 -0.3116906 -0.6507105
-0.1232244 -0.006291435 -0.9923589
0.4925415 0.221622 -0.8415976
-0.9971491 -0.05252412 -0.05417492
0.9946439 0.05266709 -0.08893675
0.9982423 0.05379555 -0.02486909
-0.440993 -0.02393324 -0.8971914
0.4645152 0.2089396 -0.8605637
0.7734755 0.3476486 -0.5299775
-0.9788848 -0.05404813 -0.197138
0.2879295 0.01593693 -0.957519
0.6058686 0.03382812 -0.7948452
-0.7195354 -0.3230444 -0.6147447
-0.9113127 -0.05115115 -0.408525
-0.8853801 -0.04994715 -0.4621768
-0.2798936 -0.01595734 -0.9598984
0.8858049 0.05055458 -0.461296
0.9325615 0.05334704 -0.3570478
-0.7162336 -0.320768 -0.619772
0.9608812 0.05604395 -0.2712311
0.1774179 0.07926198 -0.9809386
-0.7702371 -0.04531356 -0.6361457
0.6703219 0.2977111 -0.6797327
0.5238007 0.23256 -0.8194807
-0.9854624 -0.05879928 -0.1593939
-0.7858087 -0.04701876 -0.6166797
0.6561997 0.03984122 -0.7535348
0.7303371 0.323799 -0.6014665
0.9936628 0.06126468 -0.09423777
0.8615211 0.3817325 -0.3347563
0.214007 0.01341941 -0.9767399
0.3710375 0.164034 -0.9140154
-0.7147769 -0.3154844 -0.6241503
-0.9349532 -0.05921881 -0.3497937
-0.6974124 -0.3072965 -0.6474448
-0.7730708 -0.0493562 -0.6323966
0.6435193 0.04121852 -0.7643192
0.7002631 0.30851 -0.6437804
-0.5208923 -0.03343026 -0.8529675
0.8573909 0.3766628 -0.350722
-0.4092352 -0.02704809 -0.9120279
0.2150294 0.09441909 -0.9720326
0.883657 0.3874089 -0.2628016
0.5489396 0.03731027 -0.8350289
0.703245 0.3079194 -0.6408058
0.6236592 0.2725558 -0.7326408
0.2925782 0.02016008 -0.9560291
-0.9880289 -0.06843951 -0.138257
-0.2934244 -0.1281722 -0.947351
-0.9603868 -0.06668192 -0.270575
0.06593292 0.02876498 -0.9974093
-0.07436378 -0.03241577 -0.9967042
0.5499868 0.2395874 -0.8000703
0.5976585 0.04227048 -0.8006358
-0.5091869 -0.03604935 -0.8599007
0.9403269 0.06671713 -0.3336678
0.7878276 0.3430243 -0.511529
-0.3680714 -0.1594531 -0.916023
-0.380946 -0.1645104 -0.9098442
-0.9605666 -0.06957421 -0.2692047
0.7536358 0.05541034 -0.6549525
0.6303031 0.2720993 -0.7271038
0.5704053 0.2454972 -0.7838169
-0.6495222 -0.0492353 -0.7587468
0.8350878 0.3584487 -0.4173043
-0.5965867 -0.2541898 -0.7612305
-0.5102785 -0.2162739 -0.8323709
-0.05180346 -0.02194498 -0.9984161
0.3123082 0.02418683 -0.9496729
-0.70107 -0.05445091 -0.7110105
0.4407162 0.1862983 -0.8781014
0.9899271 0.07754368 -0.118454
-0.7710225 -0.3258947 -0.5470986
-0.2350844 -0.01863583 -0.9717963
-0.5710372 -0.04528993 -0.8196739
-0.638971 -0.2699285 -0.7203156
0.7847022 0.06244047 -0.6167201
-0.3620572 -0.1528035 -0.9195464
0.9551889 0.07683305 -0.285851
-0.9036596 -0.3809559 -0.1956323
-0.8393002 -0.3531784 -0.4133282
-0.3416786 -0.02771656 -0.9394081
-0.02136849 -0.001753038 -0.9997701
0.2405012 0.1011746 -0.9653615
-0.9701108 -0.07962935 -0.2292254
-0.4821222 -0.03971248 -0.8752035
0.1938816 0.0160592 -0.9808935
-0.5360773 -0.2248901 -0.8136618
-0.9181326 -0.3850164 -0.09378159
0.1313855 0.05475158 -0.9898182
0.9898013 0.08302658 -0.115758
-0.8040621 -0.3349082 -0.4912441
-0.9945584 -0.08461605 -0.06077627
-0.6902927 -0.05877702 -0.7211389
0.142046 0.05914933 -0.9880912
-0.8056085 -0.3337037 -0.4895272
0.6552278 0.05696563 -0.7532805
0.8414289 0.3473833 -0.413911
0.5341016 0.04653353 -0.8441387
-0.6240134 -0.2575756 -0.7377412
0.9846821 0.08592065 -0.1517196
-0.7014509 -0.2894904 -0.6512772
-0.7227163 -0.2973164 -0.6239263
0.9099586 0.3739164 -0.1793374
0.911731 0.08111446 -0.4026996
0.2346142 0.09620214 -0.9673166
-0.00662127 -0.0005902402 -0.9999779
0.2273653 0.09300879 -0.9693577
-0.8429767 -0.07563666 -0.5326061
0.3525559 0.1441181 -0.9246266
-0.2865026 -0.116775 -0.9509363
0.7584977 0.06860998 -0.648054
-0.396892 -0.1607901 -0.9036721
0.6121411 0.0558062 -0.7887769
0.7544498 0.3047342 -0.5813283
0.8783089 0.08073524 -0.4712275
-0.163588 -0.01509432 -0.9864133
0.9602659 0.0892415 -0.2644341
0.87567 0.3534951 -0.3290037
0.6425661 0.2588512 -0.7211829
-0.859843 -0.345894 -0.3755362
0.4457438 0.04232295 -0.8941595
0.9261974 0.3723701 -0.05915221
-0.6510328 -0.06216627 -0.7564996
-0.5494191 -0.05248068 -0.8338971
-0.4951835 -0.04744347 -0.867492
-0.8106856 -0.07783548 -0.5802849
0.9251227 0.09005367 -0.3688338
0.2552647 0.02494166 -0.9665495
0.008108473 0.0007930314 -0.9999668
-0.3839017 -0.0375842 -0.9226087
-0.9179755 -0.3690432 -0.145355
-0.6913784 -0.06784604 -0.7193003
-0.9016202 -0.3622656 -0.2363148
-0.7700279 -0.07620382 -0.633443
-0.05806416 -0.02330336 -0.9980409
-0.1304574 -0.05235602 -0.9900706
-0.1137762 -0.04554096 -0.9924621
0.9283015 0.3702684 -0.0340256
0.927182 0.3690753 -0.0641628
-0.7559299 -0.3006847 -0.5815141
0.8413101 0.3342708 -0.4248061
0.1504008 0.05968878 -0.9868216
-0.7265154 -0.2867582 -0.6244559
-0.8454546 -0.333052 -0.417472
0.9769676 0.0989458 -0.1890611
0.9068271 0.3566346 -0.2246695
0.5598174 0.05710004 -0.8266463
0.8010835 0.3144512 -0.5092992
0.7737062 0.07911967 -0.6285847
-0.9459386 -0.09701966 -0.3094954
0.7088369 0.2780364 -0.6482639
-0.9310272 -0.3649401 -0.002666558
0.5295815 0.0549613 -0.8464766
-0.9210254 -0.09600529 -0.3774855
-0.9808115 -0.1024272 -0.1658838
-0.8106917 -0.08617405 -0.5790967
-0.5087739 -0.05434071 -0.8591835
0.3233372 0.03453997 -0.9456533
-0.9935288 -0.1064975 -0.03948148
0.2240158 0.02411381 -0.9742872
-0.9490138 -0.1026246 -0.2980622
-0.1524141 -0.05956843 -0.9865199
-0.9116704 -0.3560706 -0.2051117
0.0180084 0.001962511 -0.9998359
-0.1219135 -0.01341196 -0.9924501
-0.2009765 -0.02213255 -0.979346
0.01429125 0.001577623 -0.9998966
-0.06991486 -0.02729914 -0.9971793
0.6539016 0.2548405 -0.7123686
0.8640577 0.3361928 -0.3746716
0.313324 0.03478319 -0.9490091
0.2591758 0.02885714 -0.965399
-0.7180987 -0.08059458 -0.6912588
0.591657 0.06658221 -0.8034356
-0.3059903 -0.1190216 -0.9445654
-0.6506158 -0.2527566 -0.7161098
0.1926379 0.0748313 -0.9784124
-0.5836996 -0.06628916 -0.8092592
-0.979787 -0.1116556 -0.1659833
-0.8650196 -0.3353415 -0.373212
-0.2175633 -0.08411905 -0.9724146
0.7649775 0.08752681 -0.6380818
0.5010306 0.1935495 -0.8435087
-0.701005 -0.2696001 -0.6602331
-0.6127534 -0.07073215 -0.7871025
0.6519374 0.2506663 -0.7156424
0.5460076 0.2099118 -0.8110566
0.454726 0.1746893 -0.8733315
0.9863328 0.1148821 -0.1181093
-0.6119612 -0.07136993 -0.787661
-0.2532392 -0.02953956 -0.9669526
0.3872662 0.1485046 -0.9099292
0.9674308 0.1147756 -0.2256196
-0.7582918 -0.2902853 -0.5837191
-0.8987763 -0.3436654 -0.2722045
-0.3787679 -0.1441083 -0.9142033
-0.6374449 -0.2416963 -0.7316056
-0.8235979 -0.09993223 -0.558301
0.6984372 0.2646762 -0.66493
0.2169563 0.08217599 -0.9727163
0.4886166 0.05957476 -0.8704623
0.9691088 0.1182709 -0.2164257
0.8741756 0.330912 -0.3554073
-0.8291551 -0.3138449 -0.4626047
-0.9745441 -0.1200397 -0.1893523
0.7444959 0.2813042 -0.6054699
0.2451256 0.092618 -0.9650572
0.614617 0.07672755 -0.7850853
-0.8913311 -0.3359849 -0.3043731
0.6009844 0.226292 -0.766557
-0.3637445 -0.1361172 -0.9214999
-0.3529323 -0.1319192 -0.9263024
0.7737999 0.2891117 -0.5636028
-0.9244092 -0.3453295 -0.1619109
0.7940432 0.2962996 -0.5307561
0.6498275 0.2407123 -0.7209589
0.03692725 0.0136214 -0.9992251
-0.7040586 -0.2593485 -0.6610898
-0.6993672 -0.09234495 -0.7087721
-0.6510486 -0.08637621 -0.7541053
0.9802218 0.1300555 -0.1491669
0.8369626 0.3074114 -0.4527601
0.4690216 0.1721115 -0.8662543
0.9724398 0.1302031 -0.1934115
-0.4966464 -0.06657335 -0.8653961
0.8848358 0.1190898 -0.4504257
0.5973502 0.218374 -0.7716771
0.5671819 0.2069474 -0.7971684
-0.9845644 -0.1335223 -0.1131579
-0.0208975 -0.002835029 -0.9997776
0.832836 0.1141932 -0.5416125
0.8329002 0.3032191 -0.4629637
-0.1905737 -0.06937096 -0.9792187
-0.9653137 -0.134267 -0.2239234
0.0624623 0.02273498 -0.9977884
0.9561617 0.1331191 -0.2608334
-0.7961735 -0.1110675 -0.5947872
0.9287044 0.3353863 -0.1581903
-0.9406545 -0.3391559 -0.01193575
-0.7603119 -0.1064231 -0.6407807
0.9370794 0.3373542 -0.08985715
0.3828377 0.1377223 -0.9134921
0.3939529 0.05558627 -0.9174483
-0.6326805 -0.2272876 -0.7403078
0.7976183 0.2855656 -0.5312789
0.7266056 0.1035531 -0.6792062
0.9140643 0.130434 -0.3840227
0.6784579 0.09684721 -0.7282277
0.9252757 0.1321645 -0.355524
-0.3730018 -0.1334283 -0.9181865
-0.8813597 -0.1260122 -0.4553307
-0.3576248 -0.05117459 -0.9324622
-0.9866993 -0.1415475 -0.0799292
0.3972147 0.1416185 -0.906733
0.6306896 0.09104993 -0.7706754
-0.7435939 -0.1074814 -0.6599363
0.9145803 0.1324009 -0.3821164
-0.8690659 -0.3068292 -0.3880467
-0.1508207 -0.02189549 -0.9883186
-0.9721944 -0.1419141 -0.1862753
-0.8080931 -0.1184388 -0.577025
-0.9166835 -0.1345287 -0.376289
-0.9085209 -0.3203503 -0.2682638
0.9869635 0.1458004 -0.06815707
-0.8004956 -0.2815371 -0.5290971
-0.4901395 -0.1716519 -0.8545753
0.1172702 0.01748076 -0.9929462
-0.9881938 -0.147536 -0.0413058
-0.7538879 -0.1125913 -0.6472838
-0.8934152 -0.1343871 -0.4286599
0.819453 0.2862833 -0.4965265
0.3775234 0.05738614 -0.9242201
-0.9815043 -0.1494035 -0.1196992
-0.9151862 -0.3181317 -0.2474396
0.9307348 0.1423518 -0.3368511
0.7253314 0.25208 -0.6405857
0.8650266 0.3000007 -0.4021549
-0.1255186 -0.04338127 -0.9911423
0.02988723 0.01032225 -0.9995
0.09508768 0.01459154 -0.995362
0.9241618 0.3189781 -0.2101854
-0.9373561 -0.3211213 -0.1350726
0.906616 0.3105434 -0.2856751
-0.7835604 -0.1209698 -0.6094255
0.713347 0.244284 -0.6568573
0.04069394 0.01390387 -0.9990749
0.5740455 0.08924069 -0.8139458
0.9442024 0.3219788 -0.06936442
0.175131 0.05953082 -0.9827437
0.4319061 0.06792804 -0.8993569
0.6786625 0.2293555 -0.6977201
-0.632002 -0.09950284 -0.7685523
-0.5767998 -0.09099127 -0.8118021
0.2678691 0.0423752 -0.962523
0.4604541 0.07305273 -0.8846725
0.5148082 0.1737413 -0.8395156
0.9466372 0.318701 -0.04803793
0.8092503 0.1288151 -0.5731671
-0.4904976 -0.1648684 -0.8557047
-0.9142511 -0.3071317 -0.2642255
-0.9213753 -0.3094999 -0.2351114
-0.9472941 -0.3176801 -0.04139155
-0.9223804 -0.3084346 -0.2325561
-0.8316665 -0.1333777 -0.5390187
-0.5538046 -0.1849095 -0.8118553
-0.5676159 -0.0915483 -0.8181877
-0.6562069 -0.2184768 -0.7222606
0.9022205 0.3000678 -0.3097701
-0.7564618 -0.2513708 -0.6038031
-0.8226644 -0.2729197 -0.4987364
-0.7128427 -0.1161532 -0.6916385
0.6907515 0.1128386 -0.7142338
-0.8187333 -0.2703927 -0.5065211
-0.9350747 -0.1542927 -0.3191067
0.8204107 0.2704436 -0.5037723
-0.7714868 -0.2542955 -0.5832168
0.948366 0.3114526 -0.05999329
0.9859482 0.1644074 -0.02960232
0.848934 0.2784764 -0.4491791
-0.7606233 -0.2489481 -0.5995641
-0.9503393 -0.3104679 -0.02156028
0.4448974 0.1451012 -0.8837488
-0.8884755 -0.287901 -0.3573854
-0.4303586 -0.0727099 -0.8997248
0.1903203 0.06160341 -0.9797873
0.9809693 0.1664997 -0.09988534
0.3863596 0.06563724 -0.9200098
0.501235 0.1617963 -0.8500503
0.7770329 0.2500619 -0.5776582
0.9329684 0.3002182 -0.1985923
-0.6868973 -0.2210248 -0.6923295
0.5960908 0.1914805 -0.7797506
0.6423302 0.2059442 -0.7382404
-0.7573613 -0.2426482 -0.606239
-0.8932187 -0.1542811 -0.4223242
-0.1650159 -0.05242152 -0.9848968
-0.8643199 -0.2733932 -0.4221461
0.5032578 0.1587873 -0.8494223
0.9457371 0.1639037 -0.2805654
0.9840584 0.1715038 -0.04706819
-0.1315713 -0.02297273 -0.9910405
0.6932158 0.1211376 -0.7104769
0.6485685 0.2045872 -0.7331459
0.8442206 0.2653228 -0.4657202
0.9463776 0.166067 -0.2771122
0.6092881 0.1076457 -0.7856084
-0.9284667 -0.1640443 -0.3332252
0.9727578 0.1723411 -0.155051
0.2975174 0.09345511 -0.9501313
-0.9588555 -0.1709245 -0.226674
0.3122582 0.09795961 -0.9449332
0.7649377 0.1366386 -0.6294444
-0.06231903 -0.01949732 -0.9978658
0.8930038 0.2787395 -0.3533392
0.8103531 0.1457838 -0.5675164
-0.9696649 -0.1750732 -0.1705852
-0.7570772 -0.1370146 -0.6387966
0.9824978 0.1783808 -0.05365161
0.8315856 0.2590845 -0.4912642
-0.173501 -0.03151317 -0.9843294
-0.9459802 -0.2928732 -0.1390926
-0.679833 -0.2104736 -0.7025155
0.416744 0.1289005 -0.8998384
0.8877455 0.1618536 -0.4309424
0.7097769 0.2192094 -0.6694505
-0.2957621 -0.09108837 -0.9509089
-0.06222524 -0.01911854 -0.997879
-0.6268397 -0.1149316 -0.7706249
0.3754171 0.1152506 -0.9196626
0.9333366 0.1713061 -0.3154947
0.9546257 0.2913229 -0.0618119
-0.7197604 -0.1324858 -0.6814635
-0.915624 -0.2787246 -0.2897331
-0.954434 -0.1763751 -0.2407228
0.2572796 0.07823209 -0.963165
0.4587164 0.0849378 -0.8845139
0.6927888 0.210638 -0.6896922
0.2283881 0.06943953 -0.9710906
0.5250383 0.158514 -0.8361866
0.4900808 0.1476535 -0.8590805
0.3524402 0.06563435 -0.9335299
0.5181215 0.09666865 -0.8498266
0.3024003 0.09052971 -0.9488722
-0.1230157 -0.02300498 -0.992138
-0.0172656 -0.005151474 -0.9998377
0.9668701 0.1812735 -0.1797277
0.02031257 0.003824263 -0.9997864
0.3742685 0.1115946 -0.9205812
-0.8103971 -0.1530972 -0.5655243
-0.7714773 -0.2298303 -0.5932966
0.9279653 0.2755862 -0.2508636
0.6320776 0.187671 -0.7518361
0.8329374 0.2469772 -0.4951944
-0.5328667 -0.1017946 -0.8400541
-0.9404396 -0.1796859 -0.2885936
-0.8501016 -0.2516373 -0.4626076
-0.2879317 -0.08514649 -0.9538582
-0.8983608 -0.1729738 -0.4037672
0.3392668 0.06543475 -0.9384116
0.9281181 0.2741171 -0.2519062
-0.8848827 -0.1709957 -0.4332934
0.04596765 0.01353888 -0.9988512
0.7622147 0.2242973 -0.6072228
-0.225045 -0.06607846 -0.9721051
0.4006131 0.1175878 -0.9086706
0.8552833 0.1659688 -0.4908613
0.5158823 0.1001703 -0.8507828
-0.3261641 -0.09572769 -0.9404537
0.3514955 0.1029878 -0.9305076
0.5803238 0.1130789 -0.806497
-0.9644308 -0.1879576 -0.1858632
-0.9788113 -0.1912035 -0.0732781
-0.355371 -0.06944022 -0.9321424
0.517823 0.1515157 -0.8419634
0.5055143 0.0998157 -0.8570251
0.9156423 0.1809038 -0.358989
-0.4830754 -0.1412612 -0.8641084
-0.8660383 -0.252446 -0.4315654
-0.8439899 -0.1668954 -0.5097322
-0.7533746 -0.1492322 -0.6404345
-0.8586476 -0.2492648 -0.4478742
0.07928287 0.02289134 -0.9965893
0.9045926 0.1803118 -0.3862639
0.8893145 0.2557485 -0.3790941
0.9445353 0.1891312 -0.2684817
0.2886234 0.08270209 -0.9538642
-0.7328239 -0.2099028 -0.6472325
-0.915822 -0.2613221 -0.3049274
-0.9211537 -0.2627945 -0.28708
0.4786713 0.1360757 -0.8673853
-0.749909 -0.2126848 -0.6264197
0.842916 0.1711624 -0.5100942
0.4680654 0.1327311 -0.8736688
-0.6468373 -0.1315307 -0.7511998
0.550373 0.1121361 -0.8273543
-0.324578 -0.09191027 -0.9413828
0.8656191 0.2438351 -0.4373192
0.971692 0.1980918 -0.1287414
-0.05701413 -0.01163829 -0.9983056
-0.3864044 -0.1086226 -0.9159109
-0.9016038 -0.1857534 -0.3906486
-0.9273229 -0.2606718 -0.2685564
-0.2987075 -0.06175794 -0.9523444
-0.716186 -0.1487926 -0.6818638
0.9506976 0.1976589 -0.2389665
0.7025285 0.1971176 -0.6838117
0.3225958 0.09015069 -0.942234
0.4292587 0.08945135 -0.898741
0.6169727 0.1719435 -0.7679715
-0.7318853 -0.2025878 -0.6506168
0.1108343 0.02313216 -0.9935697
0.3289718 0.09044837 -0.9399982
0.3929033 0.08228876 -0.9158906
-0.6654222 -0.1829087 -0.7237111
-0.04981929 -0.01043721 -0.9987037
0.8325456 0.1750015 -0.5255876
-0.9629087 -0.2642152 -0.0547458
-0.6581643 -0.1804367 -0.7309326
-0.4269151 -0.09007628 -0.8997943
0.5568632 0.1175747 -0.8222405
0.7672438 0.1620499 -0.6205455
0.7986674 0.2183718 -0.5607532
0.8516172 0.2326576 -0.4697005
-0.9725958 -0.20555 -0.1086585
-0.9332652 -0.1979172 -0.2997413
-0.9195065 -0.1950857 -0.3412467
0.708564 0.1503739 -0.689438
0.2701067 0.05747415 -0.9611135
0.8387561 0.2284351 -0.4942728
0.55475 0.1507391 -0.8182483
0.8267236 0.176505 -0.5342041
-0.7858662 -0.2128975 -0.5805936
0.8731598 0.2359445 -0.4265234
-0.2250434 -0.06075074 -0.972453
-0.3529559 -0.07664695 -0.9324952
0.5475722 0.1475503 -0.8236465
-0.3735703 -0.100614 -0.9221291
-0.005915178 -0.001292914 -0.9999816
-0.1125003 -0.03015054 -0.9931942
0.9762283 0.2137378 -0.03597896
0.6010014 0.1602447 -0.7830191
-0.9734939 -0.2150681 -0.07781626
-0.9692943 -0.2148279 -0.1196566
0.5410782 0.1440493 -0.8285434
0.886983 0.198081 -0.417163
-0.2482497 -0.05550652 -0.9671045
0.2898576 0.07690513 -0.9539749
0.7508097 0.1680904 -0.6387726
-0.9753713 -0.2184745 -0.03032681
0.7383656 0.1654463 -0.6537918
-0.7559373 -0.1699214 -0.6322069
-0.4639067 -0.1230575 -0.8772955
-0.013464 -0.003046968 -0.9999047
-0.2269352 -0.05142809 -0.972551
0.3942974 0.1043969 -0.9130338
-0.8683474 -0.2284422 -0.4402124
-0.8254908 -0.1876291 -0.532316
-0.964342 -0.2197998 -0.1474196
0.8369407 0.2192366 -0.5014634
-0.1630643 -0.03719403 -0.9859141
-0.9017984 -0.2057622 -0.3800285
-0.4092304 -0.09346166 -0.9076318
0.4269045 0.09752893 -0.899022
0.9331411 0.2133113 -0.289389
-0.1103128 -0.02525175 -0.9935761
0.872874 0.1999977 -0.4450752
-0.805295 -0.1847676 -0.563348
-0.9649164 -0.2526396 -0.07148158
0.8543552 0.1962224 -0.4812213
0.4433509 0.1018286 -0.8905453
-0.2471007 -0.05733202 -0.9672922
0.7957399 0.20819 -0.568731
-0.9438309 -0.2204314 -0.2461569
-0.01599035 -0.004182589 -0.9998634
0.940829 0.2445803 -0.2345663
-0.9154281 -0.2378274 -0.3246991
0.6507095 0.1687644 -0.7403349
0.9614877 0.2257031 -0.1568427
0.5376487 0.1262944 -0.8336568
0.03271444 0.007689226 -0.9994352
-0.881776 -0.2076287 -0.4235109
0.970512 0.2293258 -0.07427124
0.9515849 0.2461103 -0.1841628
0.02170972 0.005166623 -0.999751
-0.6298218 -0.1499685 -0.7621247
0.1695632 0.04037653 -0.9846919
0.3769194 0.09004335 -0.921859
0.1522985 0.03640842 -0.9876637
0.8714842 0.2252606 -0.4356293
-0.7962519 -0.1921434 -0.5736409
-0.9682034 -0.2501511 -0.002562369
0.8637707 0.2222824 -0.4522065
0.5615268 0.1356625 -0.8162618
0.7403648 0.1902 -0.6447355
0.6241719 0.1593702 -0.7648598
0.2605846 0.06313616 -0.9633844
-0.8080859 -0.1961528 -0.555447
0.9597715 0.2336252 -0.1557495
-0.5350949 -0.1303733 -0.8346714
-0.3251647 -0.08293843 -0.9420133
-0.7835522 -0.1913897 -0.5911142
-0.1319442 -0.03341231 -0.9906939
0.3881977 0.09811176 -0.9163387
0.4400663 0.1110805 -0.8910683
-0.9669632 -0.2370677 -0.09370777
0.1789748 0.04395713 -0.9828712
-0.639814 -0.16085 -0.7515087
0.6931914 0.1704862 -0.7003
0.8421959 0.2071482 -0.4977909
0.8044881 0.2019712 -0.5585755
0.4948842 0.1238627 -0.8600858
-0.1517091 -0.03743423 -0.9877161
-0.9574985 -0.2366587 -0.1648918
0.9675531 0.2406391 -0.07703134
0.8452951 0.2098858 -0.4913493
0.9536033 0.2368445 -0.1858639
-0.2018942 -0.1026127 -0.9740171
0.8262594 0.4200135 -0.3753453
0.5579625 0.2837821 -0.7798369
0.8893346 0.4545553 -0.04963296
-0.8784217 -0.4494572 -0.1623688
0.5198618 0.2662973 -0.8116831
0.8645949 0.4435004 -0.2361841
-0.873144 -0.449501 -0.1885959
0.4059617 0.2093389 -0.8895911
0.8869578 0.4577279 -0.06157203
-0.3330197 -0.1720803 -0.9270848
0.8845978 0.4577323 -0.08926255
0.7967575 0.4142742 -0.4399482
0.8842286 0.4598042 -0.08197475
0.8603492 0.4481007 -0.2429094
0.03312562 0.01725978 -0.9993021
0.7238704 0.377423 -0.5775496
-0.5590189 -0.2924666 -0.7758615
0.8572807 0.4488164 -0.2522569
0.8851692 0.4652693 -5.084673e-05
0.8739464 0.4604464 -0.1555851
-0.6871499 -0.3623646 -0.629696
0.8489203 0.4480423 -0.2803434
0.6794136 0.3590588 -0.6399015
0.8338879 0.4424277 -0.3299828
-0.5603801 -0.2976186 -0.7729148
-0.5525368 -0.2935381 -0.7800888
-0.6987707 -0.3712361 -0.6114763
-0.8733031 -0.4643912 -0.1472496
-0.8754196 -0.4663375 -0.1271607
0.8355176 0.4455338 -0.3215741
-0.3080516 -0.164545 -0.9370321
0.7408663 0.3983706 -0.5407568
0.8301365 0.4464543 -0.3339941
-0.8670583 -0.466996 -0.1735642
0.6496313 0.3503662 -0.674702
0.7983446 0.4324948 -0.4190395
0.8500539 0.460828 -0.2550409
-0.7539496 -0.4088374 -0.51421
-0.6809955 -0.3692811 -0.632358
0.3737331 0.2030793 -0.9050317
-0.5864114 -0.3190228 -0.7445443
-0.8410309 -0.4600617 -0.284623
0.2317461 0.1275455 -0.9643785
0.6900558 0.3799239 -0.6160201
0.09744663 0.05368205 -0.9937919
0.3093514 0.1704866 -0.9355405
0.8086085 0.4460949 -0.3836035
-0.6642888 -0.3680573 -0.65058
0.6458226 0.3589529 -0.6738442
-0.8738111 -0.4860989 -0.0127301
0.4621973 0.2571971 -0.8486597
-0.3916979 -0.2183303 -0.8938147
0.8301087 0.4630961 -0.3105825
0.1383284 0.0772078 -0.9873724
-0.3118611 -0.1746129 -0.9339448
-0.749997 -0.4206098 -0.510482
-0.5805864 -0.3257009 -0.746216
-0.7389383 -0.4157171 -0.5302353
-0.8494901 -0.4791885 -0.2207826
0.7605547 0.4305534 -0.4859838
0.05954861 0.03373194 -0.9976553
-0.7548251 -0.4277506 -0.497261
-0.8558934 -0.4874018 -0.1728759
0.06056707 0.03462854 -0.9975633
-0.8109073 -0.4653604 -0.3547803
0.5296385 0.303955 -0.7918929
0.6908596 0.3966267 -0.6044835
-0.5765312 -0.3310866 -0.7469895
0.3992709 0.2293169 -0.8876917
-0.1998059 -0.1147721 -0.9730904
0.8030119 0.4632861 -0.3748838
0.2275121 0.131313 -0.9648809
0.3678798 0.2124389 -0.9052812
0.5421105 0.3139028 -0.779475
-0.787447 -0.4560867 -0.4146228
0.3604806 0.2088252 -0.9090906
-0.8639705 -0.5022238 -0.0364162
0.8633481 0.5028523 -0.04206686
-0.1354702 -0.07891393 -0.9876338
-0.01918034 -0.01118151 -0.9997535
-0.3596545 -0.2100747 -0.90913
0.05069783 0.02962186 -0.9982746
0.1631082 0.09533749 -0.9819911
-0.1091859 -0.06388916 -0.991966
0.463318 0.2712328 -0.8436641
0.3411278 0.1998102 -0.9185356
0.6656774 0.3899214 -0.6362664
0.8621329 0.5060071 -0.02614802
-0.3063139 -0.1806661 -0.9346291
0.858912 0.5073773 -0.06955945
-0.5258402 -0.3106854 -0.7918122
0.6356739 0.3761218 -0.6741298
0.8581876 0.5085114 -0.07021587
0.4778952 0.2837008 -0.8313423
0.3789313 0.225161 -0.8976155
0.1854645 0.1102183 -0.9764501
0.5943657 0.3539042 -0.7221366
-0.08970228 -0.05342295 -0.9945348
0.5827161 0.3474749 -0.7346449
0.7182997 0.4293937 -0.5474181
0.5504123 0.3294043 -0.767163
-0.1979351 -0.1187764 -0.9729922
-0.6797674 -0.4083743 -0.6092181
-0.6973759 -0.4193433 -0.5812212
0.8251859 0.4963247 -0.269685
0.8128664 0.4902517 -0.314486
-0.8345355 -0.5035979 -0.2234717
-0.7653839 -0.4619853 -0.4480592
0.3357054 0.2028634 -0.9198632
0.6308839 0.3818924 -0.6753841
0.6523229 0.39504 -0.6468526
0.8411519 0.5100339 -0.1798023
-0.259245 -0.1576363 -0.9528604
-0.8409047 -0.5134549 -0.1710071
0.8528125 0.5211595 -0.03321877
-0.6462402 -0.395341 -0.6527474
-0.8346485 -0.511607 -0.20401
0.7883596 0.4835491 -0.3803544
0.6862854 0.4217321 -0.5925828
-0.824568 -0.5067437 -0.2515917
-0.7180109 -0.4414937 -0.5380926
-0.8513201 -0.5236043 -0.03305485
0.8449264 0.5203447 -0.1238579
-0.5550811 -0.3419781 -0.7582453
0.4305247 0.2653744 -0.8626847
-0.393252 -0.2424297 -0.8868938
-0.04168922 -0.02570484 -0.9987999
-0.5402315 -0.3331849 -0.7727469
-0.3633369 -0.2251428 -0.9040448
0.03448937 0.02139645 -0.999176
-0.5436993 -0.3378899 -0.7682588
-0.5854961 -0.363995 -0.7243631
-0.1591777 -0.09914858 -0.9822586
-0.8005289 -0.4989044 -0.332036
-0.02806694 -0.01753196 -0.9994523
-0.7057899 -0.4413925 -0.5541059
0.4951693 0.3101749 -0.8115411
0.345311 0.2168846 -0.9130834
-0.3004741 -0.1888074 -0.9349155
0.6431953 0.4053043 -0.649637
0.643159 0.4059186 -0.6492893
-0.3233896 -0.2041166 -0.9239889
0.004100784 0.002589427 -0.9999883
0.1487226 0.09404073 -0.9843972
0.8071783 0.5111504 -0.2952769
0.7879553 0.4990855 -0.3606107
-0.2960564 -0.1876086 -0.9365648
0.7503201 0.4756047 -0.4591513
-0.2568619 -0.1629766 -0.9526073
-0.5089494 -0.323301 -0.7977763
-0.01950776 -0.01239517 -0.9997329
0.5368115 0.3421286 -0.7712208
-0.2355378 -0.1505292 -0.960137
0.7948468 0.5082972 -0.33144
0.7231359 0.4625195 -0.5129816
0.2427739 0.1554613 -0.9575451
0.5242924 0.3357775 -0.7825413
0.584901 0.3746377 -0.7194008
-0.5570529 -0.3568495 -0.7499003
-0.08631591 -0.05531168 -0.9947312
0.02237255 0.01436663 -0.9996465
-0.4481985 -0.2879119 -0.8463007
-0.3848148 -0.2472147 -0.8892707
-0.6910099 -0.4440031 -0.5704091
0.785049 0.5058022 -0.3575782
0.0543951 0.03513279 -0.9979012
-0.2268666 -0.1471197 -0.9627499
0.650974 0.424054 -0.6296118
-0.8331717 -0.5429855 -0.1048409
0.7997999 0.5227352 -0.2950729
-0.1258726 -0.08236271 -0.9886215
0.8079991 0.5289469 -0.2595239
0.1727494 0.1131329 -0.978447
-0.6064458 -0.3980674 -0.6883066
0.387355 0.2549918 -0.8859657
-0.6424338 -0.4231295 -0.6389368
0.2026202 0.133545 -0.9701087
0.8103514 0.5349175 -0.2391526
-0.7803245 -0.5155384 -0.3539969
-0.400227 -0.2658553 -0.8770058
0.2328373 0.1547206 -0.9601293
0.8326714 0.5533842 -0.02059535
0.05139475 0.03417123 -0.9980937
-0.29179 -0.1940639 -0.9365884
-0.8208139 -0.546547 -0.1659847
-0.6141584 -0.4092041 -0.6748047
-0.7762774 -0.5183841 -0.358708
-0.6156767 -0.4115469 -0.6719906
-0.6782339 -0.4547416 -0.5772425
0.7978494 0.5356073 -0.2766971
-0.433225 -0.2915096 -0.8528413
0.3022211 0.2035068 -0.9312612
0.7929971 0.5343032 -0.2927042
-0.828461 -0.5584847 -0.04179937
0.8085023 0.546224 -0.2190054
-0.7442673 -0.5031028 -0.4392649
-0.2427986 -0.1646981 -0.9559934
0.8272961 0.5616447 -0.01167444
0.1070451 0.07269406 -0.9915931
-0.8268539 -0.5619589 -0.02268963
-0.3286873 -0.223389 -0.9176394
-0.2495744 -0.1696852 -0.9533727
0.8149776 0.5541816 -0.1693937
-0.1889655 -0.1285116 -0.9735383
0.7427109 0.5052813 -0.4393987
0.5832609 0.3970959 -0.7086054
-0.7918634 -0.5392579 -0.2866239
0.3291379 0.2242704 -0.9172628
-0.4758407 -0.3248389 -0.8173465
0.3469212 0.236855 -0.907494
0.09958947 0.06810611 -0.9926951
-0.6316531 -0.4324664 -0.6434184
0.7450888 0.5109236 -0.4287187
0.4189448 0.2874336 -0.8613171
0.7066736 0.4852428 -0.514929
-0.2548074 -0.1753467 -0.9509609
0.6371296 0.4388517 -0.6336206
0.6238919 0.4314957 -0.6515906
0.1926281 0.1334093 -0.9721607
-0.7281423 -0.5045457 -0.4639423
0.8200265 0.5686827 -0.06447115
-0.5171846 -0.3589979 -0.7769431
-0.8178231 -0.5677617 -0.09387297
0.456271 0.3168032 -0.8315362
0.7689446 0.5339863 -0.3515435
-0.6001453 -0.4187779 -0.6815062
-0.7996396 -0.5585293 -0.2205028
0.2118555 0.1482007 -0.9659989
-0.5380683 -0.3775551 -0.7536144
0.6390966 0.449427 -0.6241562
-0.7751147 -0.5474043 -0.3155088
0.3889006 0.2747423 -0.8793594
0.5729616 0.4048825 -0.7125905
0.8090413 0.5720584 -0.1349121
-0.6332587 -0.4497595 -0.6298411
-0.1775512 -0.1261483 -0.9759929
0.2505839 0.1782648 -0.9515405
-0.3829291 -0.2726936 -0.8826118
0.5317542 0.3791876 -0.7572677
-0.5177605 -0.3695558 -0.771591
-0.3007029 -0.2146935 -0.9292387
0.1535288 0.1097255 -0.9820332
0.6855374 0.4904263 -0.5380711
0.4141806 0.2964011 -0.8605816
-0.6098474 -0.4365741 -0.6614296
0.4061494 0.291073 -0.8662097
-0.3111847 -0.2233722 -0.9237255
-0.0173785 -0.01251525 -0.9997706
0.008250783 0.005942307 -0.9999483
0.5606486 0.4040075 -0.7228078
0.745178 0.5370546 -0.3953253
-0.5874848 -0.4237636 -0.6894099
0.5034378 0.3637656 -0.7837251
-0.6027104 -0.4363196 -0.6681058
-0.8094386 -0.5872018 -0.00178918
-0.1833031 -0.1329974 -0.9740183
0.8010218 0.5820159 -0.1400768
0.7841703 0.5728306 -0.2386252
-0.7671493 -0.5610234 -0.3110221
-0.7086467 -0.5197043 -0.4772079
-0.7465757 -0.5483626 -0.3767269
-0.7684442 -0.5665848 -0.2974477
-0.7084334 -0.5231845 -0.4737089
-0.6855124 -0.506341 -0.5231553
0.5181081 0.3828537 -0.7648445
0.5870101 0.4346452 -0.68301
-0.6930889 -0.5134425 -0.505969
-0.5948851 -0.4407825 -0.6721774
0.3962814 0.2936899 -0.8698893
0.1262257 0.09367731 -0.9875686
-0.6666936 -0.4948462 -0.5573571
0.7945383 0.5897905 -0.1444163
-0.6766666 -0.5029899 -0.5377021
-0.3643135 -0.2710812 -0.8909493
-0.09147459 -0.06809642 -0.9934763
-0.7848461 -0.584363 -0.2062438
0.6161003 0.4592304 -0.6399437
0.7596617 0.566299 -0.3197178
-0.4180027 -0.3118675 -0.8532364
-0.3844097 -0.2876059 -0.8772184
-0.06840566 -0.0512301 -0.9963414
0.5945286 0.4457875 -0.6691855
0.2685918 0.2016079 -0.9419197
0.6510004 0.4890552 -0.5805373
0.2687824 0.202308 -0.9417152
-0.7960111 -0.6013277 -0.0690745
0.4011476 0.3033546 -0.8643244
0.6554353 0.496714 -0.5689286
0.7965753 0.603874 -0.02835401
-0.09214587 -0.0698613 -0.9932918
0.4128079 0.3130016 -0.8553477
-0.721444 -0.5472892 -0.4242559
0.7464189 0.5667533 -0.3487828
-0.7729841 -0.5869982 -0.2406839
0.6339048 0.4814535 -0.6052828
-0.7211119 -0.5483825 -0.4234079
0.7456813 0.5673074 -0.3494593
0.6316491 0.4813224 -0.6077402
-0.7573186 -0.5773462 -0.3051883
0.5606138 0.4281836 -0.7087813
-0.6173357 -0.471711 -0.6295915
0.06846043 0.05231996 -0.996281
0.7384878 0.5649335 -0.3680842
-0.3977253 -0.3044687 -0.8655134
0.7612607 0.5848221 -0.2801164
-0.6754881 -0.5194551 -0.5233375
-0.767215 -0.590537 -0.2502942
-0.5260133 -0.4050511 -0.7478259
-0.5854355 -0.4530258 -0.672334
-0.7864797 -0.6101568 -0.09569911
-0.6676515 -0.519113 -0.533632
-0.4941338 -0.3855644 -0.7792124
-0.6923162 -0.5405256 -0.4780485
-0.7879522 -0.6156629 -0.009514038
-0.7875084 -0.6154215 -0.03296788
0.7014185 0.5485207 -0.4551233
0.734064 0.5751261 -0.3610816
0.1661642 0.1303123 -0.9774498
0.314154 0.2465847 -0.9167897
0.7601012 0.5980368 -0.2541616
0.7588228 0.598401 -0.2571073
0.135583 0.1070282 -0.9849681
0.086491 0.06838621 -0.9939027
0.7515451 0.594565 -0.2857839
0.6177977 0.4896442 -0.6152841
0.1942245 0.154243 -0.9687548
-0.774818 -0.6158404 -0.1428204
-0.5249478 -0.4176694 -0.7416078
-0.01430825 -0.01140891 -0.9998326
-0.5987367 -0.4777389 -0.6428685
-0.5882002 -0.4703839 -0.6578445
-0.1939833 -0.1551437 -0.9686593
-0.1084796 -0.08678728 -0.990303
-0.7683334 -0.6150247 -0.1772244
-0.4349161 -0.3485108 -0.8302941
0.3013243 0.2415277 -0.9224251
-0.1205418 -0.0966327 -0.9879938
-0.2625891 -0.2106052 -0.9416435
-0.7591211 -0.6098742 -0.2275711
0.7491283 0.6021531 -0.276077
-0.7418354 -0.5969608 -0.30548
-0.4689081 -0.3773539 -0.7985795
0.748618 0.6032063 -0.2751603
0.5206148 0.4204838 -0.7430704
0.6549515 0.5303066 -0.5383432
0.6025769 0.4883772 -0.6311805
0.1739199 0.1410076 -0.9746121
0.7597297 0.6159855 -0.2082611
-0.6360443 -0.5164862 -0.5733147
0.44386 0.3617213 -0.8198451
-0.7082668 -0.5788858 -0.4040413
-0.09695789 -0.0793599 -0.9921196
0.5263141 0.4311518 -0.7328722
-0.4025524 -0.329968 -0.8538576
-0.02842368 -0.02329972 -0.9993244
-0.2493321 -0.2045224 -0.9465749
-0.05602697 -0.04596159 -0.9973708
0.1928559 0.1582113 -0.9683883
-0.5861554 -0.4818662 -0.6513269
-0.3258191 -0.2683949 -0.9065352
-0.3519953 -0.2902014 -0.8898778
0.06075606 0.05018178 -0.9968904
-0.734296 -0.6065809 -0.3047442
0.6877334 0.5683594 -0.4516531
0.03835626 0.03171487 -0.9987607
0.641407 0.5306314 -0.5541005
-0.7680001 -0.6356197 -0.07850794
-0.1512582 -0.1252544 -0.9805266
0.1912722 0.1588785 -0.9685931
-0.3180176 -0.2645012 -0.9104416
0.3260721 0.2714674 -0.9055288
-0.7651563 -0.6378761 -0.08746362
-0.5623555 -0.4690032 -0.6810229
-0.4405465 -0.3675899 -0.8190216
0.4239244 0.3544096 -0.8334758
-0.6928923 -0.5795249 -0.4290119
-0.0157012 -0.01313239 -0.9997905
0.4754584 0.3977642 -0.7846802
-0.04424712 -0.03703283 -0.998334
-0.7340261 -0.6159807 -0.2859605
0.2573018 0.2160652 -0.941866
0.4640189 0.3901373 -0.7952857
0.5488954 0.4616645 -0.6968355
0.3700113 0.3113456 -0.8753031
0.1602084 0.1349342 -0.977817
0.09950547 0.08384629 -0.9914981
-0.5863832 -0.4941211 -0.6418715
-0.71623 -0.6044615 -0.3487706
-0.6445347 -0.5446831 -0.5365588
-0.4159561 -0.3516783 -0.8386316
0.6658444 0.5629829 -0.4895932
-0.2822151 -0.2389035 -0.9291285
0.7266828 0.6155525 -0.3050035
0.6880685 0.5837616 -0.4310268
-0.06990094 -0.05931503 -0.9957889
0.702221 0.5963162 -0.3889636
0.7172503 0.609079 -0.3384889
0.4793293 0.407283 -0.7774085
0.7613586 0.6469374 -0.04248562
-0.7543121 -0.6413482 -0.1403061
-0.4968772 -0.4228754 -0.7578189
0.7077912 0.6029028 -0.3681573
0.6856407 0.5846336 -0.4337054
0.7604946 0.6492222 -0.01259228
-0.4178311 -0.3572371 -0.8353435
0.7457541 0.6388093 -0.1891388
0.2079463 0.1784366 -0.961727
-0.1863721 -0.1600657 -0.9693525
0.4881212 0.4193637 -0.7654226
0.1997279 0.1716424 -0.9647008
-0.3280687 -0.2828754 -0.901306
0.14483 0.1253404 -0.9814857
-0.7431898 -0.6435878 -0.182931
-0.7438117 -0.6478665 -0.1643568
-0.5345378 -0.4673609 -0.7041613
-0.4410323 -0.3861518 -0.8101711
0.5506487 0.4821456 -0.6814114
-0.6656032 -0.5846901 -0.4637994
-0.5397686 -0.4754246 -0.6947095
-0.6186843 -0.5452989 -0.5655783
0.7011794 0.6214409 -0.349512
0.6379735 0.5656669 -0.5225043
-0.7434886 -0.6600774 -0.107343
-0.1304208 -0.115815 -0.9846712
0.3809643 0.3383494 -0.8604568
-0.1750937 -0.1559958 -0.972115
-0.4566921 -0.4082724 -0.7904087
0.6327053 0.5662123 -0.5282874
-0.3863813 -0.346196 -0.8549022
0.523535 0.4693528 -0.711069
-0.5975226 -0.535721 -0.5966321
-0.3900185 -0.3508076 -0.8513634
0.6624252 0.5959588 -0.4539009
-0.322208 -0.2900275 -0.9011471
0.04988423 0.04512897 -0.9977349
-0.5160334 -0.4678012 -0.7175454
0.4456789 0.4041694 -0.7987599
-0.1727639 -0.1567758 -0.9724063
0.5212035 0.4740253 -0.7096809
-0.6201351 -0.566653 -0.5425282
0.6043718 0.5523599 -0.574137
-0.5198911 -0.4765421 -0.7089576
0.4254797 0.3902289 -0.8165099
0.7129505 0.6546807 -0.2511867
0.4693108 0.4309728 -0.7707203
0.7360489 0.6763712 -0.02745838
0.05557256 0.05121122 -0.9971405
-0.1726068 -0.1594496 -0.9719993
0.6844839 0.6328904 -0.3618445
-0.6536864 -0.6046844 -0.4550284
0.6987174 0.647791 -0.3035799
0.3397577 0.3153407 -0.8860728
-0.6250739 -0.5803121 -0.5220349
-0.6196011 -0.5753672 -0.533898
0.7163622 0.6655211 -0.2095397
-0.7280233 -0.6766208 -0.1103015
-0.7313199 -0.6801043 -0.05127716
0.1995801 0.1856956 -0.9621252
-0.7243776 -0.6745094 -0.142528
0.5553203 0.5177137 -0.6508394
-0.7303709 -0.6817246 -0.04254282
0.2272306 0.2121883 -0.9504433
0.6216758 0.5818657 -0.5243582
-0.7241476 -0.6783968 -0.1240486
-0.3286774 -0.3080296 -0.8927984
0.5085959 0.4768534 -0.7168968
0.4015222 0.378128 -0.8341457
0.7263076 0.686195 -0.04017208
-0.4946637 -0.4675352 -0.7326108
0.5532994 0.5233918 -0.6480129
-0.6212782 -0.5889222 -0.5168985
0.3968016 0.3762854 -0.8372322
-0.2730512 -0.2591179 -0.9264453
0.09191658 0.08730516 -0.991932
0.4076803 0.3883454 -0.8264288
0.697889 0.6648099 -0.2664183
-0.2842638 -0.2708099 -0.9197043
-0.03975108 -0.03788943 -0.998491
0.03188226 0.0304124 -0.9990289
0.721573 0.6888694 -0.06921981
-0.2772528 -0.2651055 -0.9234987
-0.587328 -0.5623875 -0.5820361
0.6298961 0.6041977 -0.4880329
-0.7042064 -0.6756403 -0.2181823
-0.06783174 -0.06529378 -0.9955579
-0.2965874 -0.2861745 -0.9111202
-0.02966622 -0.02868879 -0.9991481
-0.7056771 -0.6826972 -0.1895899
0.7181161 0.6951524 -0.03274744
-0.5972806 -0.5800761 -0.5538661
0.05586041 0.05450435 -0.9969498
-0.00949314 -0.009287146 -0.9999118
-0.3165961 -0.3098395 -0.8965302
-0.5220976 -0.5123388 -0.6818526
0.4072302 0.399804 -0.8211701
-0.4858597 -0.4781348 -0.7316608
-0.7120375 -0.7012779 -0.0348117
-0.3899174 -0.3852867 -0.8363723
-0.6847655 -0.6766596 -0.2706067
-0.5681843 -0.5614649 -0.601601
0.7096183 0.7012431 -0.0685562
0.4053978 0.4015256 -0.8212368
-0.6728951 -0.6668886 -0.320112
-0.695271 -0.6911282 -0.1973322
-0.5924908 -0.5897431 -0.5487784
0.5422145 0.5404527 -0.6433617
-0.403256 -0.4022416 -0.8219405
0.09214231 0.0920193 -0.9914849
0.1883835 0.1882604 -0.9638826
0.3056135 0.3069717 -0.901315
-0.6987893 -0.7028931 -0.1327963
0.1901717 0.19131 -0.9629306
-0.5265936 -0.5298534 -0.6647967
0.4856904 0.4888517 -0.7246578
0.6924175 0.6974403 -0.1847566
0.266847 0.2688346 -0.925484
-0.4495036 -0.4533237 -0.7697039
0.7037804 0.7102328 -0.01620204
-0.2882525 -0.2910091 -0.9122632
-0.7031292 -0.7103398 -0.03204259
-0.6984951 -0.7077389 -0.1058785
-0.05897865 -0.05979126 -0.996467
-0.08999759 -0.09150043 -0.9917299
-0.3012899 -0.3067843 -0.9028332
-0.654188 -0.6670037 -0.3565727
-0.6556344 -0.6687743 -0.3505488
0.5558231 0.570229 -0.6048963
-0.05915151 -0.06069642 -0.996402
-0.5632962 -0.5790379 -0.5894171
0.479405 0.4934529 -0.7257239
0.6252779 0.6438382 -0.4410214
0.2351936 0.2431954 -0.9410313
-0.3109322 -0.3217021 -0.8943315
0.1186519 0.122868 -0.9853046
0.02460687 0.02555935 -0.9993704
-0.5782228 -0.6011308 -0.5516341
-0.2554411 -0.265837 -0.9295593
0.01625339 0.01692688 -0.9997246
-0.6815678 -0.7109946 -0.1730664
0.5021289 0.5238888 -0.6880459
-0.6171466 -0.6440338 -0.4520514
-0.6313154 -0.658913 -0.4089922
-0.02750284 -0.02876288 -0.9992079
0.261297 0.2741681 -0.925503
-0.06227564 -0.06537336 -0.9959157
-0.6183195 -0.6503881 -0.4412215
0.1867592 0.1964886 -0.9625556
-0.1468879 -0.1546592 -0.9769875
0.681235 0.7173719 -0.1459331
0.6570963 0.6931255 -0.2963132
0.3622898 0.3821779 -0.8501095
-0.675712 -0.7136657 -0.1846472
0.5853565 0.6186625 -0.5240366
0.6753196 0.7144611 -0.1829994
-0.6499825 -0.6882361 -0.3222637
-0.3529762 -0.3740507 -0.8576094
0.5145093 0.5454535 -0.6616349
-0.5448725 -0.5783747 -0.6071217
0.6416968 0.6823797 -0.3501187
0.3226854 0.3436719 -0.8819091
-0.6457403 -0.6880001 -0.3311725
0.6826841 0.7274076 -0.06943054
0.1693774 0.1805314 -0.9688755
0.05198169 0.05558065 -0.9971001
0.6791124 0.7268654 -0.1023379
0.5486798 0.5880896 -0.5942231
0.5988199 0.6442006 -0.4758364
-0.1867814 -0.201023 -0.9616145
-0.6673179 -0.7202623 -0.1894968
-0.00734483 -0.007928514 -0.9999416
0.4552572 0.49246 -0.7417709
0.6780907 0.7338112 -0.04140225
-0.07504198 -0.08161391 -0.9938349
0.6608652 0.7187634 -0.2159545
-0.1987508 -0.2163995 -0.9558606
-0.6739452 -0.7342027 -0.08212376
0.5648853 0.6155821 -0.5495118
-0.1418685 -0.1547416 -0.9777159
-0.2864585 -0.3125742 -0.9056704
-0.2107954 -0.2300725 -0.9500694
-0.5376325 -0.586937 -0.6053562
0.5720857 0.6254176 -0.5306324
0.6713035 0.7342681 -0.1010045
-0.1546946 -0.1693443 -0.9733407
-0.4036843 -0.4419701 -0.8010626
-0.5957028 -0.6530199 -0.4676572
0.1557729 0.1707706 -0.9729194
-0.6680684 -0.732546 -0.1306175
0.6666249 0.7313349 -0.144085
-0.009576741 -0.01051323 -0.9998989
-0.6548827 -0.7189516 -0.2328889
0.606741 0.6685321 -0.4300352
-0.3489024 -0.3845294 -0.8546369
0.452612 0.4994456 -0.7387127
-0.3164616 -0.3494454 -0.8818957
0.6052758 0.6683716 -0.4323434
0.5826115 0.6443813 -0.4953145
-0.3704205 -0.4097891 -0.8335835
0.4395792 0.4867664 -0.7548699
0.1784896 0.1979729 -0.9638196
-0.6545843 -0.7268105 -0.2080046
0.5212243 0.5788271 -0.627124
0.614572 0.6833325 -0.3941546
-0.656242 -0.7307236 -0.188121
0.6332096 0.7051556 -0.3190631
0.3169596 0.353374 -0.8801497
0.5036916 0.5618496 -0.6562163
0.4528528 0.5056641 -0.7343217
0.2960888 0.3310716 -0.8959481
0.5661063 0.6340492 -0.5267878
0.4498947 0.5039435 -0.7373165
0.1016306 0.1140683 -0.9882609
-0.3453032 -0.3876189 -0.854703
-0.3231542 -0.3633082 -0.8738298
0.5589104 0.6287345 -0.540659
-0.6604353 -0.7441072 -0.1006464
0.4926676 0.555271 -0.6700394
0.4316438 0.4868222 -0.7593997
0.3594827 0.4057562 -0.8403178
0.6552761 0.7399905 -0.1517479
-0.6544269 -0.7406894 -0.1520022
0.2953481 0.3345565 -0.8948975
0.09288402 0.1052505 -0.9900984
-0.4294169 -0.4893517 -0.7590362
0.5274272 0.6022823 -0.5992299
0.6555185 0.748882 -0.09732059
-0.5124456 -0.5867383 -0.6270069
-0.3249569 -0.3723406 -0.8693478
0.5210022 0.5970972 -0.609944
-0.174804 -0.202092 -0.9636402
-0.4354255 -0.5036204 -0.7461709
-0.4726226 -0.5481895 -0.6900117
-0.6082079 -0.7062761 -0.3622944
-0.3498052 -0.4067464 -0.8439157
0.5212188 0.6061093 -0.6008015
-0.1321754 -0.1537275 -0.9792331
-0.3183973 -0.3710392 -0.8723263
-0.1010646 -0.117878 -0.9878718
0.2172569 0.2535081 -0.9426203
-0.5641925 -0.6601914 -0.4958166
-0.3305281 -0.3876649 -0.860504
-0.6191849 -0.7263205 -0.2984436
-0.06864795 -0.08056836 -0.9943823
-0.07889567 -0.09280265 -0.9925538
-0.6044384 -0.7110827 -0.3591875
0.4287215 0.5046564 -0.7493463
-0.6091657 -0.7175596 -0.3376764
0.638407 0.7576355 -0.1357384
0.001516103 0.001799719 -0.9999973
0.6337634 0.7529495 -0.1772317
0.001363759 0.001620678 -0.9999977
0.2618499 0.3112441 -0.9135435
-0.5993365 -0.7139636 -0.3620106
0.2330424 0.2776276 -0.9319947
0.6381094 0.761305 -0.1150267
0.5135951 0.6128428 -0.6005362
-0.3494112 -0.417226 -0.8389483
-0.4344816 -0.5189047 -0.7361818
0.6160673 0.7359521 -0.2807769
-0.4002362 -0.4781228 -0.7817989
0.4036778 0.4825701 -0.777284
-0.3169371 -0.3792233 -0.8693334
0.2651115 0.3184862 -0.9101002
-0.4846435 -0.5828836 -0.6522019
-0.6082411 -0.7320508 -0.3068294
-0.6256979 -0.7532454 -0.2027891
-0.03045933 -0.0366763 -0.9988629
-0.5976567 -0.7196839 -0.3533575
0.6120869 0.737592 -0.285145
0.6313097 0.7634483 -0.1363625
-0.5531901 -0.6709399 -0.4937817
-0.579967 -0.7041983 -0.4095645
0.3294942 0.4004108 -0.8550466
0.2368977 0.2879263 -0.9278889
0.5876998 0.7149287 -0.3787954
-0.631767 -0.7685359 -0.1011094
0.5972406 0.7284343 -0.3356889
-0.2701058 -0.3309152 -0.9041781
-0.3171428 -0.3886414 -0.8650886
-0.1928036 -0.2367153 -0.9522566
0.2217003 0.273158 -0.9360735
-0.492696 -0.607928 -0.6226349
0.2581532 0.3198867 -0.9116082
0.6225544 0.7721276 -0.1274555
0.3767203 0.4679749 -0.7994256
0.5401406 0.6710268 -0.5079086
-0.6253346 -0.7779743 -0.06093096
0.6219906 0.7739514 -0.1188569
-0.549418 -0.6842278 -0.4795541
0.007378803 0.009210804 -0.9999304
-0.1591044 -0.1987604 -0.9670471
-0.5368582 -0.6710699 -0.5113202
-0.5947844 -0.7437792 -0.3049983
-0.329354 -0.4126983 -0.8492385
-0.355332 -0.4454435 -0.8217781
-0.6225598 -0.7815878 -0.03924181
-0.2522798 -0.3168178 -0.9143202
-0.5809872 -0.7302336 -0.3594618
0.2507713 0.3154233 -0.9152169
0.5411991 0.6851509 -0.4875159
-0.5308568 -0.6722705 -0.5159878
-0.6128933 -0.7787471 -0.1338459
-0.1082201 -0.1378711 -0.9845202
-0.5660623 -0.7247475 -0.3928288
0.4006641 0.512992 -0.7591492
-0.4010282 -0.5135446 -0.7585831
0.1099241 0.1409403 -0.9838966
-0.08874959 -0.1138432 -0.9895267
0.6122553 0.7881619 -0.06280322
-0.5315678 -0.6849068 -0.4983355
0.5199977 0.6711715 -0.5283287
-0.0146807 -0.0189582 -0.9997125
0.5558379 0.7182074 -0.4185956
-0.09738215 -0.1258935 -0.9872525
-0.332316 -0.4300334 -0.8394268
0.2611603 0.3383427 -0.9040573
0.6091126 0.7909583 -0.058025
0.1421798 0.1846777 -0.9724603
0.2361111 0.3067805 -0.9220289
-0.2271568 -0.2958906 -0.9278193
0.05094282 0.0663679 -0.9964939
0.5895377 0.7691622 -0.2466469
0.6013423 0.7853063 -0.1472462
0.5981538 0.7818583 -0.175811
-0.4388841 -0.5737559 -0.6915091
-0.1826501 -0.2389668 -0.9536948
0.5916072 0.7746778 -0.2233278
0.6046987 0.7929218 -0.07492982
0.4486842 0.5884541 -0.6726101
-0.04080679 -0.05353154 -0.997732
-0.5609592 -0.7360766 -0.3788351
0.5941231 0.7817606 -0.1893888
0.379516 0.4998271 -0.7785502
-0.1646421 -0.2169833 -0.9621909
-0.602353 -0.7939498 -0.08254955
0.2789235 0.3686441 -0.8867373
0.3532662 0.4678205 -0.8101524
0.1495619 0.1988218 -0.9685562
0.0172397 0.0229765 -0.9995874
0.4398308 0.5870278 -0.679667
0.4842273 0.6473861 -0.5885705
0.0363508 0.04878204 -0.9981477
-0.2184255 -0.2933686 -0.9307122
-0.04003926 -0.05382544 -0.9977473
0.5323465 0.7158362 -0.4518692
0.5955634 0.8009014 -0.06213886
0.1563359 0.2103832 -0.9650378
-0.08505021 -0.1145971 -0.9897646
        </DataArray>
        <DataArray type="Float32" Name="domain" format="ascii">
1.0
1.0
1.0
1.0
1.0
1.0
1.0
1.0
1.0
1.0
1.0
1.0
1.0
1.0
1.0
1.0
1.0
1.0
1.0
1.0
1.0
1.0
1.0
1.0
1.0
1.0
1.0
1.0
1.0
1.0
1.0
1.0
1.0
1.0
1.0
1.0
1.0
1.0
1.0
1.0
1.0
1.0
1.0
1.0
1.0
1.0
1.0
1.0
1.0
1.0
1.0
1.0
1.0
1.0
1.0
1.0
1.0
1.0
1.0
1.0
1.0
1.0
1.0
1.0
1.0
1.0
1.0
1.0
1.0
1.0
1.0
1.0
1.0
1.0
1.0
1.0
1.0
1.0
1.0
1.0
1.0
1.0
1.0
1.0
1.0
1.0
1.0
1.0
1.0
1.0
1.0
1.0
1.0
1.0
1.0
1.0
1.0
1.0
1.0
1.0
1.0
1.0
1.0
1.0
1.0
1.0
1.0
1.0
1.0
1.0
1.0
1.0
1.0
1.0
1.0
1.0
1.0
1.0
1.0
1.0
1.0
1.0
1.0
1.0
1.0
1.0
1.0
1.0
1.0
1.0
1.0
1.0
1.0
1.0
1.0
1.0
1.0
1.0
1.0
1.0
1.0
1.0
1.0
1.0
1.0
1.0
1.0
1.0
1.0
1.0
1.0
1.0
1.0
1.0
1.0
1.0
1.0
1.0
1.0
1.0
1.0
1.0
1.0
1.0
1.0
1.0
1.0
1.0
1.0
1.0
1.0
1.0
1.0
1.0
1.0
1.0
1.0
1.0
1.0
1.0
1.0
1.0
1.0
1.0
1.0
1.0
1.0
1.0
1.0
1.0
1.0
1.0
1.0
1.0
1.0
1.0
1.0
1.0
1.0
1.0
1.0
1.0
1.0
1.0
1.0
1.0
1.0
1.0
1.0
1.0
1.0
1.0
1.0
1.0
1.0
1.0
1.0
1.0
1.0
1.0
1.0
1.0
1.0
1.0
1.0
1.0
1.0
1.0
1.0
1.0
1.0
1.0
1.0
1.0
1.0
1.0
1.0
1.0
1.0
1.0
1.0
1.0
1.0
1.0
1.0
1.0
1.0
1.0
1.0
1.0
1.0
1.0
1.0
1.0
1.0
1.0
1.0
1.0
1.0
1.0
1.0
1.0
1.0
1.0
1.0
1.0
1.0
1.0
1.0
1.0
1.0
1.0
1.0
1.0
1.0
1.0
1.0
1.0
1.0
1.0
1.0
1.0
1.0
1.0
1.0
1.0
1.0
1.0
1.0
1.0
1.0
1.0
1.0
1.0
1.0
1.0
1.0
1.0
1.0
1.0
1.0
1.0
1.0
1.0
1.0
1.0
1.0
1.0
1.0
1.0
1.0
1.0
1.0
1.0
1.0
1.0
1.0
1.0
1.0
1.0
1.0
1.0
1.0
1.0
1.0
1.0
1.0
1.0
1.0
1.0
1.0
1.0
1.0
1.0
1.0
1.0
1.0
1.0
1.0
1.0
1.0
1.0
1.0
1.0
1.0
1.0
1.0
1.0
1.0
1.0
1.0
1.0
1.0
1.0
1.0
1.0
1.0
1.0
1.0
1.0
1.0
1.0
1.0
1.0
1.0
1.0
1.0
1.0
1.0
1.0
1.0
1.0
1.0
1.0
1.0
1.0
1.0
1.0
1.0
1.0
1.0
1.0
1.0
1.0
1.0
1.0
1.0
1.0
1.0
1.0
1.0
1.0
1.0
1.0
1.0
1.0
1.0
1.0
1.0
1.0
1.0
1.0
1.0
1.0
1.0
1.0
1.0
1.0
1.0
1.0
1.0
1.0
1.0
1.0
1.0
1.0
1.0
1.0
1.0
1.0
1.0
1.0
1.0
1.0
1.0
1.0
1.0
1.0
1.0
1.0
1.0
1.0
1.0
1.0
1.0
1.0
1.0
1.0
1.0
1.0
1.0
1.0
1.0
1.0
1.0
1.0
1.0
1.0
1.0
1.0
1.0
1.0
1.0
1.0
1.0
1.0
1.0
1.0
1.0
1.0
1.0
1.0
1.0
1.0
1.0
1.0
1.0
1.0
1.0
1.0
1.0
1.0
1.0
1.0
1.0
1.0
1.0
1.0
1.0
1.0
1.0
1.0
1.0
1.0
1.0
1.0
1.0
1.0
1.0
1.0
1.0
1.0
1.0
1.0
1.0
1.0
1.0
1.0
1.0
1.0
1.0
1.0
1.0
1.0
1.0
1.0
1.0
1.0
1.0
1.0
1.0
1.0
1.0
1.0
1.0
1.0
1.0
1.0
1.0
1.0
1.0
1.0
1.0
1.0
1.0
1.0
1.0
1.0
1.0
1.0
1.0
1.0
1.0
1.0
1.0
1.0
1.0
1.0
1.0
1.0
1.0
1.0
1.0
1.0
1.0
1.0
1.0
1.0
1.0
1.0
1.0
1.0
1.0
1.0
1.0
1.0
1.0
1.0
1.0
1.0
1.0
1.0
1.0
1.0
1.0
1.0
1.0
1.0
1.0
1.0
1.0
1.0
1.0
1.0
1.0
1.0
1.0
1.0
1.0
1.0
1.0
1.0
1.0
1.0
1.0
1.0
1.0
1.0
1.0
1.0
1.0
1.0
1.0
1.0
1.0
1.0
1.0
1.0
1.0
1.0
1.0
1.0
1.0
1.0
1.0
1.0
1.0
1.0
1.0
1.0
1.0
1.0
1.0
1.0
1.0
1.0
1.0
1.0
1.0
1.0
1.0
1.0
1.0
1.0
1.0
1.0
1.0
1.0
1.0
1.0
1.0
1.0
1.0
1.0
1.0
1.0
1.0
1.0
1.0
1.0
1.0
1.0
1.0
1.0
1.0
1.0
1.0
1.0
1.0
1.0
1.0
1.0
1.0
1.0
1.0
1.0
1.0
1.0
1.0
1.0
1.0
1.0
1.0
1.0
1.0
1.0
1.0
1.0
1.0
1.0
1.0
1.0
1.0
1.0
1.0
1.0
1.0
1.0
1.0
1.0
1.0
1.0
1.0
1.0
1.0
1.0
1.0
1.0
1.0
1.0
1.0
1.0
1.0
1.0
1.0
1.0
1.0
1.0
1.0
1.0
1.0
1.0
1.0
1.0
1.0
1.0
1.0
1.0
1.0
1.0
1.0
1.0
1.0
1.0
1.0
1.0
1.0
1.0
1.0
1.0
1.0
1.0
1.0
1.0
1.0
1.0
1.0
1.0
1.0
1.0
1.0
1.0
1.0
1.0
1.0
1.0
1.0
1.0
1.0
1.0
1.0
1.0
1.0
1.0
1.0
1.0
1.0
1.0
1.0
1.0
1.0
1.0
1.0
1.0
1.0
1.0
1.0
1.0
1.0
1.0
1.0
1.0
1.0
1.0
1.0
1.0
1.0
1.0
1.0
1.0
1.0
1.0
1.0
1.0
1.0
1.0
1.0
1.0
1.0
1.0
1.0
1.0
1.0
1.0
1.0
1.0
1.0
1.0
1.0
1.0
1.0
1.0
1.0
1.0
1.0
1.0
1.0
1.0
1.0
1.0
1.0
1.0
1.0
1.0
1.0
1.0
1.0
1.0
1.0
1.0
1.0
1.0
1.0
1.0
1.0
1.0
1.0
1.0
1.0
1.0
1.0
1.0
1.0
1.0
1.0
1.0
1.0
1.0
1.0
1.0
1.0
1.0
1.0
1.0
1.0
1.0
1.0
1.0
1.0
1.0
1.0
1.0
1.0
1.0
1.0
1.0
1.0
1.0
1.0
1.0
1.0
1.0
1.0
1.0
1.0
1.0
1.0
1.0
1.0
1.0
1.0
1.0
1.0
1.0
1.0
1.0
1.0
1.0
1.0
1.0
1.0
1.0
1.0
1.0
1.0
1.0
1.0
1.0
1.0
1.0
1.0
1.0
1.0
1.0
1.0
1.0
1.0
1.0
1.0
1.0
1.0
1.0
1.0
1.0
1.0
1.0
1.0
1.0
1.0
1.0
1.0
1.0
1.0
1.0
1.0
1.0
1.0
1.0
1.0
1.0
1.0
1.0
1.0
1.0
1.0
1.0
1.0
1.0
1.0
1.0
1.0
1.0
1.0
1.0
1.0
1.0
1.0
1.0
1.0
1.0
1.0
1.0
1.0
1.0
1.0
1.0
1.0
1.0
1.0
1.0
1.0
1.0
1.0
1.0
1.0
1.0
1.0
1.0
1.0
1.0
1.0
1.0
1.0
1.0
1.0
1.0
1.0
1.0
1.0
1.0
1.0
1.0
1.0
1.0
1.0
1.0
1.0
1.0
1.0
1.0
1.0
1.0
1.0
1.0
1.0
1.0
1.0
1.0
1.0
1.0
1.0
1.0
1.0
1.0
1.0
1.0
1.0
1.0
1.0
1.0
1.0
1.0
1.0
1.0
1.0
1.0
1.0
1.0
1.0
1.0
1.0
1.0
1.0
1.0
1.0
1.0
1.0
1.0
1.0
1.0
1.0
1.0
1.0
1.0
1.0
1.0
1.0
1.0
1.0
1.0
1.0
1.0
1.0
1.0
1.0
1.0
1.0
1.0
1.0
1.0
1.0
1.0
1.0
1.0
1.0
1.0
1.0
1.0
1.0
1.0
1.0
1.0
1.0
1.0
1.0
1.0
1.0
1.0
1.0
1.0
1.0
1.0
1.0
1.0
1.0
1.0
1.0
1.0
1.0
1.0
1.0
1.0
1.0
1.0
1.0
1.0
1.0
1.0
1.0
1.0
1.0
1.0
1.0
1.0
1.0
1.0
1.0
1.0
1.0
1.0
1.0
1.0
1.0
1.0
1.0
1.0
1.0
1.0
1.0
1.0
1.0
1.0
1.0
1.0
1.0
1.0
1.0
1.0
1.0
1.0
1.0
1.0
1.0
1.0
1.0
1.0
1.0
1.0
1.0
1.0
1.0
1.0
1.0
1.0
1.0
1.0
1.0
1.0
1.0
1.0
1.0
1.0
1.0
1.0
1.0
1.0
1.0
1.0
1.0
1.0
1.0
1.0
1.0
1.0
1.0
1.0
1.0
1.0
1.0
1.0
1.0
1.0
1.0
1.0
1.0
1.0
1.0
1.0
1.0
1.0
1.0
1.0
1.0
1.0
1.0
1.0
1.0
1.0
1.0
1.0
1.0
1.0
1.0
1.0
1.0
1.0
1.0
1.0
1.0
1.0
1.0
1.0
1.0
1.0
1.0
1.0
1.0
1.0
1.0
1.0
1.0
1.0
1.0
1.0
1.0
1.0
1.0
1.0
1.0
1.0
1.0
1.0
1.0
1.0
1.0
1.0
1.0
1.0
1.0
1.0
1.0
1.0
1.0
1.0
1.0
1.0
1.0
1.0
1.0
1.0
1.0
1.0
1.0
1.0
1.0
1.0
1.0
1.0
1.0
1.0
1.0
1.0
1.0
1.0
1.0
1.0
1.0
1.0
1.0
1.0
1.0
1.0
1.0
1.0
1.0
1.0
1.0
1.0
1.0
1.0
1.0
1.0
1.0
1.0
1.0
1.0
1.0
1.0
1.0
1.0
1.0
1.0
1.0
1.0
1.0
1.0
1.0
1.0
1.0
1.0
1.0
1.0
1.0
1.0
1.0
1.0
1.0
1.0
1.0
1.0
1.0
1.0
1.0
1.0
1.0
1.0
1.0
1.0
1.0
1.0
1.0
1.0
1.0
1.0
1.0
1.0
1.0
1.0
1.0
1.0
1.0
1.0
1.0
1.0
1.0
1.0
1.0
1.0
1.0
1.0
1.0
1.0
1.0
1.0
1.0
1.0
1.0
1.0
1.0
1.0
1.0
1.0
1.0
1.0
1.0
1.0
1.0
1.0
1.0
1.0
1.0
1.0
1.0
1.0
1.0
1.0
1.0
1.0
1.0
1.0
1.0
1.0
1.0
1.0
1.0
1.0
1.0
1.0
1.0
1.0
1.0
1.0
1.0
1.0
1.0
1.0
1.0
1.0
1.0
1.0
1.0
1.0
1.0
1.0
1.0
1.0
1.0
1.0
1.0
1.0
1.0
1.0
1.0
1.0
1.0
1.0
1.0
1.0
1.0
1.0
1.0
1.0
1.0
1.0
1.0
1.0
1.0
1.0
1.0
1.0
1.0
1.0
1.0
1.0
1.0
1.0
1.0
1.0
1.0
1.0
1.0
1.0
1.0
1.0
1.0
1.0
1.0
1.0
1.0
1.0
1.0
1.0
1.0
1.0
1.0
1.0
1.0
1.0
1.0
1.0
1.0
1.0
1.0
1.0
1.0
1.0
1.0
1.0
1.0
1.0
1.0
1.0
1.0
1.0
1.0
1.0
1.0
1.0
1.0
1.0
1.0
1.0
1.0
1.0
1.0
1.0
1.0
1.0
1.0
1.0
1.0
1.0
1.0
1.0
1.0
1.0
1.0
1.0
1.0
1.0
1.0
1.0
1.0
1.0
1.0
1.0
1.0
1.0
1.0
1.0
1.0
1.0
1.0
1.0
1.0
1.0
1.0
1.0
1.0
1.0
1.0
1.0
1.0
1.0
1.0
1.0
1.0
1.0
1.0
1.0
1.0
1.0
1.0
1.0
1.0
1.0
1.0
1.0
1.0
1.0
1.0
1.0
1.0
1.0
1.0
        </DataArray>
      </PointData>
    </Piece>
  </PolyData>
</VTKFile>