<VTKFile type="PolyData" version="1.0" byte_order="LittleEndian" header_type="UInt64">
  <PolyData>
    <Piece NumberOfPoints="8023" NumberOfVerts="8023">
      <Points>
        <DataArray type="Float32" Name="Points" NumberOfComponents="3" format="ascii">
0.2623131 0.6861966 0.6287386
0.5561758 0.3182715 0.5074385
0.5689512 0.2766628 0.5972573
0.1685613 0.7593147 0.5820599
0.5612852 0.301037 0.5663176
0.1884402 0.7435456 0.6058615
0.1929353 0.7399639 0.6097313
0.6316687 0.07000327 0.5087652
0.5778009 0.2431248 0.6193202
0.6176255 0.1073033 0.5938709
0.3465869 0.6197632 0.5343665
0.6223546 0.09088582 0.5738036
0.3290893 0.6333953 0.579063
0.3300589 0.6325867 0.5773883
0.3065674 0.6506832 0.6063227
0.2929699 0.6612092 0.6165392
0.2744137 0.6756037 0.6254418
0.5932672 0.1878023 0.6298691
0.5710332 0.261979 0.6085017
0.595691 0.1788657 0.6291214
0.1954706 0.7355496 0.6125857
0.5541726 0.3176577 0.5075476
0.1799646 0.7470391 0.5989701
0.3434921 0.6207533 0.5440115
0.5549051 0.3148122 0.5284694
0.1887371 0.7397842 0.6076272
0.6127411 0.1189981 0.6044974
0.3361271 0.6262314 0.564016
0.5963751 0.1733169 0.6283571
0.1526772 0.7670631 0.5542758
0.5832804 0.2146192 0.628
0.6259404 0.06798565 0.5008687
0.3127567 0.6438243 0.5993056
0.1977576 0.7320077 0.6147879
0.552825 0.3172587 0.5076137
0.2275085 0.7090719 0.6278662
0.6160953 0.09802827 0.5849544
0.5530517 0.3158999 0.52028
0.1681114 0.7539665 0.5855194
0.5841668 0.2064694 0.6291729
0.2609274 0.6826508 0.6285833
0.2486975 0.6919685 0.6299455
0.5526705 0.3151333 0.5239407
0.2887155 0.6613669 0.618189
0.2580162 0.6847839 0.6290689
0.5549765 0.3067396 0.5521712
0.2720983 0.6736767 0.6256191
0.6180118 0.08379233 0.5649453
0.6204645 0.07418138 0.5434313
0.2653097 0.6785959 0.6275572
0.1553136 0.7620119 0.5643337
0.611073 0.1072076 0.5955074
0.5934528 0.1669365 0.6273886
0.2345214 0.7013444 0.6293287
0.57735 0.2242916 0.6255703
0.3459172 0.6167936 0.5293001
0.1451583 0.7689275 0.5348724
0.325153 0.6324627 0.582287
0.5688669 0.2534851 0.6131285
0.6204618 0.06768966 0.5177699
0.2106511 0.7189284 0.6227387
0.5538332 0.3056148 0.553903
0.6110995 0.09773055 0.58618
0.5717572 0.2389193 0.6203148
0.5641099 0.2644387 0.6055636
0.2055475 0.7219035 0.6205314
0.5763092 0.2167929 0.6272302
0.3280888 0.6293106 0.5768067
0.6053602 0.1076871 0.5972989
0.5765022 0.2132344 0.6279122
0.2446689 0.6918772 0.6299986
0.3475164 0.6144931 0.5133062
0.3468781 0.614947 0.5194664
0.5541836 0.2959932 0.5709673
0.1515105 0.7613636 0.5594506
0.2810495 0.6641871 0.6214651
0.3032359 0.6475437 0.6068398
0.325632 0.6306901 0.5804818
0.3067031 0.644758 0.6036174
0.5544052 0.2948669 0.5726951
0.5541007 0.2955784 0.5715468
0.5736464 0.2211677 0.6260995
0.5736785 0.2197214 0.6264437
0.5812485 0.1907566 0.6299998
0.3111286 0.6410276 0.5989743
0.5898629 0.1546907 0.6246795
0.323392 0.6316544 0.5834022
0.6064327 0.09058213 0.5792822
0.3059115 0.6445269 0.6039913
0.5646822 0.2510586 0.6138291
0.5583202 0.2738923 0.5970522
0.1389905 0.7682631 0.5077308
0.5933958 0.1356671 0.6172659
0.56372 0.251022 0.6137159
0.5474541 0.3144267 0.5199807
0.5691156 0.228583 0.6237186
0.5647886 0.2446105 0.6170701
0.5810369 0.1802562 0.629626
0.3110522 0.6396136 0.5983031
0.3126111 0.6383612 0.5965379
0.228041 0.7007521 0.6287439
0.1379935 0.7671516 0.5048458
0.5614447 0.2572618 0.6097955
0.218772 0.707376 0.6266274
0.1916013 0.7270328 0.6137401
0.5930853 0.1319731 0.6155244
0.5557827 0.2783735 0.5923843
0.2308316 0.6977812 0.6292418
0.5504571 0.2986135 0.5653359
0.1389665 0.7649381 0.5237398
0.216873 0.7076127 0.6262277
0.5753202 0.1989732 0.6296381
0.2773026 0.6632447 0.622371
0.1398771 0.7639459 0.5299923
0.2418275 0.6891439 0.63
0.6043657 0.08232012 0.5684472
0.6081237 0.06648049 0.5286679
0.1775404 0.7358425 0.6028563
0.5523778 0.2899402 0.578651
0.5922722 0.1269375 0.6129822
0.1838923 0.7306818 0.6086839
0.1944906 0.7222216 0.6164533
0.3338181 0.620869 0.5615405
0.1968486 0.720348 0.6178983
0.1384915 0.7627401 0.5282145
0.1644724 0.7437266 0.5890545
0.3384375 0.6173082 0.5491732
0.562581 0.2461241 0.6160813
0.3428589 0.6140586 0.5326689
0.605948 0.06942689 0.5408456
0.5586032 0.2611998 0.606804
0.345734 0.6118084 0.5116528
0.5453863 0.3149955 0.5112803
0.5898853 0.133038 0.6164388
0.6050971 0.07042378 0.544227
0.5696315 0.2150761 0.6272305
0.5513784 0.2897027 0.5786393
0.5602239 0.2534025 0.6119085
0.2770912 0.6598535 0.6217032
0.577531 0.1820204 0.6297951
0.5465572 0.3090208 0.5408115
0.1529352 0.7483248 0.5741858
0.5762008 0.1858367 0.6299588
0.5503708 0.2920163 0.5752544
0.5664025 0.2257555 0.6243737
0.5494938 0.2954681 0.5699681
0.5945006 0.1085646 0.6003187
0.2358296 0.6886002 0.6299191
0.6036976 0.06782079 0.5375931
0.5944749 0.1053249 0.5976425
0.3358334 0.6170703 0.5537532
0.6032458 0.06744346 0.5367153
0.1372462 0.7583308 0.5345051
0.3449565 0.6103206 0.5086321
0.3327226 0.6190225 0.5611875
0.2955623 0.6454001 0.6100959
0.1377599 0.7573212 0.5379633
0.5727551 0.1944273 0.6298667
0.3069316 0.6370572 0.5998638
0.1374301 0.7571806 0.5373436
0.6027471 0.06767067 0.5378397
0.1412248 0.7542244 0.5506775
0.592851 0.1086088 0.6006691
0.311899 0.632938 0.5941291
0.6035334 0.06218037 0.5052325
0.2377496 0.6850875 0.6299962
0.5848137 0.1397091 0.6199419
0.261184 0.6684882 0.6270079
0.2499932 0.6762622 0.6292325
0.3066698 0.6362569 0.5996563
0.2631272 0.6668656 0.6264306
0.1591112 0.7398151 0.5867819
0.1664703 0.7342415 0.5960831
0.193377 0.7151017 0.6180021
0.3348579 0.6157489 0.5538274
0.3296261 0.6192733 0.5659567
0.6025832 0.06269246 0.5145928
0.6027257 0.06188443 0.5007885
0.2217689 0.6943303 0.6285478
0.3299351 0.6187781 0.565036
0.568678 0.2061342 0.6287175
0.5481137 0.2938907 0.571836
0.2304682 0.6880414 0.6297123
0.3419198 0.6102687 0.5265476
0.5621647 0.2325598 0.6218036
0.3266774 0.6208135 0.5712644
0.579556 0.1575177 0.6261007
0.2393576 0.681384 0.6299768
0.6017782 0.06176543 0.5051452
0.3414334 0.6102178 0.5282637
0.1330164 0.7548037 0.5288063
0.5428392 0.3147047 0.506894
0.5580269 0.2486821 0.6142247
0.1559615 0.7384491 0.5847309
0.1306632 0.7553376 0.5160404
0.5515964 0.2765096 0.5931988
0.5427028 0.3147605 0.5050439
0.5988193 0.07110116 0.5496729
0.1468059 0.7435697 0.5707887
0.3103292 0.6307948 0.5941866
0.5614719 0.2329021 0.6216199
0.5971812 0.07754055 0.5633982
0.5750067 0.1724243 0.629005
0.3277712 0.6184393 0.567706
0.330076 0.6168341 0.5628715
0.5869941 0.1180593 0.6084244
0.5433248 0.309457 0.5371003
0.5971464 0.07047012 0.5490814
0.5862104 0.1162781 0.6073732
0.5628098 0.2203681 0.6256359
0.2644093 0.6612761 0.6253399
0.3371727 0.6114589 0.5430118
0.3048379 0.633396 0.5995503
0.5449528 0.2985817 0.563159
0.5819415 0.1312688 0.6164804
0.2820907 0.648738 0.6172398
0.1572665 0.7338887 0.5888118
0.3289652 0.6165415 0.5642126
0.549983 0.2749799 0.5942897
0.5531005 0.2590702 0.6073726
0.5967728 0.0605329 0.5010274
0.5961678 0.06172147 0.5183026
0.5896872 0.08951515 0.5828629
0.1403137 0.7441496 0.5611461
0.5713983 0.1730859 0.6291753
0.1476073 0.738912 0.5756161
0.1708976 0.7229626 0.6043596
0.1976121 0.7047608 0.621892
0.5901284 0.08673507 0.5793434
0.3074107 0.6300689 0.5960509
0.2558086 0.6648106 0.6274954
0.5859163 0.1056611 0.5995627
0.5430937 0.3021531 0.5555914
0.5913358 0.07925647 0.5684122
0.563778 0.2061049 0.6285647
0.3421915 0.6062856 0.50827
0.1404599 0.7419118 0.5636573
0.1537746 0.7329364 0.5862238
0.1476171 0.7367963 0.5772557
0.5840358 0.1126599 0.6052164
0.284431 0.6446913 0.6151302
0.5680729 0.1847837 0.6299763
0.3421338 0.6058069 0.503396
0.2942016 0.6378022 0.6080229
0.3316087 0.6127518 0.5559454
0.5611 0.2156979 0.6266767
0.1896093 0.7077682 0.6184763
0.2298168 0.6806847 0.6299025
0.5674841 0.1841012 0.6299648
0.2375324 0.6751844 0.6299242
0.5935283 0.06051853 0.5132462
0.2232519 0.6846927 0.6293764
0.5904648 0.07086164 0.5533025
0.2021499 0.6982107 0.6243911
0.1500551 0.732512 0.5828893
0.168626 0.7196978 0.6043081
0.5406906 0.3057393 0.5461743
0.5897306 0.06803963 0.5470636
0.1252309 0.7481979 0.5113428
0.2284211 0.6798012 0.6298748
0.3414791 0.60494 0.5053129
0.5498326 0.2562208 0.6087818
0.237043 0.6737809 0.6299111
0.3217876 0.6177261 0.5746735
0.5379954 0.3137724 0.5040829
0.2331661 0.6761869 0.6299998
0.5475665 0.266273 0.6012951
0.1250357 0.7461412 0.519461
0.1487972 0.7304338 0.5830042
0.2012235 0.695944 0.6245347
0.3352982 0.6080019 0.5419503
0.123623 0.7465088 0.5046164
0.5838533 0.08373028 0.5771509
0.2245047 0.6802543 0.6296722
0.5857574 0.07227615 0.5582163
0.3353532 0.6076869 0.5413034
0.1259156 0.744565 0.5280613
0.3176598 0.6191373 0.5803581
0.5677248 0.1610429 0.6274431
0.5421577 0.288981 0.5769068
0.5672824 0.1631405 0.6278559
0.584156 0.07826492 0.5692031
0.561163 0.193433 0.6297897
0.3247164 0.6135001 0.5673754
0.1897185 0.7007771 0.620176
0.219359 0.6814957 0.6292204
0.5631124 0.183613 0.6299736
0.5733958 0.1294587 0.6164734
0.156982 0.7213703 0.5954586
0.5505525 0.2440103 0.6158065
0.1443848 0.7292762 0.5791609
0.3402029 0.602863 0.5032994
0.3367896 0.6050525 0.5323799
0.1539334 0.7226882 0.5923219
0.1238201 0.7417517 0.5270081
0.3354681 0.6056861 0.5375834
0.5778591 0.1051697 0.6005219
0.1701909 0.7112973 0.6084464
0.1250414 0.7398417 0.5353394
0.3232762 0.6129905 0.5688954
0.5869982 0.05860481 0.5054165
0.2221961 0.6775522 0.6296378
0.3176901 0.6163732 0.5783799
0.5410022 0.2897225 0.5755932
0.5489416 0.2487588 0.6131342
0.5364674 0.3126448 0.5150254
0.2819671 0.638796 0.6145124
0.2488038 0.6596127 0.6280586
0.1427875 0.7266585 0.5792454
0.2565501 0.6544428 0.6260774
0.5856237 0.05976063 0.5197648
0.2872959 0.6347747 0.610679
0.552963 0.2269667 0.6230703
0.5743121 0.1167576 0.6093004
0.545104 0.2666811 0.6005813
0.5801057 0.08549815 0.5803803
0.5372454 0.3071551 0.5403137
0.240519 0.6635997 0.6293229
0.3364667 0.6030008 0.5289628
0.1972006 0.6906627 0.624375
0.1875072 0.6965923 0.6203349
0.1378004 0.7276177 0.5726829
0.309595 0.6196544 0.5886131
0.5462092 0.2600805 0.6057067
0.2831448 0.6361347 0.61318
0.1189269 0.7391981 0.5044169
0.5363709 0.3105482 0.5273587
0.1312924 0.7309235 0.5605214
0.5729191 0.1197312 0.6112859
0.244687 0.659534 0.6286126
0.58081 0.07659093 0.5675836
0.5359197 0.309193 0.532618
0.1215833 0.7360678 0.5319506
0.5501 0.2309226 0.6214762
0.5448805 0.2581115 0.6068948
0.2357611 0.6646485 0.6297111
0.5361151 0.3053439 0.5448402
0.574198 0.09718737 0.5942007
0.5811791 0.05751395 0.5057888
0.2083929 0.6813349 0.6278784
0.2246163 0.6711088 0.6299317
0.335746 0.6020477 0.5294208
0.1882612 0.693309 0.62128
0.540731 0.2767843 0.5907339
0.5798366 0.06117901 0.5319038
0.207391 0.6811308 0.6277401
0.2212088 0.6723648 0.6297675
0.5342219 0.3116868 0.5190104
0.5670356 0.1287174 0.6166977
0.1966333 0.6869963 0.624809
0.5613594 0.1592301 0.6273221
0.5737484 0.08967662 0.5866646
0.1197001 0.7337145 0.5304862
0.5781786 0.0635826 0.5410025
0.5599064 0.1638906 0.6282254
0.5728045 0.09102127 0.588302
0.5594857 0.1642334 0.6282934
0.5447028 0.2473757 0.6134635
0.1191433 0.7334684 0.5290153
0.571182 0.09704754 0.5945775
0.2759567 0.6372573 0.6167128
0.3322221 0.6027377 0.5412991
0.2925527 0.626774 0.6048287
0.5334747 0.3103532 0.5257634
0.3026792 0.6205527 0.5949754
0.2695457 0.6405369 0.619969
0.3377733 0.5989294 0.5017616
0.536847 0.2908406 0.5729245
0.5347067 0.3016515 0.553151
0.5773606 0.05682641 0.5056996
0.5572215 0.1692508 0.629053
0.3375588 0.5988362 0.5061718
0.5449883 0.239806 0.6173462
0.3231543 0.6071827 0.563904
0.133425 0.7220443 0.5714868
0.2899299 0.6271157 0.6065602
0.2884042 0.6280087 0.6077739
0.1704845 0.6993122 0.6125226
0.2601083 0.6449676 0.6237872
0.576074 0.05769822 0.5176498
0.1173529 0.7311411 0.5275819
0.5759777 0.05804947 0.5201185
0.3372747 0.5982418 0.5046017
0.572089 0.08061841 0.575914
0.3219954 0.6072006 0.5656461
0.5498242 0.2079163 0.6278219
0.1886815 0.6872656 0.6225766
0.2182957 0.6693501 0.6297092
0.1703366 0.6980474 0.6128255
0.1746002 0.6953394 0.6155693
0.5704204 0.0860222 0.5831569
0.2667315 0.6398414 0.6208035
0.5339795 0.3001794 0.5560192
0.2170429 0.6694453 0.6296291
0.2620809 0.642399 0.6227795
0.5418794 0.253546 0.6095362
0.5416175 0.2545845 0.6088464
0.573518 0.06225491 0.5394309
0.5443881 0.2356636 0.6191633
0.5372878 0.2771133 0.5897833
0.1801587 0.6906782 0.6189864
0.5729316 0.06189764 0.5386186
0.5542851 0.1733956 0.6295265
0.5712919 0.07009631 0.5591285
0.5669418 0.09591991 0.5942023
0.2473755 0.6500004 0.6273327
0.5729471 0.05831164 0.5244939
0.2566409 0.6444412 0.6246223
0.2414341 0.6531936 0.6285353
0.5319478 0.3051339 0.5434259
0.1791117 0.690078 0.6187235
0.5391154 0.2613581 0.6038695
0.5465777 0.2148246 0.6262385
0.5633704 0.1104434 0.606411
0.53378 0.2921456 0.5701967
0.5310811 0.3085555 0.5318069
0.1295319 0.7180885 0.5694494
0.3362342 0.5963371 0.5001999
0.5691431 0.07257023 0.5642972
0.5338086 0.289497 0.574121
0.1396092 0.7115296 0.5855505
0.5329303 0.2942347 0.5666469
0.5701739 0.05867621 0.5283636
0.5398107 0.2493172 0.6118963
0.5702626 0.05553216 0.5018222
0.1180423 0.7233317 0.5436363
0.5322103 0.296064 0.5633212
0.5596585 0.1208722 0.6132716
0.557877 0.1287868 0.6174637
0.5586076 0.1217633 0.6138525
0.1135963 0.7254141 0.5261294
0.5373589 0.2579153 0.6061488
0.5293649 0.3092733 0.5276479
0.5623949 0.08924279 0.5882363
0.1119173 0.7261632 0.5146248
0.2027126 0.6731204 0.6277614
0.565378 0.06803322 0.5569
0.5643144 0.07363856 0.5673641
0.32654 0.6008394 0.5515122
0.5566676 0.1241164 0.6152573
0.291896 0.6208513 0.6029735
0.5623824 0.08566096 0.5842451
0.2810986 0.6268862 0.6114153
0.5655173 0.06091937 0.5392228
0.1680724 0.6918555 0.6135001
0.5646233 0.06686527 0.5547059
0.3342783 0.5953948 0.5177448
0.1585885 0.6962759 0.6070147
0.3347501 0.5947876 0.5114501
0.5644457 0.06765333 0.5564101
0.2371056 0.6507117 0.6288877
0.272259 0.6305551 0.6165963
0.5556189 0.1257862 0.616182
0.3267086 0.5991092 0.5491052
0.5621364 0.08130851 0.5789546
0.1247971 0.7141334 0.5659875
0.5429345 0.2103344 0.6271291
0.5529636 0.142329 0.623174
0.5520092 0.1473272 0.6247745
0.5653446 0.05686378 0.5231168
0.1598146 0.6930192 0.6088143
0.2427625 0.6459294 0.6277177
0.565289 0.05476546 0.5010133
0.5645019 0.05981714 0.536112
0.5429114 0.2056537 0.6280307
0.3228054 0.6003071 0.5579202
0.534816 0.2604101 0.6040797
0.5486569 0.1649343 0.6286653
0.5309337 0.2858876 0.5784453
0.2808215 0.6238485 0.6106428
0.5473388 0.1719511 0.629495
0.3345447 0.5934165 0.5011963
0.3034201 0.6109876 0.5895347
0.5630037 0.06138179 0.5417306
0.2175008 0.6593811 0.6299269
0.5614779 0.06906372 0.5600503
0.1910089 0.6740867 0.6252952
0.5265843 0.3117352 0.5058669
0.54256 0.1907654 0.6297628
0.52623 0.3091802 0.5259393
0.1795392 0.6803019 0.6209323
0.5597105 0.06185442 0.5443649
0.3294511 0.5957111 0.5376448
0.5357217 0.2361689 0.6183625
0.5262455 0.3058692 0.5387095
0.555187 0.08616865 0.5859927
0.5563548 0.07718596 0.5744743
0.5589734 0.05465278 0.514083
0.2175499 0.6580344 0.6299486
0.1839016 0.6768365 0.6229597
0.5315188 0.2614461 0.6029561
0.5259662 0.302944 0.5469118
0.5552521 0.07910365 0.5773188
0.5249622 0.3081911 0.52965
0.5485172 0.1243807 0.6159726
0.5569565 0.05429402 0.5131767
0.5245457 0.3066222 0.5354589
0.5436535 0.1542944 0.6268485
0.555558 0.05838141 0.5353565
0.5243908 0.3058002 0.5381557
0.1409675 0.6988959 0.5933807
0.5335088 0.2328855 0.6196669
0.5416541 0.1647917 0.6287775
0.3287616 0.5944399 0.5375935
0.5466967 0.1230355 0.6154057
0.1107641 0.7134915 0.5392269
0.202725 0.662818 0.6286125
0.2141719 0.6565248 0.629867
0.546859 0.1184359 0.6129101
0.2457567 0.639008 0.6264348
0.5545297 0.05403098 0.5135643
0.2146846 0.655854 0.6298996
0.2485444 0.6373007 0.6256092
0.2671834 0.6268757 0.617859
0.3274296 0.5938295 0.5403773
0.1415144 0.6948941 0.5956513
0.1673512 0.6807382 0.6160542
0.1089142 0.7123657 0.5356192
0.1056818 0.7134517 0.5204321
0.227075 0.6476923 0.6296394
0.1682792 0.6794907 0.6167554
0.5398976 0.1736572 0.6297036
0.5242634 0.300475 0.5523237
0.1663936 0.6799638 0.615814
0.5539242 0.05598447 0.5264632
0.3320273 0.5905172 0.5144836
0.5230065 0.3090874 0.5243132
0.5225554 0.3092376 0.5232238
0.5327756 0.2179811 0.6248921
0.2545295 0.6320672 0.6232795
0.5472074 0.08911169 0.5902256
0.10539 0.7117814 0.5235525
0.5494717 0.0663493 0.5577603
0.1365152 0.6947751 0.5914639
0.5268861 0.2629403 0.6013445
0.225038 0.6470475 0.6297419
0.5281637 0.2508593 0.610006
0.281894 0.6162081 0.6076585
0.5469651 0.08283865 0.5833103
0.534002 0.1972625 0.6290895
0.1268251 0.6974641 0.5803459
0.5414957 0.1274369 0.6178543
0.1730738 0.6728058 0.6200885
0.1121124 0.7049494 0.5530038
0.3276272 0.590738 0.5349878
0.1104728 0.7047833 0.5498151
0.1714522 0.6723692 0.6195705
0.1628717 0.6768076 0.6149698
0.1154162 0.7014443 0.5622112
0.543212 0.1118628 0.6092007
0.107078 0.7057784 0.5404544
0.3097637 0.5995085 0.5762221
0.1057856 0.7059591 0.5364881
0.3088328 0.599865 0.5775717
0.5299866 0.2304851 0.6204841
0.2343834 0.6384733 0.6283806
0.1066599 0.7048262 0.540668
0.1831369 0.6649099 0.6245615
0.1504378 0.6815501 0.6069549
0.100635 0.7073805 0.5005034
0.537083 0.1663198 0.6290443
0.316822 0.5951146 0.5632064
0.1707124 0.670938 0.6195732
0.1742347 0.6689991 0.6212092
0.3078217 0.5995546 0.5785751
0.549403 0.05303952 0.5090805
0.1596246 0.6759724 0.6136184
0.5411528 0.1276125 0.6179529
0.3106614 0.5975856 0.5738413
0.5389171 0.1468517 0.6251194
0.5253922 0.2683623 0.5966198
0.5453136 0.08275595 0.5834292
0.1086005 0.7012112 0.5497826
0.2997696 0.6028044 0.5888267
0.5412925 0.1156037 0.6116396
0.2272934 0.6398321 0.6292937
0.2649314 0.6205148 0.6173968
0.1376433 0.685763 0.5964183
0.522517 0.2889138 0.5727819
0.543442 0.08921906 0.5907616
0.5235882 0.2758572 0.5891469
0.5198744 0.3108903 0.506268
0.2922776 0.606232 0.5968759
0.5202171 0.3075127 0.5301565
0.330728 0.5865469 0.5054464
0.3307857 0.5864651 0.5025746
0.3300509 0.5868117 0.5147327
0.5378057 0.1392168 0.6227669
0.1149458 0.6961485 0.5657697
0.5199741 0.3082152 0.5269403
0.5444687 0.07211015 0.5689725
0.3233621 0.5894697 0.5449122
0.3273435 0.5874373 0.5301073
0.5198225 0.308309 0.5264211
0.5403569 0.1054298 0.6050145
0.5284018 0.2206075 0.6239593
0.5378443 0.1271508 0.6179017
0.2900819 0.6057754 0.598415
0.1525138 0.6748688 0.6101733
0.5262904 0.2383583 0.6168176
0.3065245 0.5973366 0.5787683
0.5441552 0.06050214 0.5456792
0.1477299 0.6770448 0.6067042
0.5318893 0.1825245 0.6299967
0.54066 0.09402919 0.5956852
0.3298683 0.5851522 0.5080846
0.5278879 0.2212515 0.6237383
0.1022869 0.6981852 0.5378861
0.53767 0.1192548 0.613933
0.1207802 0.6885794 0.5786349
0.541082 0.08343259 0.5847369
0.5235662 0.2588774 0.604203
0.3192145 0.5896032 0.5540578
0.0965924 0.6994049 0.5000014
0.3247304 0.5865954 0.5373957
0.5226644 0.2677494 0.5969146
0.1501262 0.672561 0.6094715
0.2504022 0.6228727 0.6230975
0.5368758 0.118971 0.61382
0.1333393 0.6803585 0.5951142
0.5410957 0.07378623 0.5720751
0.5218206 0.2724195 0.5924687
0.5229561 0.2580931 0.6047379
0.3247077 0.586104 0.5367341
0.5251787 0.2343761 0.6186225
0.5210644 0.2726326 0.5921881
0.5171991 0.3092776 0.5196675
0.1540015 0.6697894 0.6123437
0.5398947 0.05455694 0.5267121
0.5316185 0.1415963 0.623759
0.2804093 0.6074858 0.6058187
0.1335838 0.6791504 0.5958089
0.2413988 0.6263709 0.6259559
0.2876611 0.6037447 0.5994934
0.5317789 0.1364601 0.6219903
0.5333481 0.1166824 0.6127183
0.5277233 0.1791556 0.629984
0.5379558 0.05841902 0.5414667
0.5172158 0.2982864 0.5555093
0.1073231 0.6911139 0.5572512
0.264006 0.6146355 0.6165247
0.2952327 0.5993392 0.5914367
0.1110725 0.6884007 0.5657333
0.5240172 0.2140363 0.625734
0.520268 0.2571532 0.6052471
0.2280742 0.6308805 0.6287174
0.5157266 0.3083828 0.5241425
0.1366622 0.67447 0.6000085
0.5304295 0.1273807 0.6183179
0.2588778 0.615256 0.6188179
0.5164386 0.2986625 0.5545689
0.09624514 0.6927171 0.5259185
0.5267707 0.1691898 0.629455
0.2297038 0.6289355 0.6283692
0.5207051 0.2406408 0.6154214
0.5258079 0.174745 0.6298484
0.5149179 0.3099034 0.5132893
0.5291576 0.1228569 0.6162101
0.5332456 0.06054574 0.5482606
0.5334004 0.05626523 0.5357419
0.5274553 0.1349138 0.6215451
0.3068452 0.5919441 0.5751492
0.2450252 0.6213475 0.6244371
0.3137009 0.5885413 0.5629703
0.5156443 0.2917885 0.5673364
0.3238722 0.583312 0.5351356
0.2831297 0.6025366 0.6023824
0.2730247 0.6072712 0.610207
0.1259365 0.6765176 0.5901952
0.5147175 0.3026905 0.5445111
0.1396193 0.6696287 0.6037694
0.1092394 0.6838101 0.5662821
0.5155331 0.2911063 0.5684339
0.5247222 0.1658936 0.6291294
0.5329533 0.05231917 0.5169365
0.1673899 0.6556103 0.6211243
0.5301301 0.07935089 0.5809423
0.5258204 0.1394856 0.6232189
0.531148 0.06203368 0.5521702
0.3193592 0.5844321 0.5485318
0.513959 0.3028793 0.5438377
0.5136723 0.303858 0.5409496
0.2817439 0.6017916 0.6031092
0.2284575 0.6265897 0.6283894
0.3051539 0.5908151 0.5766084
0.5304745 0.05742052 0.5402027
0.5150312 0.2816216 0.5817178
0.2727931 0.6057636 0.6099364
0.5291018 0.07425094 0.5742027
0.3180863 0.5845585 0.55143
0.3038985 0.5911298 0.5783211
0.218812 0.6306523 0.6296194
0.2331801 0.6238481 0.6274064
0.1208298 0.6759589 0.5854062
0.521657 0.182628 0.6299863
0.5304588 0.05312786 0.5232226
0.5280456 0.08399838 0.5866112
0.2615486 0.6103173 0.6167071
0.3275424 0.5797651 0.5016775
0.5289031 0.07116911 0.5695925
0.3271536 0.5799139 0.5105176
0.3118257 0.5869592 0.5647898
0.3192492 0.5834 0.5476912
0.1321367 0.6696825 0.5982648
0.316085 0.5847845 0.5556575
0.2749703 0.6037368 0.6081002
0.1022195 0.6831363 0.5547395
0.1609614 0.6560907 0.618596
0.3097251 0.5875837 0.5684246
0.3269585 0.5794494 0.5103037
0.09105772 0.6877249 0.5027168
0.2607664 0.6097673 0.6169416
0.2509285 0.6141414 0.6215818
0.5187773 0.2178979 0.6245419
0.513379 0.2966461 0.5582756
0.1127118 0.6772093 0.5753929
0.3218511 0.5810674 0.5381595
0.1200668 0.6727531 0.5861406
0.5201079 0.1933896 0.6293751
0.1428356 0.6621351 0.6080787
0.5225192 0.1454481 0.6251251
0.5284807 0.05090755 0.501179
0.5173047 0.2229253 0.6228962
0.3072284 0.5873079 0.5717916
0.5124918 0.2986059 0.5540769
0.5137321 0.2747621 0.5894384
0.2983141 0.5912725 0.5846968
0.5156912 0.2355393 0.6177575
0.51126 0.3093731 0.5157627
0.2595353 0.608662 0.6172609
0.5240589 0.07142726 0.5704626
0.1674166 0.6499471 0.6220282
0.5107223 0.3079864 0.5244123
0.3048114 0.5879022 0.5753561
0.5106905 0.3082906 0.5227563
0.5204207 0.1286356 0.6191795
0.09259781 0.6831294 0.529241
0.5104229 0.3090507 0.5178664
0.1185567 0.671155 0.5853218
0.1011057 0.6787856 0.5564004
0.5108359 0.2998891 0.5509589
0.5105868 0.3033376 0.5419285
0.158857 0.6522315 0.6184503
0.1871227 0.6395863 0.62802
0.5107299 0.2960087 0.5592228
0.3257272 0.5777271 0.5145841
0.3152248 0.5824046 0.5552344
0.089959 0.6825703 0.5172598
0.5128729 0.2449768 0.6127834
0.09495822 0.6798471 0.5415691
0.1211188 0.6679389 0.5893447
0.5204048 0.08318433 0.5861964
0.5191477 0.1025378 0.6040576
0.5105909 0.2775171 0.5862525
0.5111365 0.2654221 0.5982249
0.5208666 0.05749759 0.5421004
0.1857199 0.6387834 0.6278474
0.08845213 0.6816097 0.5064983
0.5086275 0.310175 0.5023344
0.5173232 0.111737 0.610396
0.5152702 0.1577359 0.6280197
0.1691024 0.6454825 0.6232091
0.5102844 0.2675157 0.5963367
0.2163197 0.6246818 0.6296048
0.1722735 0.6435722 0.6243845
0.1009271 0.6745459 0.5595185
0.08774421 0.6802225 0.504334
0.08896148 0.6795933 0.5192931
0.2117669 0.6259185 0.6298852
0.2588939 0.6052788 0.6168808
0.08758345 0.6799679 0.5026393
0.5142062 0.1779526 0.6299785
0.2589014 0.6051323 0.6168489
0.1321791 0.6602705 0.6015038
0.1601809 0.647976 0.6197314
0.5099483 0.2744246 0.5895843
0.5092202 0.2907573 0.5683942
0.1967046 0.6316543 0.629564
0.08990568 0.6780133 0.5274733
0.5188429 0.07210952 0.5719026
0.1654217 0.6447148 0.622134
0.5182686 0.07475522 0.5757682
0.3145703 0.5800825 0.5545172
0.5084465 0.2910844 0.5678096
0.5173553 0.06924245 0.5674924
0.5160579 0.09565347 0.5986499
0.5108207 0.2246207 0.6221799
0.5160453 0.08381578 0.587115
0.1700851 0.6420413 0.6239513
0.1336673 0.6576841 0.6033737
0.5134844 0.1471645 0.6257173
0.3147761 0.579659 0.5537385
0.1304487 0.6588176 0.6006865
0.5161942 0.0727762 0.5730559
0.5161953 0.05518788 0.5353309
0.5121291 0.1536416 0.6272556
0.1892435 0.6331685 0.6287355
0.09298438 0.6744106 0.5426342
0.510327 0.2047809 0.6276512
0.2380664 0.6119419 0.6251582
0.5125999 0.1364518 0.6224111
0.5096207 0.2214986 0.6232543
0.2932923 0.5880454 0.5883948
0.3212882 0.5759579 0.5327169
0.3243124 0.5746712 0.5152508
0.09027037 0.6739673 0.5352398
0.2886646 0.5896741 0.5933974
0.5068768 0.3008777 0.548138
0.2501962 0.6057826 0.6205246
0.2177328 0.6193588 0.6292936
0.08612171 0.6745517 0.5145696
0.08535156 0.6748325 0.5002657
0.5122437 0.1441453 0.6248971
0.2371754 0.6106402 0.6252453
0.2739629 0.595046 0.6063298
0.5079238 0.2685472 0.5953068
0.09708008 0.6687977 0.5569761
0.324632 0.5734514 0.5057912
0.2490972 0.6050875 0.6208224
0.08498278 0.6737769 0.5042415
0.1043219 0.6654091 0.571059
0.09112859 0.6707149 0.5418503
0.1210097 0.6581668 0.5931603
0.3092003 0.5795984 0.5638092
0.248039 0.6050304 0.621197
0.1320021 0.6530221 0.6035889
0.5064546 0.3074856 0.5259808
0.08664188 0.6717014 0.5248612
0.1604635 0.6410011 0.6209525
0.5091288 0.2262413 0.6215557
0.1988356 0.6247412 0.6298625
0.1270585 0.6542885 0.5995569
0.5142234 0.05065241 0.5105322
0.5065176 0.2938746 0.5628969
0.2775717 0.5919009 0.602986
0.0869177 0.6704334 0.5283962
0.5070801 0.2746168 0.5892676
0.5108327 0.15478 0.6274965
0.512944 0.06874219 0.5669212
0.5113192 0.1203235 0.615406
0.5089797 0.1940951 0.6292479
0.1151363 0.657269 0.5879242
0.5072228 0.2517854 0.6084524
0.5064164 0.2592053 0.6031506
0.1724189 0.6334008 0.6255555
0.5109105 0.05844322 0.5457292
0.08388829 0.6692639 0.514213
0.1277658 0.6513321 0.6010218
0.5058674 0.2606775 0.6019938
0.2453165 0.603439 0.6219217
0.09883282 0.6628118 0.5643666
0.5108963 0.05467093 0.5340469
0.08441019 0.6686285 0.5197044
0.5070329 0.2090846 0.6267242
0.5057257 0.2476277 0.6110643
0.5072726 0.1673072 0.629371
0.2634104 0.5955355 0.6126699
0.3193563 0.572932 0.5350379
0.2988142 0.5812206 0.5792665
0.5041145 0.3099868 0.5038736
0.5046888 0.2754923 0.5882642
0.09255776 0.6640779 0.551789
0.32152 0.5717931 0.5247519
0.5060863 0.2019034 0.6281521
0.5085081 0.0827308 0.58615
0.503809 0.3080032 0.5229098
0.3167668 0.5734304 0.5432322
0.3034902 0.578735 0.5719047
0.1982273 0.6207626 0.6299023
0.5062642 0.1789361 0.6299951
0.5073667 0.1113747 0.6103675
0.107573 0.6566858 0.5798954
0.5049845 0.2162269 0.624863
0.5035824 0.2950191 0.5606449
0.5069342 0.09849018 0.6012244
0.09023163 0.6633615 0.5471925
0.504383 0.2185975 0.6241486
0.1556518 0.6372117 0.6197149
0.321899 0.5709293 0.5209877
0.1303922 0.6471486 0.604133
0.5028893 0.3093316 0.5133792
0.5062123 0.05947417 0.5486103
0.3150975 0.5733823 0.5473553
0.3098074 0.5752082 0.5597073
0.5059063 0.07611302 0.5780957
0.5030301 0.2726309 0.5912318
0.3097497 0.5751143 0.5597444
0.5058603 0.05626762 0.5397583
0.1571756 0.6350797 0.6206234
0.2978449 0.5795585 0.5796355
0.5047901 0.1371653 0.6227293
0.5058048 0.05525193 0.5364481
0.3091577 0.5749882 0.5607097
0.318623 0.571009 0.5349336
0.5056283 0.06538436 0.5612772
0.09798312 0.657038 0.5666742
0.5052278 0.06821987 0.5663183
0.08108214 0.6635721 0.5085286
0.5031219 0.2310654 0.6195582
0.2538087 0.5958441 0.6174105
0.5018584 0.309517 0.5113
0.09006333 0.6594211 0.5503715
0.1729825 0.6270673 0.6262897
0.503818 0.09588307 0.5991025
0.5029792 0.1729475 0.6298078
0.1568398 0.6331319 0.620782
0.3186572 0.5703353 0.533927
0.09047499 0.6587427 0.5518434
0.5019369 0.2858046 0.5755463
0.5018908 0.2756528 0.5880458
0.5033944 0.09505668 0.5983982
0.08389002 0.6603729 0.5322157
0.1334938 0.6411544 0.6077389
0.5022761 0.1077123 0.6080441
0.5013053 0.1670887 0.629357
0.1290292 0.6425869 0.6044253
0.2983864 0.5774168 0.5779549
0.2514626 0.595431 0.6183583
0.5010461 0.06211248 0.5547926
0.1359265 0.6396481 0.6095846
0.5006929 0.193896 0.6292553
0.1787422 0.6230443 0.6277626
0.0802218 0.6607533 0.511326
0.2931902 0.5791858 0.5847829
0.5005687 0.123919 0.6172812
0.09218618 0.6557973 0.5575646
0.1017016 0.652125 0.5747486
0.5006467 0.05692166 0.5418522
0.5002375 0.1065038 0.6072301
0.4996663 0.2681925 0.5955098
0.4993679 0.09951615 0.6020895
0.4995271 0.2071283 0.627138
0.4994605 0.2233252 0.6225682
0.1021466 0.6512103 0.5757928
0.4994678 0.3074114 0.525817
0.08400226 0.6580563 0.5356642
0.3223052 0.5674738 0.5043882
0.09581423 0.6534331 0.5654395
0.4993317 0.3089919 0.5161673
0.3215089 0.5676676 0.5151628
0.4992289 0.2875667 0.5730049
0.4980274 0.08544704 0.5892124
0.4990725 0.3082797 0.5210924
0.497048 0.05275795 0.5265891
0.321081 0.5674282 0.5176442
0.4973781 0.1315953 0.6206486
0.2265145 0.6026845 0.6269768
0.3129432 0.570105 0.5494256
0.2883577 0.5791494 0.589756
0.1920332 0.614958 0.629707
0.1451812 0.6323574 0.615992
0.4985443 0.3082671 0.5211889
0.4965006 0.05767697 0.5439737
0.2168402 0.605386 0.6287667
0.1772361 0.620077 0.6276941
0.4962917 0.05341837 0.5295498
0.2145946 0.6061299 0.6290725
0.3063863 0.5719664 0.563486
0.1744265 0.6209232 0.6271002
0.1692592 0.6225531 0.6258159
0.2803948 0.5812564 0.5976259
0.3133463 0.568979 0.5475079
0.1126161 0.6425976 0.5910436
0.4964668 0.09674624 0.599831
0.3143117 0.5682499 0.5444456
0.1352111 0.6339264 0.6104288
0.2959838 0.5747823 0.5796912
0.4971693 0.1874841 0.6297851
0.4972112 0.2185753 0.6241491
0.4969021 0.191109 0.6295258
0.2973505 0.5740486 0.5776716
0.1610086 0.6238106 0.6234006
0.1048293 0.6441118 0.5823041
0.4960572 0.1147082 0.6124026
0.4977132 0.2842444 0.5776893
0.4955011 0.1168141 0.6135967
0.4952586 0.09821591 0.6010286
0.1969964 0.6097502 0.6299802
0.2505627 0.5902327 0.6179116
0.07833025 0.6524913 0.5203583
0.1418843 0.6294258 0.6149133
0.4951881 0.1227885 0.616719
0.4964327 0.2241206 0.6222923
0.4942733 0.08370215 0.5872877
0.2928673 0.5746394 0.5832709
0.4969265 0.3004088 0.5490653
0.3120168 0.5676048 0.5494447
0.4967385 0.3087409 0.5182469
0.2839329 0.5775375 0.5933827
0.2737464 0.5811452 0.6027533
0.4957566 0.2561596 0.6053818
0.08878109 0.6471486 0.5571716
0.4941879 0.2020364 0.6281284
0.2869396 0.5760718 0.5900437
0.3125151 0.5667835 0.5475904
0.07629201 0.6508588 0.5078445
0.2656987 0.5832995 0.608682
0.07791659 0.6497658 0.5234567
0.4912187 0.05102676 0.5156122
0.1454598 0.6254939 0.6172746
0.1006026 0.6413561 0.5784325
0.230829 0.5952076 0.625342
0.4914134 0.06544298 0.5612963
0.2106033 0.6022045 0.6293397
0.4915537 0.08348367 0.5869946
0.4938808 0.2021832 0.6281042
0.4957706 0.3024983 0.5436493
0.2755426 0.57888 0.6008064
0.4952018 0.2761669 0.5875317
0.1511919 0.6222313 0.620164
0.2487397 0.5879965 0.6183559
0.4903632 0.05345473 0.5293252
0.2124414 0.6006291 0.6290914
0.4942782 0.2384936 0.6161284
0.4898278 0.07168737 0.5717091
0.1017709 0.6390625 0.5808359
0.4953137 0.306556 0.5299656
0.4890147 0.05152449 0.5189593
0.2554665 0.5851935 0.6147727
0.1080549 0.6365204 0.5886976
0.49159 0.1590928 0.6282908
0.4952939 0.3093663 0.5133937
0.2037881 0.6026306 0.6298368
0.1281538 0.6287678 0.6072202
0.4951454 0.3060176 0.5321693
0.1791813 0.6108922 0.6285378
0.4942002 0.2738196 0.5900657
0.2529857 0.5848479 0.6159321
0.07420769 0.6455914 0.5010828
0.1425312 0.6221119 0.6164684
0.4894511 0.0900031 0.5936809
0.2662891 0.5798114 0.6075433
0.232707 0.5911384 0.6244448
0.4888803 0.08374941 0.5872194
0.3021751 0.5673513 0.5676286
0.48917 0.09570831 0.5988455
0.2742997 0.5767785 0.6012018
0.488914 0.1080379 0.6081613
0.4909279 0.1794869 0.6299984
0.08696342 0.6402884 0.5582666
0.260342 0.5813857 0.6114647
0.4870569 0.05052379 0.5093607
0.07550484 0.6440886 0.5210584
0.4898215 0.1560224 0.6277413
0.2663682 0.5791071 0.6073379
0.4902604 0.1795077 0.6299984
0.4871606 0.0889158 0.5925587
0.4868894 0.08388165 0.5873014
0.4930147 0.2794737 0.583827
0.4922332 0.2573507 0.6045757
0.3073066 0.5650487 0.5574368
0.1545779 0.616552 0.6221262
0.4854308 0.05065835 0.5104687
0.4926351 0.2747504 0.5891356
0.07434654 0.6435675 0.5142809
0.07923865 0.6419086 0.5388872
0.489413 0.1806045 0.6299993
0.3013922 0.5668525 0.5685743
0.1816509 0.6069974 0.6290302
0.1497943 0.6176884 0.620227
0.3156779 0.5619158 0.5336975
0.2326082 0.5897018 0.6243334
0.07540229 0.6421563 0.5240132
0.1034931 0.6326435 0.5852957
0.2527229 0.5822721 0.6156381
0.1273791 0.6238189 0.6078023
0.4855367 0.07394698 0.5748374
0.1805147 0.6059261 0.6289374
0.3086373 0.5634386 0.5536878
0.4903889 0.2205982 0.6235523
0.07396799 0.6411254 0.5176373
0.1101836 0.6288809 0.5932588
0.2954859 0.5674898 0.5771424
0.2048008 0.5973494 0.6296766
0.4844787 0.0547516 0.533838
0.118008 0.625679 0.6007658
0.484194 0.05029261 0.5019687
0.4904892 0.2299009 0.6201107
0.3166271 0.5601798 0.527746
0.4932263 0.3097364 0.5099862
0.304101 0.5642258 0.5627706
0.2671084 0.5761827 0.6062087
0.4922893 0.2870787 0.5739189
0.4876949 0.1645551 0.629052
0.4915031 0.2718052 0.5921998
0.4885868 0.1945333 0.6292089
0.268374 0.5751741 0.6051224
0.4839352 0.0710409 0.5704435
0.3095492 0.5615538 0.5503605
0.3041483 0.5631996 0.5621088
0.4878521 0.178783 0.6299919
0.1997175 0.5968018 0.6299221
0.3174454 0.5588423 0.5215796
0.4886206 0.2002356 0.6284493
0.4833885 0.06598893 0.5618782
0.4852352 0.1211943 0.6157928
0.4878189 0.1890788 0.6296991
0.1650757 0.6074432 0.6260667
0.4825112 0.06310138 0.5561497
0.4886396 0.2195752 0.623903
0.4810414 0.05318114 0.5267366
0.3186839 0.5579271 0.5094599
0.3103824 0.5603055 0.5474687
0.4808851 0.0569084 0.5405811
0.09579104 0.6280953 0.5779728
0.1869684 0.5991036 0.6297319
0.4899531 0.267441 0.5963948
0.4850419 0.1558574 0.6276767
0.4881744 0.2348113 0.6180023
0.1154413 0.6212703 0.5998664
0.479797 0.0617646 0.5530104
0.4835885 0.1466442 0.6255462
0.1262214 0.6174546 0.6083742
0.4797049 0.06423771 0.5582195
0.4904989 0.2968019 0.557525
0.2876911 0.5662658 0.5858847
0.2934535 0.5642906 0.578426
0.4862159 0.2058343 0.6274722
0.2334111 0.5827332 0.623409
0.4791845 0.06581581 0.5612196
0.08311933 0.6291311 0.5578435
0.4787129 0.05819964 0.5440404
0.07566085 0.6308244 0.5388852
0.4776624 0.05495158 0.5335032
0.1905107 0.5952283 0.6299442
0.480159 0.1106015 0.609606
0.1275672 0.6141916 0.6098334
0.4887853 0.2826718 0.5801111
0.4890702 0.2899725 0.5697745
0.485413 0.2210664 0.6234695
0.1106241 0.6192431 0.5963936
0.3144677 0.556707 0.5320195
0.4762032 0.06385243 0.5570844
0.4760247 0.06490117 0.5591598
0.07655561 0.6290902 0.5429947
0.2822343 0.5663567 0.5914971
0.4753358 0.05291519 0.5240041
0.1310655 0.6123215 0.6122034
0.485701 0.2448139 0.6129198
0.2917763 0.5633652 0.580155
0.4804589 0.1564752 0.6277503
0.2995191 0.5609971 0.5685702
0.2419826 0.5784901 0.6198711
0.4782102 0.1213003 0.6156737
0.3108377 0.5575097 0.5441074
0.4881763 0.3031799 0.5425912
0.08796221 0.6250505 0.5683268
0.4784785 0.1421973 0.6241839
0.4834875 0.2262116 0.6216972
0.2888293 0.5640808 0.5838774
0.4868586 0.2824877 0.5804824
0.2537904 0.5746456 0.6138672
0.08562326 0.6255904 0.564289
0.09664458 0.6219867 0.5813537
0.4848873 0.2525945 0.6081517
0.4823137 0.2134196 0.6257747
0.4848738 0.2557211 0.6060045
0.1458497 0.6064568 0.6200812
0.4879808 0.3099174 0.5109527
0.4842632 0.2551354 0.606444
0.08248901 0.6250426 0.559013
0.4707389 0.05490813 0.5317918
0.2963007 0.5609083 0.5732632
0.2784763 0.5661731 0.5949414
0.4778582 0.1644536 0.6289771
0.4873437 0.3090461 0.5188426
0.4703053 0.05685708 0.5386015
0.1867909 0.5931081 0.6298243
0.317872 0.5541306 0.5006979
0.1613924 0.6004996 0.6256872
0.4751138 0.1287432 0.6191077
0.4827558 0.2482545 0.6110022
0.4854398 0.2887468 0.5719922
0.4861693 0.3022155 0.5456203
0.3149164 0.5544775 0.527466
0.1434439 0.6048825 0.6192939
0.4849443 0.2848729 0.5775356
0.4751732 0.1480865 0.6257972
0.4863905 0.3076161 0.5271406
0.09244052 0.6196055 0.5769936
0.1061348 0.615254 0.5934404
0.470789 0.08770266 0.590495
0.4682854 0.05297574 0.5218661
0.2796498 0.5643258 0.593372
0.4745452 0.1429678 0.624341
0.468483 0.05798635 0.541684
0.4777137 0.1888576 0.6297499
0.4690542 0.07088268 0.5689127
0.0689719 0.624967 0.5177805
0.4801071 0.2278051 0.6211757
0.08253491 0.6209674 0.5613034
0.1064141 0.6139781 0.5940408
0.4851047 0.3007433 0.549548
0.240676 0.5747993 0.6199566
0.4758552 0.1775181 0.6299559
0.1786257 0.5924689 0.6291986
0.4797896 0.2319373 0.619503
0.4853479 0.3070304 0.530068
0.4663593 0.05863252 0.5430993
0.4709314 0.1186455 0.6140116
0.4751395 0.174002 0.6298144
0.4851096 0.3057083 0.5352184
0.1686118 0.5950515 0.6276221
0.08765736 0.6181084 0.5709612
0.4673347 0.08120069 0.5829803
0.3170738 0.5523469 0.5083551
0.4775535 0.216886 0.6249167
0.1243589 0.6073909 0.6091002
0.4667039 0.08032009 0.581849
0.472 0.1515165 0.6265838
0.4836566 0.3005903 0.5501875
0.4630058 0.05153579 0.5018045
0.4818646 0.2819893 0.5815549
0.4840855 0.3091553 0.5197374
0.2857743 0.5608576 0.5862157
0.4723628 0.1746159 0.6298346
0.4732411 0.186333 0.6298962
0.2215837 0.5787309 0.6263313
0.1910858 0.5873293 0.629996
0.09074402 0.615017 0.5764962
0.2744427 0.5633622 0.5977418
0.306564 0.5542081 0.55208
0.4740345 0.1965753 0.6290767
0.1105921 0.6088903 0.598923
0.4787452 0.2534849 0.607859
0.4834601 0.3100163 0.5134946
0.4625165 0.07466641 0.5738569
0.2551062 0.5681998 0.6121252
0.2688816 0.5643415 0.6023971
0.2282596 0.5754339 0.6243271
0.4765241 0.2356253 0.617985
0.2889713 0.5584236 0.5818064
0.4776188 0.2517286 0.6090799
0.2253357 0.5759571 0.6251925
0.175032 0.5897676 0.6288653
0.2823447 0.5600564 0.5895783
0.3031986 0.5542479 0.5589639
0.4760929 0.238644 0.6165662
0.2904118 0.5575993 0.5797797
0.4754655 0.2320714 0.6195996
0.06628329 0.6186765 0.5093931
0.4745758 0.2225283 0.6232431
0.470639 0.1813921 0.63
0.07552776 0.6155443 0.5501981
0.112246 0.6055174 0.6009942
0.4582668 0.05410242 0.5235653
0.1400235 0.5975003 0.6187292
0.3033986 0.5531929 0.5580293
0.4664052 0.1421314 0.6238722
0.4719102 0.2061749 0.6276057
0.08429062 0.6119305 0.5684583
0.07138008 0.6153882 0.5394175
0.3051628 0.5524203 0.5540431
0.2302372 0.5723716 0.6234653
0.4699964 0.1869103 0.6298846
0.4591419 0.07568026 0.5748603
0.2874032 0.5568356 0.5831419
0.4817225 0.3103883 0.5112829
0.4703419 0.1931282 0.6294726
0.4716118 0.213489 0.6259781
0.2631828 0.5629429 0.6062115
0.2547924 0.5650454 0.6118156
0.2656855 0.5621043 0.6043026
0.4803941 0.3037457 0.542753
0.1849455 0.5834704 0.6298649
0.08610535 0.6095857 0.5721264
0.06713533 0.6142961 0.5243447
0.4766075 0.2672651 0.5974068
0.47996 0.3015039 0.5487955
0.4570478 0.08119988 0.5818511
0.4717421 0.2249749 0.6224965
0.4779271 0.285351 0.5777071
0.3044755 0.5513451 0.5548841
0.471428 0.2241307 0.6228029
0.09971669 0.6050206 0.5899764
0.3135662 0.5487422 0.5263581
0.4732562 0.2420152 0.6149942
0.3150259 0.54816 0.5171843
0.1649561 0.5870127 0.627341
0.1198933 0.5984836 0.6078001
0.4629849 0.1440119 0.6243504
0.4694014 0.2066088 0.6275701
0.4538921 0.05850497 0.5393667
0.2981265 0.5522035 0.5668647
0.203638 0.5765498 0.6292535
0.2696806 0.5594829 0.6007757
0.4685786 0.2003126 0.6286524
0.4759964 0.2717518 0.5933327
0.0689486 0.6111409 0.5351814
0.4758277 0.2702267 0.5947964
0.09032542 0.6056073 0.579228
0.08461332 0.6070284 0.5709163
0.4688056 0.2034968 0.6281489
0.06548262 0.6118625 0.5184408
0.2795246 0.5567373 0.5915046
0.4556072 0.08157137 0.5821219
0.4525439 0.05283982 0.5092381
0.479794 0.3110154 0.5040042
0.2612827 0.5611642 0.6071785
0.298343 0.5516083 0.5662642
0.3113998 0.5481715 0.5344762
0.2182099 0.5717677 0.6266748
0.4670696 0.1920886 0.6295887
0.1121086 0.598571 0.6022975
0.4534773 0.06593648 0.5575865
0.4522812 0.06478542 0.5549344
0.4512061 0.05629691 0.5304732
0.3093474 0.5481963 0.5410466
0.4617787 0.1545151 0.6270379
0.4500819 0.05361667 0.5147036
0.449917 0.0561482 0.529242
0.3137813 0.547001 0.5230434
0.4735283 0.2659169 0.5988557
0.3112059 0.5475038 0.5345629
0.4634553 0.1781512 0.629941
0.4519929 0.07745668 0.5762887
0.4582366 0.1335695 0.6204919
0.06618038 0.608604 0.5268015
0.2857775 0.5536042 0.5840522
0.069215 0.607421 0.5391135
0.4665678 0.2076846 0.6274184
0.45786 0.1369917 0.6217976
0.4534123 0.09876096 0.5992723
0.06446788 0.607948 0.5182658
0.4572324 0.132184 0.619877
0.3089322 0.5473337 0.5416231
0.4525202 0.09318903 0.5942167
0.2295937 0.5669531 0.6232222
0.4746573 0.2830995 0.5810714
0.477432 0.3077804 0.5301302
0.4475765 0.05755839 0.5337723
0.4570416 0.1382963 0.6222388
0.4773819 0.3112247 0.5057099
0.1219812 0.593257 0.6099558
0.06992301 0.6060084 0.5422314
0.4718604 0.2653367 0.5995076
0.07144344 0.605596 0.5465649
0.3154199 0.5454167 0.5047144
0.4657895 0.2154887 0.6256257
0.4721076 0.2686007 0.596664
0.2319323 0.5657738 0.6223342
0.4687723 0.2433541 0.6145536
0.2870921 0.5520607 0.5820696
0.4768116 0.3112676 0.5062752
0.1644806 0.5819584 0.6274976
0.4678766 0.2407896 0.6159387
0.2137941 0.5698308 0.6274948
0.0798783 0.6023306 0.5653084
0.4732109 0.2860565 0.577483
0.09700394 0.5980448 0.5890067
0.1040627 0.5962014 0.5961837
0.0998778 0.5970973 0.5921124
0.2105997 0.5701569 0.6280874
0.4692015 0.2547075 0.6077165
0.4500301 0.1027167 0.6021453
0.4543691 0.1373801 0.621785
0.2903447 0.5505781 0.5775579
0.4488539 0.09812999 0.598265
0.1428367 0.5859644 0.6210651
0.4475388 0.08867851 0.5891106
0.4561291 0.1560532 0.6272216
0.1938532 0.5734215 0.6298971
0.3144132 0.5445072 0.5148329
0.4688143 0.256874 0.606267
0.4683627 0.2546018 0.6078586
0.08649182 0.5987139 0.5764735
0.4699109 0.2669947 0.5983097
0.4429277 0.05983746 0.5395206
0.255793 0.5582712 0.6102165
0.1126538 0.592416 0.6038359
0.4560916 0.1626995 0.6284294
0.3146272 0.5441541 0.5120406
0.4446581 0.0765008 0.5736859
0.2770681 0.5529162 0.592962
0.4418793 0.05670393 0.5273521
0.1554274 0.581417 0.6254586
0.4715811 0.283695 0.5808048
0.1484305 0.5830481 0.6232836
0.4452627 0.08345634 0.5829158
0.3074297 0.5453435 0.5444536
0.4750942 0.3108797 0.5139738
0.4689865 0.2661628 0.5991193
0.2980914 0.54711 0.5648526
0.4672147 0.2570128 0.6063171
0.4667685 0.2537087 0.6085866
0.2613038 0.5554194 0.6062158
0.07049546 0.5997109 0.5477149
0.4701229 0.2812816 0.5839604
0.4741902 0.3110741 0.5132862
0.09847927 0.5927493 0.5917536
0.4514042 0.144417 0.6240472
0.06220153 0.600907 0.5136923
0.178137 0.5739728 0.6295949
0.439572 0.05963892 0.5374537
0.1698407 0.5754566 0.628652
0.2425768 0.5588153 0.6173471
0.2160772 0.5647252 0.6267713
0.3130864 0.5425783 0.5209665
0.4508804 0.143445 0.6237182
0.4584165 0.1988518 0.6290123
0.2046726 0.5670233 0.6288621
0.468722 0.2761312 0.589845
0.4567374 0.1906768 0.6297737
0.1218969 0.5854768 0.6110145
0.4373271 0.05570632 0.5183927
0.4398039 0.0733687 0.5679021
0.4432788 0.1005507 0.5996746
0.1347209 0.5817988 0.6181046
0.4368469 0.0560115 0.5199669
0.461449 0.2296588 0.6212359
0.4725581 0.3092277 0.5265303
0.4470464 0.1347996 0.6204038
0.4360003 0.05889177 0.5330568
0.07849309 0.5933803 0.5664616
0.444499 0.1175911 0.6117541
0.1377834 0.5800548 0.6195964
0.1524251 0.5768097 0.6249273
0.3112786 0.5416997 0.5289894
0.4550463 0.1902976 0.6298085
0.4352864 0.0638437 0.5477041
0.4696734 0.2972503 0.5606316
0.4333047 0.05541956 0.5107427
0.2704959 0.5501882 0.598299
0.4377988 0.08621871 0.5849203
0.4512585 0.1766973 0.6298137
0.2381397 0.5569099 0.6191352
0.1348335 0.5791929 0.6184109
0.4330544 0.05660921 0.5202305
0.4447387 0.1345477 0.6201631
0.4647301 0.2689484 0.5972479
0.4354034 0.07700545 0.5725115
0.1592285 0.5737076 0.6268033
0.2284408 0.5586153 0.6229645
0.2275856 0.5587341 0.6232566
0.4711299 0.3113235 0.515036
0.4335037 0.06629783 0.5528548
0.4665381 0.2855496 0.5793746
0.4641914 0.2708023 0.5956669
0.0982374 0.5860351 0.5929645
0.302049 0.5423226 0.5554624
0.4312438 0.06074092 0.5370531
0.4298663 0.05640891 0.5152612
0.4491744 0.1795082 0.6299222
0.4701369 0.3123581 0.5009331
0.1113282 0.582311 0.6045272
0.442772 0.1404963 0.6223165
0.1445551 0.5748459 0.6225983
0.2608269 0.5503539 0.605769
0.4314728 0.07048422 0.5607203
0.1486628 0.5738466 0.6240076
0.4695911 0.309872 0.5255947
0.2471016 0.5529976 0.6144746
0.4642918 0.2770608 0.5895697
0.06254432 0.5914326 0.5281811
0.4651021 0.2833054 0.5824444
0.08769596 0.5859833 0.5816319
0.05957603 0.591454 0.5068581
0.4604007 0.2543913 0.6087556
0.0744473 0.5882089 0.5613773
0.4491335 0.1847108 0.6299984
0.448804 0.1828173 0.6299936
0.1711424 0.5680391 0.6290336
0.4333658 0.08726826 0.5853292
0.1412126 0.5741319 0.6214504
0.4287941 0.0597496 0.5321115
0.4457087 0.1656417 0.6286426
0.2773049 0.5455451 0.5911461
0.4292096 0.06434578 0.5465807
0.4436919 0.1546721 0.6265175
0.3126191 0.5382069 0.517887
0.263366 0.5482303 0.6036224
0.4694159 0.3124737 0.5010081
0.4571724 0.2378989 0.6180599
0.2072687 0.5592581 0.628238
0.4689304 0.3099818 0.5255801
0.05908325 0.5888991 0.5073944
0.3003248 0.5400726 0.5580018
0.1236058 0.5755129 0.6132145
0.26691 0.5466267 0.600638
0.4638684 0.2798427 0.5866653
0.4553862 0.2286813 0.6219491
0.4685424 0.3093378 0.5288424
0.05944037 0.5877056 0.5143557
0.4267677 0.0575442 0.5198518
0.4630561 0.2772216 0.5896119
0.2909625 0.5415129 0.574004
0.3038951 0.5389217 0.5498317
0.4360726 0.1146079 0.6091211
0.4624076 0.2739422 0.5929973
0.06665009 0.5857604 0.5455615
0.05913088 0.5871499 0.5124717
0.3111872 0.5372406 0.5251212
0.08897918 0.5810351 0.5843343
0.4649833 0.2895768 0.5742881
0.191615 0.5607375 0.6298754
0.3131062 0.536752 0.5110807
0.4647914 0.2885871 0.5757147
0.2558144 0.547631 0.6087604
0.313428 0.5363431 0.5045246
0.06258845 0.5847013 0.5337709
0.4561135 0.2378957 0.6181409
0.162703 0.5652224 0.62785
0.456245 0.2422638 0.6160553
0.4585207 0.2574847 0.6069087
0.05897635 0.5851181 0.5147324
0.06793603 0.5833409 0.5499318
0.4358032 0.1254406 0.6153147
0.2675661 0.5445229 0.5997716
0.1986811 0.5577099 0.6293277
0.2816964 0.5417144 0.5857064
0.4547198 0.2375029 0.618424
0.4507516 0.2198814 0.6250348
0.08509693 0.5787576 0.5802015
0.3011448 0.5377159 0.5554104
0.4314229 0.1108518 0.6060816
0.2976237 0.5382299 0.5624008
0.2324829 0.5505121 0.6209106
0.2151192 0.5537416 0.6264687
0.4361658 0.1398263 0.6216699
0.4666421 0.3126777 0.5083626
0.1217664 0.5707632 0.6127007
0.4335372 0.1281708 0.6164823
0.4571577 0.2605481 0.6049291
0.4239282 0.07521734 0.5667735
0.1548839 0.5643208 0.6262353
0.1190289 0.5709131 0.6110935
0.3110525 0.5351599 0.5237669
0.3124151 0.5348546 0.5143597
0.4614006 0.2847954 0.5813997
0.3098338 0.5353098 0.5296079
0.4480402 0.2115034 0.6271945
0.4597891 0.2773297 0.5900836
0.4653513 0.3086573 0.5337393
0.4387598 0.162331 0.6279172
0.1872737 0.5572141 0.6299833
0.4510677 0.2342145 0.6201048
0.2104353 0.5526368 0.6274363
0.4320154 0.1358552 0.6198171
0.110851 0.5706075 0.605827
0.05876106 0.5800097 0.5201151
0.4577812 0.2746447 0.5931082
0.4211017 0.07914057 0.5720742
0.05730647 0.579906 0.5063002
0.4626255 0.3017147 0.5540674
0.1892621 0.5555928 0.6299279
0.4486326 0.2288922 0.6223027
0.2415756 0.546059 0.6165907
0.4261897 0.112362 0.6064634
0.4586259 0.2836721 0.583365
0.3096799 0.5337101 0.5290285
0.4585854 0.283881 0.583128
0.1692238 0.5585322 0.6290221
0.4635028 0.3099747 0.5299559
0.4633875 0.3096747 0.5312617
0.05706677 0.5779588 0.5081938
0.1178182 0.5670394 0.6107867
0.4632139 0.3088371 0.5345315
0.4575002 0.2793087 0.5884687
0.3036163 0.534243 0.5484024
0.1486811 0.5612218 0.6247376
0.4609335 0.2972747 0.5633054
0.05725202 0.5767201 0.5130243
0.06466335 0.5752504 0.5454596
0.2234059 0.547699 0.62391
0.2155448 0.5490348 0.6261634
0.1186525 0.5657355 0.6114217
0.05671126 0.5763871 0.5067992
0.4354478 0.1662115 0.6284565
0.4518129 0.2523549 0.6109744
0.1626879 0.5580104 0.6280793
0.1496351 0.5602048 0.625059
0.237378 0.5450936 0.6184653
0.08689716 0.5707353 0.5841202
0.1995215 0.5513631 0.6291127
0.09333214 0.569325 0.5913092
0.2936648 0.5351416 0.5681684
0.05658281 0.5752314 0.5079954
0.1745396 0.5550947 0.6296078
0.457832 0.2837911 0.5834053
0.05922768 0.5744699 0.5276797
0.4197045 0.08933887 0.5849121
0.4593647 0.292712 0.5712026
0.3125247 0.5315893 0.5055389
0.1076245 0.5659404 0.6040916
0.4239535 0.1127501 0.6064329
0.08506399 0.5695397 0.5821883
0.4472992 0.2328305 0.6209396
0.3000296 0.5333352 0.5561045
0.06955287 0.5717243 0.5579246
0.4504629 0.2493697 0.6128584
0.4150823 0.07154301 0.5570951
0.06954783 0.5710293 0.5581426
0.4387697 0.1911749 0.6298974
0.2550957 0.5403203 0.6083741
0.2228386 0.545596 0.6239765
0.4162461 0.0799062 0.5718178
0.4481621 0.2403617 0.617681
0.4551276 0.2765575 0.5917511
0.4433369 0.2188205 0.6256976
0.4612093 0.3078269 0.5391937
0.460847 0.3070139 0.5418422
0.2711612 0.5373318 0.5955616
0.4550288 0.2786474 0.5896685
0.08145863 0.5678131 0.5780008
0.08479401 0.5672111 0.5823255
0.3035185 0.5316898 0.5475815
0.06771356 0.5697088 0.5548311
0.4574766 0.290982 0.5742633
0.1014471 0.5641564 0.5994839
0.05576107 0.5715103 0.5033149
0.4267089 0.1402697 0.6211596
0.4211003 0.1134993 0.6065549
0.456788 0.2884207 0.5779291
0.2770887 0.5354252 0.5894939
0.1793689 0.5509309 0.6299168
0.3084278 0.5303209 0.5318296
0.2883176 0.5334131 0.5756849
0.4613546 0.3110334 0.5272017
0.2799554 0.5346194 0.586271
0.4489432 0.2529352 0.6109716
0.4257065 0.1410851 0.6213902
0.4564447 0.2895964 0.5764626
0.1329792 0.5568293 0.6194094
0.4434668 0.228024 0.6229563
0.4171129 0.1017528 0.5967935
0.4473992 0.247365 0.6142915
0.2427418 0.5396903 0.6154822
0.4451601 0.2367512 0.6195358
0.4263724 0.1467136 0.6234061
0.1989968 0.5461925 0.6290759
0.2021856 0.545625 0.6286464
0.4237117 0.1352145 0.6188491
0.4131752 0.08596128 0.579258
0.4601574 0.3100634 0.5322763
0.08488619 0.563333 0.5831657
0.4385524 0.2074727 0.6282781
0.4559282 0.2906524 0.5751697
0.4592663 0.3075172 0.5413325
0.09383568 0.5616881 0.5930125
0.4091571 0.07209647 0.5557477
0.2856061 0.5324743 0.5791067
0.4600819 0.3122846 0.5222189
0.0837805 0.5629355 0.5819081
0.4070271 0.06355327 0.5310416
0.4600895 0.3141334 0.5051792
0.3102664 0.5286171 0.5220263
0.1301666 0.5557665 0.6182474
0.2780412 0.533437 0.5881631
0.1880303 0.5469394 0.6299214
0.4445671 0.2430407 0.6167743
0.06953937 0.564452 0.5601278
0.4283677 0.1680993 0.6285227
0.4127236 0.09838015 0.5928449
0.1220939 0.5563494 0.6142172
0.4583182 0.3084888 0.5390216
0.1213784 0.5561094 0.613849
0.2383268 0.5386778 0.617565
0.4459336 0.2516921 0.6120741
0.406037 0.0694904 0.5484242
0.4584067 0.3099721 0.5340064
0.4215257 0.1418708 0.6213508
0.2930949 0.5298074 0.5677357
0.4045289 0.06473222 0.5334792
0.1589293 0.5489522 0.6276578
0.4555016 0.2979525 0.5640784
0.4536433 0.2898426 0.5769345
0.4158013 0.1185566 0.6091421
0.4541129 0.2929099 0.5725286
0.4544859 0.2946675 0.5697817
0.05451706 0.5634923 0.5019871
0.2387444 0.537075 0.6172594
0.06164563 0.5620608 0.5428764
0.4553609 0.2990918 0.5621297
0.4443056 0.2503609 0.6130279
0.05507383 0.5628379 0.5130666
0.09392107 0.5572091 0.5937228
0.4079587 0.08817729 0.5806195
0.2204368 0.5390268 0.6244056
0.05552033 0.5619969 0.5177495
0.2652006 0.5327235 0.600112
0.4281375 0.178639 0.629667
0.4140182 0.1161726 0.6073371
0.2852737 0.5296727 0.579012
0.1252885 0.5515429 0.6162245
0.2596524 0.5330217 0.6044513
0.08833244 0.5564899 0.5881755
0.311344 0.5257897 0.5103242
0.0895305 0.5559689 0.5895187
0.4069542 0.0861074 0.5777026
0.1007399 0.553535 0.600193
0.4045884 0.07608348 0.5615216
0.2941426 0.5274066 0.5654432
0.4389078 0.2296543 0.6227393
0.089297 0.5545918 0.5894685
0.1722789 0.5435218 0.6295673
0.2291003 0.5359274 0.6213115
0.4011435 0.06300366 0.522498
0.09802219 0.5529302 0.597973
0.4515893 0.287121 0.5809938
0.4000198 0.06125054 0.5009078
0.2184007 0.536816 0.6249148
0.2906411 0.5273635 0.5710592
0.422153 0.1593958 0.6266349
0.4334348 0.2092442 0.6281724
0.2821448 0.5282796 0.5826831
0.310765 0.5245264 0.5145584
0.2382588 0.5338714 0.6172836
0.445051 0.2602443 0.6068637
0.3049813 0.5250523 0.5409596
0.2696735 0.5294521 0.5958723
0.1989993 0.5384535 0.6289418
0.167105 0.5423362 0.6290635
0.4240418 0.1686818 0.6284657
0.1099319 0.5493646 0.6074466
0.4021123 0.0732109 0.554831
0.1594965 0.542908 0.6279138
0.4001403 0.06474084 0.5296761
0.1893382 0.538756 0.6298152
0.4199263 0.1519396 0.6245781
0.4570342 0.3144525 0.5108933
0.2514511 0.530782 0.6098294
0.1717545 0.5404623 0.6295564
0.2955082 0.5251202 0.5625347
0.2980287 0.5247591 0.5576527
0.08279645 0.5510675 0.5826827
0.0572772 0.5541863 0.5318955
0.05405712 0.5544962 0.5138475
0.4037166 0.08633152 0.5770226
0.1477337 0.5427145 0.6252426
0.4143031 0.1320798 0.6164593
0.161956 0.5408316 0.6283733
0.4084165 0.1089095 0.6011429
0.4232979 0.1736 0.6290976
0.06176633 0.5525736 0.5465604
0.4146953 0.1375673 0.6189996
0.4026702 0.08874226 0.5798094
0.2985761 0.5238475 0.5563148
0.3956845 0.0635137 0.5177799
0.3104278 0.522332 0.5151269
0.3953521 0.06288916 0.5118027
0.4132894 0.1392317 0.6195603
0.3990741 0.0817388 0.5688586
0.4042314 0.1032843 0.5955843
0.1622962 0.5389303 0.6284616
0.1912156 0.5355697 0.6296759
0.1353247 0.5419151 0.6211768
0.2895359 0.5239959 0.5721023
0.2257777 0.5312587 0.6223267
0.4543091 0.3116068 0.5314226
0.4118772 0.1370906 0.6185012
0.3948229 0.06744975 0.5351641
0.4158854 0.154135 0.6249314
0.4182376 0.1652818 0.627659
0.4430956 0.2673011 0.602121
0.3924219 0.06335303 0.5087687
0.3109031 0.5210747 0.5083379
0.05389735 0.5496749 0.5171795
0.3933948 0.06809914 0.5361835
0.2637932 0.5261763 0.600593
0.1544014 0.5381749 0.6270145
0.1302249 0.5407925 0.619139
0.404799 0.1144168 0.6046233
0.3923498 0.06904599 0.5384108
0.3998151 0.09917137 0.5906717
0.1424383 0.5387334 0.6238047
0.4358216 0.2438256 0.6173636
0.05261922 0.5484289 0.5012099
0.2681729 0.5249848 0.5967495
0.4471781 0.2904233 0.5781742
0.1260104 0.5402297 0.6172497
0.4509589 0.3056763 0.5509877
0.2009406 0.5321232 0.6285713
0.4523317 0.3114455 0.5338587
0.08870175 0.5438831 0.5901827
0.05624518 0.5472013 0.5309658
0.39309 0.07772994 0.5594822
0.4308087 0.2268664 0.6242489
0.3913964 0.07222396 0.5466362
0.4440545 0.2797439 0.5910905
0.1921034 0.5319015 0.6295789
0.295774 0.5210932 0.5612106
0.2296206 0.5279073 0.6207405
0.308862 0.5197074 0.5235525
0.05469379 0.5458992 0.524526
0.1770595 0.5332398 0.6299169
0.4516746 0.3113219 0.5348865
0.4071026 0.1376736 0.618233
0.09126949 0.5417451 0.5929788
0.4355331 0.2487141 0.6150239
0.08970359 0.5412838 0.5914775
0.1190045 0.5382322 0.6137649
0.4441615 0.2840435 0.5866162
0.4472573 0.2964484 0.5697148
0.3978077 0.1071163 0.5975266
0.4369159 0.2575332 0.609887
0.3945819 0.09540096 0.5852938
0.4401821 0.2706892 0.600042
0.2760319 0.5217285 0.5887622
0.4396964 0.2692158 0.6013069
0.3862266 0.06465977 0.5031562
0.3108456 0.5179968 0.5014988
0.4064521 0.1476083 0.622111
0.1021539 0.537643 0.6027628
0.4201436 0.1996488 0.6296731
0.3905098 0.09000796 0.5775174
0.1950751 0.5283281 0.6292695
0.3839304 0.06564018 0.5101836
0.2164184 0.5262362 0.6251417
0.3897921 0.08852905 0.5752957
0.2595691 0.5220863 0.6035801
0.1542518 0.5316747 0.6271235
0.4152971 0.1846531 0.6298362
0.2202913 0.5255995 0.6239735
0.2051742 0.5269331 0.6277754
0.136398 0.5332139 0.6219203
0.08016178 0.5383125 0.5811231
0.1262866 0.5340379 0.6176703
0.1509854 0.5313854 0.62639
0.2257146 0.5244511 0.6221001
0.1354796 0.5324577 0.6216036
0.3974368 0.1186194 0.6062326
0.2779306 0.5194514 0.5864605
0.3069932 0.5168279 0.5309541
0.3102132 0.5165379 0.5114583
0.4378114 0.2692911 0.6016359
0.3020913 0.5171568 0.5466306
0.283229 0.5187792 0.5800671
0.05208355 0.5385552 0.5105309
0.2305857 0.5231706 0.6201695
0.4473316 0.3075869 0.5487611
0.3103924 0.5161034 0.5086814
0.0822145 0.5353646 0.583926
0.4101741 0.1720636 0.6284498
0.4446052 0.2991068 0.5666585
0.3915239 0.10748 0.5963864
0.4192268 0.2081648 0.6288581
0.3087208 0.5157117 0.5222795
0.4491331 0.316865 0.5042062
0.3799046 0.06835616 0.5224925
0.1458627 0.5288538 0.6251125
0.06099364 0.5356176 0.5489088
0.1224065 0.5306138 0.6159256
0.438911 0.2807579 0.5914391
0.4423369 0.2934836 0.5758415
0.07490763 0.5343461 0.5745822
0.2052138 0.5237054 0.6277159
0.4369484 0.2749609 0.5972276
0.09441236 0.5325864 0.5966919
0.2698598 0.5184765 0.5946454
0.1096926 0.5308983 0.6085526
0.07381898 0.533583 0.5730978
0.3970885 0.1333816 0.614912
0.4354107 0.2704135 0.6012797
0.06843725 0.5337741 0.5644793
0.4077353 0.174314 0.6286765
0.396305 0.1345415 0.6153854
0.4212322 0.2256328 0.6253247
0.3774828 0.07483101 0.5436034
0.383959 0.09739986 0.5842676
0.3092732 0.5145791 0.5182201
0.1364841 0.5277613 0.6221193
0.1113439 0.5296804 0.6096799
0.3087852 0.5145516 0.5213654
0.09680119 0.5305762 0.598914
0.05812383 0.5335077 0.5416576
0.3022211 0.5149707 0.5458257
0.06652954 0.5328059 0.5611686
0.1010229 0.5301497 0.6023799
0.4073626 0.1788826 0.6292207
0.1426096 0.5266188 0.6242053
0.06603327 0.5322891 0.5603052
0.3925731 0.1282222 0.6114122
0.4468529 0.31737 0.5073158
0.2816402 0.5159848 0.5817784
0.2211522 0.5202866 0.6235581
0.4433118 0.3061217 0.5545438
0.3775325 0.08191982 0.5593759
0.3950657 0.1427732 0.6190068
0.3882551 0.1198435 0.6052972
0.3840837 0.1064291 0.593533
0.3076735 0.5136292 0.5268777
0.4461111 0.3171936 0.5123069
0.3728074 0.07087746 0.5249882
0.3788796 0.09136599 0.574968
0.1084716 0.5268443 0.6079414
0.3069986 0.513096 0.5297303
0.4459124 0.3176031 0.5080187
0.4277264 0.2565779 0.6119556
0.4418562 0.3046407 0.5583448
0.2018657 0.5196569 0.6282567
0.4286566 0.2605043 0.6094781
0.2947358 0.5134376 0.561938
0.05145413 0.5292858 0.5113805
0.05304703 0.5290902 0.5232794
0.07099828 0.5278763 0.5694303
0.1319985 0.523866 0.6205033
0.4361045 0.2856128 0.5873356
0.09479386 0.5257354 0.5974686
0.1181133 0.5241935 0.6139065
0.4027397 0.1747727 0.6285354
0.4234965 0.2446261 0.6185203
0.3721184 0.07317784 0.5336553
0.4011174 0.1707115 0.6278
0.3734444 0.07974294 0.5525645
0.05276945 0.5276947 0.5222185
0.1548022 0.5212842 0.6274033
0.4259808 0.2556528 0.612763
0.3906074 0.1392525 0.6168527
0.05196485 0.5274592 0.5170592
0.3715881 0.07695997 0.544627
0.4116768 0.2091592 0.6290061
0.4444458 0.317357 0.515313
0.06261277 0.5260859 0.5541956
0.3697184 0.07340646 0.5318258
0.1196733 0.5225734 0.6148019
0.3870557 0.1303712 0.6117042
0.3841561 0.1220654 0.6059781
0.06170252 0.5257344 0.5522163
0.3016246 0.5115801 0.546792
0.3821923 0.1158175 0.6010065
0.2984429 0.5115478 0.554309
0.1014456 0.5226687 0.6030902
0.1790605 0.5181843 0.6299919
0.4007555 0.1768916 0.6287469
0.4172793 0.232728 0.6236219
0.3770584 0.1030015 0.5880957
0.1405068 0.5198662 0.6236796
0.3897431 0.1444407 0.6190323
0.3668855 0.0714345 0.5178939
0.2265941 0.5150518 0.6215212
0.3015882 0.5108757 0.546783
0.2287167 0.5146331 0.6206853
0.4384837 0.3021438 0.5646211
0.4024661 0.1866804 0.6297443
0.3969566 0.1690944 0.6272541
0.3687511 0.08233646 0.5549825
0.4398443 0.3091273 0.5503055
0.2212884 0.5145697 0.6233959
0.4204985 0.2479807 0.6174446
0.364664 0.07111654 0.5083778
0.3848571 0.1358829 0.614323
0.2550697 0.5122176 0.6063493
0.3684162 0.0848287 0.5596164
0.368624 0.08567783 0.561277
0.07401133 0.5211756 0.5745293
0.240866 0.5128114 0.615038
0.2651426 0.5115892 0.5984851
0.4405317 0.3126962 0.5406461
0.3709777 0.09521192 0.5768494
0.4149701 0.2334073 0.6236362
0.3916246 0.1604356 0.6247884
0.3735532 0.1044262 0.5884276
0.2795864 0.5103361 0.5838494
0.05100566 0.52097 0.5115739
0.4286942 0.2775107 0.5971665
0.05104491 0.5207481 0.5121149
0.1308655 0.5168688 0.620199
0.197969 0.5137821 0.6287956
0.05117479 0.520403 0.5135803
0.4184899 0.2457726 0.6186942
0.2432266 0.511522 0.6137322
0.2577505 0.5108571 0.6043677
0.4127113 0.2277899 0.6254379
0.433828 0.2946259 0.5776942
0.2808342 0.509499 0.5823038
0.07299101 0.5182654 0.5732486
0.3851374 0.1456578 0.6189302
0.08014917 0.5173762 0.5828124
0.4369027 0.3053621 0.5598757
0.4196088 0.2537025 0.6148451
0.3072131 0.5078097 0.5275144
0.4304498 0.2872127 0.5875106
0.3060956 0.5078318 0.5322451
0.4105316 0.2265448 0.6259283
0.4389411 0.3136873 0.5392373
0.3753592 0.1204039 0.6028306
0.3003699 0.5080187 0.5494956
0.3596406 0.07314032 0.5130444
0.359364 0.07257715 0.5030025
0.175482 0.5128368 0.6299124
0.2939793 0.508132 0.5628114
0.0738194 0.5168042 0.5745335
0.4402653 0.3191481 0.510946
0.249204 0.5097254 0.6101674
0.4159017 0.2455907 0.6191247
0.4258642 0.2763726 0.5988733
0.4179237 0.2525021 0.6157138
0.2814255 0.508229 0.5815123
0.06668079 0.516192 0.5631675
0.05032301 0.5164596 0.5023838
0.371902 0.1141692 0.5970097
0.1628344 0.5121979 0.6288322
0.0700058 0.5153965 0.5688518
0.2853732 0.50768 0.5763244
0.3714635 0.1138383 0.5966043
0.1002997 0.5140775 0.60251
0.4341915 0.3023531 0.5665314
0.4363148 0.308818 0.5534806
0.2265618 0.5092704 0.6214356
0.05640852 0.5149797 0.5395295
0.0519383 0.515112 0.5208538
0.05031165 0.5150084 0.5039907
0.05025938 0.514986 0.5015926
0.3650573 0.09664965 0.5762018
0.4302892 0.2918224 0.5825084
0.09599292 0.5127068 0.5990414
0.3829843 0.1534083 0.6216604
0.412887 0.2437355 0.6202754
0.2337755 0.508124 0.6184124
0.2090176 0.5088711 0.6267509
0.2067581 0.5086686 0.6272433
0.06171009 0.5128515 0.553506
0.2455024 0.5073449 0.6123535
0.4221126 0.2717422 0.6033804
0.1057861 0.5111474 0.606625
0.3088068 0.5053316 0.5181092
0.3803723 0.1498293 0.6199829
0.3098652 0.5050661 0.5072484
0.3644726 0.1041644 0.5849625
0.308125 0.5050771 0.5223874
0.3952967 0.1952929 0.6299815
0.05995503 0.5111368 0.5495515
0.2132539 0.5072489 0.6256991
0.3681049 0.1193056 0.6001418
0.2462327 0.5062605 0.6119082
0.2752528 0.5055151 0.5885426
0.3661965 0.1150429 0.5961007
0.3520476 0.07517612 0.5062381
0.2091456 0.5068742 0.6267093
0.4370564 0.3197117 0.5157709
0.3679253 0.1246894 0.6040962
0.1604399 0.5075127 0.6285074
0.3978647 0.2100516 0.629389
0.26167 0.5050735 0.6011871
0.3770736 0.1531099 0.6208033
0.09230632 0.5085425 0.5958859
0.1571088 0.5071777 0.6279553
0.06190583 0.5087373 0.5541588
0.3671642 0.1253143 0.6043465
0.3946231 0.2031138 0.629905
0.3072535 0.5036758 0.5267481
0.07167593 0.5081085 0.5717583
0.05634153 0.5081572 0.5398751
0.4008109 0.220787 0.6278229
0.3073114 0.5033948 0.5264468
0.3556176 0.09493831 0.5692428
0.05040008 0.507224 0.5094239
0.4361704 0.3209699 0.5042156
0.4133961 0.2572001 0.6141448
0.3100182 0.5027401 0.5006402
0.3028275 0.5027415 0.5426391
0.3005629 0.5026984 0.5486723
0.3575425 0.1016634 0.5792587
0.2342491 0.5035659 0.6181508
0.4299903 0.3043878 0.5655963
0.1071504 0.5048157 0.6076505
0.3507609 0.0855881 0.5488687
0.3521036 0.08973259 0.558466
0.3604745 0.1142185 0.5935799
0.08915174 0.5046859 0.592961
0.4285412 0.3026198 0.5691507
0.3465197 0.07730627 0.5088899
0.08595866 0.503836 0.5897378
0.1546438 0.5029679 0.6275007
0.3521965 0.0929518 0.5641811
0.3066845 0.5013897 0.5291942
0.3076181 0.5013512 0.5247961
0.2713943 0.5016005 0.5924559
0.301037 0.5013885 0.5474469
0.4283797 0.302913 0.5687983
0.1222555 0.5023844 0.6164676
0.1430674 0.5021008 0.6246416
0.3851109 0.1841109 0.6289951
0.3673287 0.1352884 0.6107399
0.4133805 0.2619435 0.6115998
0.3827758 0.1792428 0.6282087
0.4333797 0.3179049 0.5316001
0.4206075 0.283879 0.5940401
0.2554923 0.5011889 0.6058364
0.4238745 0.29398 0.5826243
0.270919 0.5008712 0.5929196
0.1723784 0.5010675 0.6297763
0.07107702 0.5012798 0.5709603
0.4147381 0.2696137 0.6066449
0.4115603 0.2615896 0.6121677
0.2941625 0.500387 0.5621853
0.4310477 0.314461 0.5447289
0.3964874 0.2227946 0.6277469
0.3573731 0.1217418 0.5990009
0.1087303 0.5005808 0.6087224
0.3933328 0.2174867 0.628745
0.4201706 0.2886408 0.589729
0.3587804 0.12636 0.6029066
0.4042568 0.2469701 0.6202228
0.4023592 0.2433322 0.6218195
0.3072614 0.4999775 0.526543
0.1671849 0.4999591 0.6293668
0.4293858 0.3146186 0.5459057
0.2914643 0.4999367 0.5669008
0.3973221 0.2312269 0.625928
0.3589037 0.131046 0.6061746
0.3814556 0.1913192 0.6295621
0.3481227 0.1053946 0.5795439
0.06695655 0.4992382 0.5641952
0.08879954 0.4992497 0.592641
0.4263135 0.3094991 0.5591879
0.2559208 0.4991322 0.6055285
0.3701839 0.1660065 0.6242193
0.3960822 0.2331315 0.6255794
0.2556251 0.4988749 0.6057414
0.3011591 0.4990814 0.5471273
0.07375127 0.4975956 0.5748984
0.4265308 0.3119168 0.5543864
0.2803104 0.4987009 0.5826958
0.4306092 0.3223606 0.5135813
0.2356766 0.4980916 0.6174772
0.4177464 0.289671 0.5896326
0.1998743 0.4977791 0.6284731
0.260899 0.4981098 0.6017672
0.05179438 0.4960915 0.5214231
0.248902 0.4978041 0.6102445
0.05178049 0.4960104 0.5213355
0.3896129 0.2179709 0.6288655
0.3066095 0.4979978 0.5295407
0.2685046 0.4975225 0.5952328
0.3095175 0.4979041 0.5113228
0.3888918 0.2163804 0.6290854
0.4087827 0.2679345 0.6091259
0.07955265 0.4950946 0.5824898
0.344202 0.1036456 0.5754348
0.3365879 0.08467191 0.5307153
0.4133066 0.2801642 0.5994805
0.4271835 0.315562 0.5456848
0.3355722 0.08366263 0.5247059
0.2903793 0.4972245 0.5687056
0.3924257 0.2279143 0.6270753
0.3735344 0.1807954 0.6278869
0.425878 0.3129856 0.5527152
0.3099303 0.4972592 0.5048218
0.4099967 0.2730648 0.605565
0.05819395 0.4934156 0.5452917
0.3537393 0.1313336 0.6050211
0.05104834 0.4931923 0.5160671
0.1169646 0.4940097 0.6136689
0.2200658 0.4954711 0.6236838
0.3871829 0.2159505 0.6292037
0.220422 0.4950361 0.6235703
0.3598885 0.1487562 0.6162654
0.3053516 0.4963953 0.5345737
0.4294805 0.3234823 0.5046409
0.1845791 0.4939965 0.6299213
0.3345455 0.0869545 0.5358767
0.06632492 0.4914208 0.562918
0.4220667 0.3055534 0.5684541
0.05020621 0.4907101 0.5053536
0.4209157 0.3031738 0.5725389
0.4085175 0.2729864 0.6060092
0.3048808 0.4956097 0.5362923
0.1605494 0.4922184 0.6285231
0.4277306 0.320727 0.5290689
0.08212212 0.4894508 0.585404
0.3675272 0.1718644 0.625511
0.33173 0.08413476 0.5189008
0.2682219 0.4939501 0.5955554
0.428562 0.3235464 0.5097497
0.0763292 0.4887078 0.5782378
0.3428105 0.1126088 0.585339
0.1911755 0.4913039 0.6295292
0.4031226 0.2616488 0.613873
0.3545072 0.14306 0.6123203
0.2146441 0.4914331 0.6253343
0.4168001 0.2959345 0.5835152
0.3697175 0.1806179 0.6275867
0.3100109 0.4942404 0.5044563
0.08438084 0.4873429 0.587864
0.4107986 0.2823204 0.5985748
0.3464609 0.1262958 0.5992032
0.3946188 0.2439284 0.6226501
0.3532887 0.1435204 0.6122994
0.3099339 0.4936902 0.5066615
0.06344223 0.4854614 0.5570772
0.3805805 0.2119951 0.62974
0.09772989 0.4865752 0.6004725
0.1802582 0.489311 0.63
0.3676751 0.1810005 0.6275033
0.3065132 0.4934669 0.5303691
0.4236224 0.3159719 0.5481562
0.2634384 0.4918976 0.5998056
0.3369497 0.1071479 0.576174
0.3484058 0.1352159 0.606163
0.3688772 0.1859686 0.6284041
0.2903242 0.4924947 0.5689795
0.3393607 0.1156473 0.5870282
0.306637 0.492734 0.5299603
0.3802813 0.2139006 0.6296254
0.3352298 0.1078521 0.5761561
0.3663871 0.183532 0.6278551
0.3471233 0.1384001 0.6078467
0.3327639 0.1059215 0.5722175
0.3058897 0.492364 0.5330086
0.1834182 0.4875217 0.6299613
0.3242104 0.08585486 0.504861
0.05073529 0.4819537 0.5098407
0.05528218 0.4820939 0.5354323
0.3722852 0.1995589 0.6298394
0.3368486 0.1163212 0.5866327
0.334451 0.1108467 0.5794418
0.2004525 0.4877583 0.6284207
0.09566292 0.4831981 0.598632
0.09412175 0.4829244 0.5972786
0.3284802 0.09747753 0.5555317
0.2521884 0.489276 0.6082694
0.3831321 0.2259035 0.6281201
0.1008722 0.4824485 0.6028475
0.3471237 0.1421049 0.610065
0.1619623 0.485008 0.6286955
0.07520077 0.481095 0.5763466
0.1655032 0.4850911 0.6291515
0.3790271 0.2170309 0.6294209
0.3378459 0.1207303 0.5913647
0.1996964 0.4865 0.6285453
0.1295983 0.4832496 0.6196719
0.06399128 0.4795311 0.557709
0.3548766 0.1607161 0.6204044
0.111904 0.4810468 0.6104524
0.3292769 0.1017857 0.5637997
0.1230853 0.4815174 0.6166574
0.4069086 0.2829763 0.599341
0.4152963 0.3033627 0.5754071
0.08341053 0.4792176 0.5864299
0.4220304 0.319007 0.5422958
0.4245703 0.3255934 0.5022355
0.05161312 0.477439 0.5164571
0.3316775 0.1108133 0.5779642
0.336262 0.1214606 0.5914103
0.35758 0.1709226 0.6241452
0.3236774 0.0932925 0.5412439
0.3356684 0.1210694 0.5908049
0.05468202 0.4760959 0.5321606
0.3275741 0.1029269 0.5644577
0.401873 0.2746543 0.606733
0.1900157 0.4831203 0.6296483
0.3378262 0.128056 0.597698
0.05074477 0.4751374 0.5038601
0.4105346 0.2952197 0.5870749
0.1322967 0.4795494 0.6207057
0.08949238 0.4767651 0.5926769
0.4130494 0.3013763 0.5790841
0.3654465 0.1930387 0.6291134
0.3845924 0.23681 0.6258412
0.05987516 0.4748162 0.5479223
0.1025821 0.4771419 0.6039439
0.4140605 0.3040659 0.575193
0.1615064 0.4804013 0.6285951
0.4125874 0.3009946 0.5797774
0.4099622 0.2956642 0.5868783
0.2165803 0.4833798 0.624889
0.1441709 0.4790436 0.6247867
0.3616096 0.1860302 0.6279282
0.2856014 0.4873025 0.5763383
0.3534214 0.167979 0.6227046
0.1520288 0.4791257 0.6268157
0.2284875 0.483558 0.6208178
0.3186995 0.08952451 0.518116
0.352617 0.1679074 0.6225671
0.42179 0.3238892 0.5263389
0.06104782 0.4720424 0.5503784
0.1349723 0.4765463 0.6216723
0.292282 0.486613 0.5662521
0.3410206 0.1423303 0.6086304
0.1629822 0.478232 0.6287866
0.2899252 0.4863384 0.5700985
0.05692783 0.4711486 0.5390049
0.2966733 0.4867417 0.5582057
0.4146937 0.3084962 0.5687145
0.2132777 0.4812342 0.6258295
0.3602724 0.1877607 0.6281116
0.08336684 0.4726212 0.5859509
0.3412888 0.1455122 0.6105536
0.3773593 0.2262791 0.6284429
0.3894219 0.2539261 0.619907
0.3005947 0.4867358 0.5496287
0.05715197 0.4703067 0.5395356
0.3833899 0.2407126 0.6250027
0.4183337 0.3187308 0.5470586
0.3254184 0.1129296 0.5771663
0.2856959 0.4854799 0.5763676
0.05104092 0.4694668 0.5009995
0.2457731 0.4826252 0.6124792
0.3642574 0.1991287 0.629609
0.4072949 0.2946077 0.5891088
0.3902408 0.2570251 0.6185331
0.2057521 0.4794809 0.6275662
0.06358004 0.4694616 0.5556486
0.2177279 0.4802313 0.6246126
0.3162879 0.09389761 0.5330701
0.3683701 0.2111493 0.6299746
0.2329012 0.4810669 0.6190459
0.3135844 0.09097865 0.5114033
0.3225237 0.1110115 0.5730085
0.3776858 0.2319566 0.6275008
0.121693 0.4725181 0.6156851
0.3719559 0.2199523 0.6294386
0.4186045 0.3221502 0.5377143
0.05540615 0.4669722 0.5327047
0.3131048 0.0918563 0.5168766
0.304172 0.4853328 0.5402148
0.0569126 0.4667047 0.5379527
0.2980299 0.4846186 0.5557375
0.3220418 0.1115174 0.5733899
0.4206714 0.3272575 0.50475
0.1022733 0.4695576 0.6033264
0.4060526 0.2959374 0.5883651
0.2496739 0.4807344 0.6102186
0.3350198 0.1442416 0.6081398
0.4004686 0.2855615 0.5995638
0.0513902 0.4647675 0.501511
0.4194939 0.3265944 0.5174936
0.3159212 0.1039611 0.5572227
0.05818167 0.4649422 0.5414731
0.3798881 0.2429063 0.6248487
0.08629757 0.4671133 0.5887331
0.09575167 0.4677199 0.5978966
0.416466 0.3214941 0.5423294
0.2149528 0.4770522 0.6254668
0.3573719 0.1960569 0.6290431
0.4189102 0.3272036 0.5150773
0.1479687 0.4715097 0.6256938
0.3097766 0.09517339 0.5263993
0.3741745 0.2325485 0.6276841
0.3145142 0.1067271 0.5609617
0.3322493 0.1447383 0.607653
0.1943806 0.4748352 0.6293131
0.3286201 0.1386164 0.6024995
0.321564 0.1246562 0.5880958
0.1618944 0.4717017 0.6285612
0.3090695 0.1002234 0.5419948
0.202635 0.4748303 0.6281977
0.3449925 0.175446 0.6237993
0.2440152 0.4783171 0.6136599
0.2876621 0.4818851 0.5739889
0.3005761 0.4829595 0.55036
0.412089 0.3160736 0.5584
0.397301 0.2856568 0.6006123
0.2275535 0.4765081 0.6213828
0.267271 0.4798522 0.5971336
0.07712188 0.4633837 0.5773823
0.1102745 0.4660949 0.60877
0.3494814 0.1858963 0.6268809
0.4153315 0.3239003 0.5370676
0.4138764 0.3209457 0.5467322
0.1031582 0.4646796 0.6036908
0.305806 0.4826356 0.5355977
0.3831937 0.2582764 0.6193493
0.2971772 0.4816609 0.5579891
0.4034152 0.3004044 0.5851133
0.3723382 0.2364909 0.6271236
0.3000388 0.481895 0.5518305
0.3059517 0.1005965 0.5388883
0.3103453 0.1100955 0.5632364
0.05341566 0.4590052 0.5199378
0.2829404 0.480068 0.5805634
0.05494058 0.4590857 0.5280576
0.4093559 0.3137288 0.5645451
0.09063748 0.4622172 0.592738
0.4163902 0.3283465 0.5155495
0.05579153 0.4587492 0.5315248
0.307592 0.1050829 0.5516588
0.316987 0.1247781 0.5860154
0.416319 0.3284346 0.515146
0.3351385 0.162027 0.6173016
0.394358 0.2836363 0.6030713
0.4162379 0.3292697 0.5066621
0.3164517 0.1259691 0.5869521
0.3328689 0.1610542 0.6163884
0.4134793 0.324592 0.5376975
0.409669 0.3168732 0.5590671
0.3886025 0.2744648 0.6105174
0.3050304 0.1052933 0.5494332
0.338232 0.1728397 0.6219743
0.238407 0.4743899 0.6167611
0.3956252 0.289127 0.5986117
0.3107798 0.4814424 0.5057685
0.1813507 0.4685815 0.6299999
0.3852143 0.2687814 0.6143403
0.390538 0.2795216 0.6069908
0.2046855 0.4707291 0.6279061
0.3703063 0.239087 0.626808
0.3448027 0.1882066 0.626886
0.2991489 0.0973312 0.5021935
0.05269358 0.4547926 0.5103781
0.3146363 0.1286835 0.5887275
0.4086199 0.3170457 0.5596747
0.1747228 0.4669538 0.629814
0.4010803 0.3021042 0.5845386
0.07087821 0.4563355 0.5671114
0.3364273 0.172959 0.6217152
0.1046576 0.4596184 0.6044478
0.1423478 0.4634625 0.6238494
0.3975416 0.2953345 0.59272
0.05745766 0.4543159 0.5360758
0.08268726 0.4569131 0.5836274
0.05240899 0.4537798 0.5027392
0.3857045 0.2721044 0.6125548
0.1517769 0.463773 0.6264668
0.2987845 0.09979162 0.5230252
0.30959 0.4799144 0.5194712
0.2978581 0.09892112 0.5149392
0.2978128 0.09908709 0.5160052
0.2511725 0.4733384 0.609705
0.05315775 0.451844 0.512164
0.2001729 0.4676641 0.6286864
0.4139121 0.3297865 0.5138999
0.1647053 0.4637782 0.6288511
0.07166463 0.4535133 0.5679128
0.1287195 0.4596193 0.6184946
0.4002466 0.3038118 0.583177
0.3750188 0.2542875 0.6222089
0.05293292 0.4510409 0.5082195
0.3658973 0.2363965 0.6277189
0.2754391 0.4753643 0.5897036
0.356657 0.2185898 0.6299326
0.05292794 0.4506572 0.5074425
0.1536984 0.4617243 0.6268576
0.08596948 0.4541346 0.5870376
0.2418398 0.4712527 0.6151983
0.3327162 0.1716225 0.6206012
0.3986303 0.3015699 0.5863523
0.2035553 0.4669429 0.6281731
0.1423455 0.4600888 0.6237337
0.148158 0.4606757 0.6254662
0.3482253 0.2050485 0.6294715
0.06389928 0.4511984 0.5527365
0.2068965 0.4669774 0.6275653
0.05289319 0.4495437 0.503787
0.3871706 0.2813006 0.6069448
0.4092389 0.3246704 0.5433156
0.1343766 0.4580801 0.6208065
0.4045261 0.3156134 0.5653823
0.06748298 0.450308 0.5599295
0.3801243 0.2693447 0.6152976
0.3811138 0.2712797 0.6141394
0.3651981 0.2406687 0.627009
0.2248692 0.4682553 0.6226671
0.311056 0.4781767 0.50721
0.1678635 0.46163 0.6292061
0.2564621 0.4718639 0.6062951
0.3791598 0.267736 0.6162537
0.2648027 0.4727702 0.5998623
0.2851239 0.4750304 0.5784275
0.383809 0.2775278 0.6101687
0.2869613 0.4751043 0.5759428
0.2247732 0.4676931 0.6227233
0.3964981 0.3018772 0.58714
0.30761 0.1323515 0.5888001
0.3107105 0.4774374 0.5127767
0.3424956 0.1991426 0.6285152
0.3057053 0.1295085 0.5850165
0.2357862 0.4684235 0.6182969
0.290755 0.1016495 0.5031041
0.3347203 0.1866791 0.6254092
0.3345039 0.1864819 0.6253337
0.3724777 0.2585824 0.6212174
0.3110043 0.4772588 0.5096536
0.3413277 0.1998948 0.6285337
0.1055816 0.4522386 0.6045216
0.314826 0.1503476 0.6057151
0.298346 0.1203342 0.5694471
0.409574 0.3300172 0.5255642
0.3087023 0.140883 0.5966957
0.3065785 0.1375935 0.5930417
0.176083 0.4602543 0.629845
0.2979766 0.4751819 0.5577716
0.2537488 0.4697317 0.6083099
0.3602605 0.23858 0.6278445
0.2888346 0.1051415 0.5239392
0.3685026 0.2549685 0.6230579
0.1370082 0.4549781 0.621675
0.401556 0.3166568 0.5661708
0.1098546 0.4514475 0.6074632
0.3573272 0.2343109 0.6286874
0.2350473 0.4668299 0.6187149
0.2935579 0.4740102 0.5661215
0.07337067 0.4462542 0.5692798
0.2967189 0.1215109 0.5698746
0.1355561 0.4538712 0.6210695
0.4089542 0.3306159 0.5243593
0.2176255 0.4641974 0.6250973
0.2496115 0.4681926 0.611042
0.3776749 0.2733933 0.6139984
0.3114434 0.4760349 0.504369
0.3115128 0.4760039 0.5014914
0.2031631 0.4621795 0.6283311
0.3001719 0.4745184 0.5533386
0.06889081 0.44496 0.5613587
0.3042207 0.1382487 0.5925125
0.3961799 0.3083163 0.5805898
0.3581301 0.238084 0.6281027
0.2516277 0.4681285 0.6098047
0.2941197 0.1212292 0.5674909
0.1434361 0.4537481 0.6238374
0.3285475 0.1853153 0.6242113
0.3028731 0.4743441 0.5469894
0.2630213 0.4691 0.6016687
0.4025537 0.3213426 0.5576965
0.2453541 0.466364 0.6136357
0.4048458 0.3256159 0.5466434
0.06563872 0.4424132 0.5542009
0.1304066 0.4509531 0.6187797
0.343241 0.2132031 0.6298198
0.3803528 0.2818697 0.6087615
0.2899719 0.1173427 0.5576724
0.05510941 0.4405888 0.5173279
0.06219095 0.441453 0.5456898
0.3061047 0.147411 0.6005612
0.2103878 0.4610802 0.6269962
0.05555451 0.4402678 0.5200697
0.3803473 0.2824786 0.608412
0.3185841 0.1703289 0.6171808
0.05774036 0.4394795 0.530459
0.1683174 0.4543624 0.6291539
0.2692576 0.4681467 0.5965346
0.2837505 0.1073567 0.5212282
0.3895483 0.2996653 0.592608
0.2878211 0.115265 0.5514994
0.1956264 0.4577708 0.6293771
0.0723387 0.4406449 0.5664046
0.3519398 0.2317317 0.6292881
0.4078002 0.3334831 0.509373
0.3079265 0.4731355 0.5317752
0.3333432 0.1993793 0.6278167
0.2175891 0.4604485 0.6252464
0.2854334 0.4699291 0.578877
0.3997164 0.319977 0.5626105
0.07848907 0.4406574 0.5757253
0.2544799 0.4653883 0.6082057
0.3114832 0.4733955 0.5099958
0.109854 0.4446797 0.6068494
0.2136721 0.4593754 0.6262976
0.2386778 0.4627739 0.6173011
0.3571069 0.2438867 0.6272241
0.3081816 0.4726351 0.5310417
0.2851921 0.1153039 0.5485203
0.3484644 0.2289963 0.6296519
0.2981202 0.1396574 0.5907938
0.2949648 0.134078 0.5837238
0.1231779 0.4456204 0.6149452
0.2884858 0.1228621 0.5653135
0.1341471 0.4470277 0.6201378
0.1951855 0.4557831 0.6294454
0.05600765 0.4355695 0.5187347
0.2833933 0.1143017 0.5439115
0.3034085 0.4713142 0.5466889
0.347434 0.2284456 0.6297203
0.2726036 0.4667937 0.5936239
0.1711298 0.451821 0.6294091
0.3982314 0.3193315 0.5649009
0.2905914 0.128679 0.574836
0.3452326 0.2256164 0.6299047
0.3084198 0.471722 0.5306134
0.2906601 0.4690472 0.5717836
0.283338 0.4678027 0.5818983
0.3065552 0.4712202 0.5376583
0.3794703 0.2864166 0.6063567
0.4064225 0.3341919 0.5100867
0.311709 0.4718049 0.510066
0.3025316 0.4704273 0.5492017
0.3538864 0.241257 0.6279758
0.1811236 0.4520686 0.6299767
0.3294921 0.1981501 0.627233
0.3251489 0.1912936 0.6252597
0.383541 0.2950118 0.5990134
0.3938622 0.3138002 0.5757165
0.1185084 0.4420587 0.6120785
0.2883799 0.1289693 0.5736306
0.3919963 0.3112742 0.5798901
0.2311766 0.4590185 0.6207858
0.3004226 0.1523394 0.6017821
0.05557582 0.4320908 0.5104091
0.2833448 0.1229181 0.560828
0.3057451 0.4701829 0.5406836
0.1116501 0.4403816 0.6076367
0.2128141 0.4558713 0.6266218
0.2112654 0.455554 0.6269786
0.3857009 0.3014109 0.5929688
0.4052114 0.3353111 0.5022392
0.2796333 0.4658691 0.586544
0.07057598 0.4334735 0.5614741
0.3929999 0.3141353 0.5759086
0.1762859 0.4496543 0.6297773
0.3122495 0.4707921 0.5015107
0.3986689 0.3243421 0.5562295
0.05555803 0.4305382 0.5065013
0.2619215 0.4627858 0.6032191
0.3319052 0.208859 0.6289888
0.305169 0.4692944 0.5427662
0.3093069 0.4698741 0.5280313
0.2829767 0.1244746 0.5629789
0.1731845 0.4480979 0.6295413
0.3555081 0.2501318 0.6261604
0.0581522 0.4290483 0.5253308
0.09350494 0.4344813 0.592106
0.1996765 0.4507917 0.6290519
0.1792518 0.4474451 0.6299028
0.2927034 0.1417057 0.5898621
0.05684191 0.4272269 0.515325
0.06707409 0.4287625 0.5529052
0.07428738 0.4298418 0.5669162
0.2288434 0.4552113 0.6219005
0.2936403 0.1436464 0.5920561
0.1984446 0.4501735 0.6292049
0.1384394 0.4402159 0.6214107
0.194445 0.4494087 0.6295925
0.1415809 0.4405882 0.6225735
0.2924186 0.1415758 0.5895946
0.0569444 0.4261395 0.514667
0.3118612 0.4686317 0.5138131
0.2950222 0.4658026 0.5656779
0.2746037 0.1111382 0.5118037
0.4027607 0.3331036 0.5284785
0.0925062 0.4316473 0.5906434
0.06522453 0.4269293 0.5478508
0.402908 0.3337373 0.525553
0.3123527 0.4684007 0.5086687
0.2783059 0.1207796 0.5517216
0.404038 0.335968 0.5032251
0.3489571 0.2420784 0.6282752
0.06115654 0.4258098 0.5354593
0.3004866 0.1594213 0.6063849
0.1103204 0.4338622 0.6060052
0.2859553 0.4635752 0.5794738
0.3742692 0.285829 0.6084721
0.3494262 0.2437854 0.6279821
0.304617 0.167752 0.6123286
0.1279875 0.4360967 0.6166114
0.2305517 0.4536901 0.6213604
0.0830313 0.4283257 0.5792066
0.3256411 0.203745 0.6278111
0.3126652 0.4677343 0.5049197
0.3497434 0.2450413 0.6277543
0.2942838 0.4643653 0.5673057
0.1737475 0.4434533 0.6295238
0.2878801 0.1420601 0.5875797
0.2275676 0.4524384 0.6225249
0.2674822 0.4593931 0.5992482
0.07395071 0.425432 0.5650998
0.2153065 0.4501348 0.6262565
0.3930295 0.3199702 0.5683397
0.2787572 0.1289149 0.5659438
0.2288687 0.4521214 0.622083
0.3885525 0.3133869 0.5797801
0.2762764 0.1272167 0.5610675
0.3671046 0.2788095 0.6142864
0.3838475 0.3068944 0.589111
0.3033142 0.1731577 0.6145546
0.06912738 0.4231852 0.5552689
0.1096484 0.430142 0.6050694
0.3764399 0.2947451 0.602137
0.3039271 0.4648425 0.5480349
0.2950009 0.1599849 0.6047186
0.2937717 0.1582391 0.6031179
0.3717071 0.2876408 0.6083094
0.3903645 0.3186426 0.572242
0.3393564 0.2347324 0.6296239
0.3679734 0.2825718 0.6122195
0.312119 0.4659847 0.5155668
0.2273696 0.4505891 0.6227077
0.2627972 0.456937 0.6033037
0.2797812 0.137583 0.5778955
0.1027685 0.4276653 0.5994164
0.2685877 0.1194266 0.5342489
0.2603868 0.4561353 0.6051775
0.3072312 0.4646329 0.538995
0.2661085 0.457068 0.6007125
0.3737824 0.2926362 0.604563
0.2130481 0.4471499 0.6268997
0.2193989 0.4483102 0.6252895
0.3857045 0.3124701 0.582601
0.4003546 0.3366877 0.5184196
0.3615885 0.2732368 0.6181016
0.2036006 0.4451341 0.6286675
0.1906894 0.4426897 0.6298867
0.3915135 0.3226059 0.5658938
0.280643 0.1423652 0.5836079
0.3494098 0.2569912 0.6254441
0.3054524 0.187064 0.620622
0.2690098 0.128599 0.5558888
0.3155317 0.2039329 0.6267623
0.2976537 0.1755672 0.6140657
0.2861551 0.4595968 0.580125
0.0578374 0.4163804 0.5000213
0.3797708 0.3075038 0.5907918
0.2213003 0.4472761 0.6248125
0.3427443 0.2482369 0.6279204
0.2660929 0.1256657 0.5464836
0.2654524 0.1247702 0.5435053
0.2841044 0.4589894 0.5827718
0.2623446 0.1200434 0.5217966
0.3530477 0.2660561 0.6224239
0.1247127 0.4284841 0.6142408
0.3262088 0.2239825 0.6298534
0.2601821 0.1193339 0.5048265
0.3066637 0.1933093 0.6228414
0.3821093 0.3137048 0.583621
0.2622434 0.1248396 0.5385431
0.3316126 0.2344441 0.6298811
0.2711977 0.1416531 0.5764256
0.3560377 0.2746567 0.6188849
0.322192 0.2218347 0.629604
0.06538826 0.4147392 0.5423863
0.3055318 0.4618473 0.5453739
0.2824289 0.1600628 0.5995526
0.288736 0.1705936 0.6086816
0.2586649 0.1241887 0.5294157
0.3876249 0.3256813 0.5649728
0.2669897 0.454105 0.6004571
0.2609608 0.1300851 0.5489602
0.2575519 0.1249823 0.5296913
0.3965473 0.3400834 0.510951
0.3549612 0.2761286 0.6185928
0.3110338 0.2083266 0.6270502
0.3966129 0.340578 0.5017101
0.06630751 0.4142109 0.544638
0.2633345 0.4531593 0.6034381
0.3802943 0.3154936 0.5829897
0.3700529 0.2997577 0.6014505
0.3330675 0.2435847 0.6292403
0.3162672 0.2180906 0.6289489
0.254147 0.1241688 0.5152522
0.1674776 0.4337784 0.6285963
0.3919836 0.3348887 0.5429645
0.06187943 0.4126393 0.5289063
0.3122761 0.4624703 0.5192867
0.2981741 0.4594784 0.5622141
0.3955757 0.3406151 0.5119079
0.145559 0.4287257 0.6231858
0.06270623 0.4119983 0.53176
0.2335405 0.4463005 0.6207409
0.2004918 0.4394754 0.6291958
0.3947059 0.3397202 0.5213904
0.3343489 0.2478617 0.6287034
0.378296 0.3151257 0.5846507
0.3494873 0.2721963 0.6212204
0.3837469 0.324148 0.5705438
0.2991327 0.1967077 0.6224073
0.1149194 0.4211274 0.6075177
0.253168 0.1274328 0.5281563
0.394008 0.3401227 0.5216793
0.3629486 0.2937745 0.6079818
0.05930996 0.4095264 0.5055541
0.2508345 0.1253375 0.5035865
0.3569602 0.2849751 0.6144013
0.3840833 0.3261999 0.5675195
0.343959 0.2666451 0.6239235
0.2900906 0.45662 0.5757431
0.07813621 0.4127993 0.5680248
0.1014545 0.4175391 0.5966089
0.3137853 0.2217166 0.6291503
0.3839618 0.3266941 0.5669513
0.309676 0.4603677 0.5335606
0.09813529 0.4161482 0.593307
0.3239214 0.2384098 0.6299161
0.1150877 0.4194155 0.6073935
0.2084862 0.4388766 0.6280996
0.3934024 0.3417885 0.5141463
0.3075405 0.4595159 0.5411103
0.2487463 0.1273911 0.5124127
0.2506693 0.1304349 0.5327493
0.3049309 0.2119151 0.6269675
0.2806398 0.1774963 0.609522
0.2695148 0.1615129 0.5942777
0.3748738 0.3165733 0.5854629
0.3037291 0.4585451 0.5514188
0.07587218 0.4103438 0.5633849
0.2967516 0.4569972 0.5655701
0.2747541 0.1704052 0.6030816
0.3099618 0.4595981 0.5331036
0.1278232 0.4208426 0.6150633
0.09801531 0.4142675 0.5928138
0.2696908 0.1641204 0.596366
0.1943988 0.4346732 0.6297838
0.2458071 0.1302228 0.518201
0.3515718 0.2844364 0.6162055
0.3615821 0.2992991 0.6053288
0.2981885 0.4564909 0.5632931
0.06416604 0.4059195 0.5324974
0.1956809 0.4341902 0.6297121
0.1562066 0.4254875 0.6260568
0.3806531 0.3272379 0.5692459
0.3919489 0.34367 0.5031083
0.3103884 0.2257229 0.6293037
0.09117207 0.4110689 0.5849687
0.2319245 0.4416789 0.6217199
0.3151618 0.2333289 0.6299232
0.3378972 0.2661933 0.6250603
0.3535991 0.2889557 0.6136324
0.3522486 0.2870942 0.61488
0.0631583 0.4045175 0.5270483
0.3460384 0.2785626 0.619875
0.3638069 0.3042074 0.6012823
0.1119425 0.4149172 0.6045396
0.2506858 0.1418279 0.5578886
0.2768041 0.450951 0.5923674
0.06849286 0.4050447 0.5453556
0.2151343 0.4370742 0.6268896
0.3204287 0.2423325 0.6298646
0.2403038 0.4424272 0.6182546
0.388326 0.339951 0.5362567
0.06569788 0.4034314 0.5360249
0.2914167 0.4536089 0.5748067
0.0801506 0.4065747 0.5690937
0.2472995 0.1381823 0.5466878
0.1445288 0.4205846 0.6222429
0.3326525 0.260477 0.6269911
0.2579075 0.4455861 0.6083284
0.3195502 0.2420224 0.6298969
0.2451766 0.135761 0.5373203
0.2977117 0.454362 0.5649236
0.06704688 0.402189 0.5394673
0.07567939 0.4041376 0.5605943
0.266211 0.165877 0.5958766
0.2931893 0.2044564 0.623459
0.3067907 0.4560914 0.5452671
0.2144307 0.4349587 0.6271402
0.2413467 0.1317655 0.5007113
0.06202579 0.4001033 0.5141974
0.06216764 0.399903 0.5150259
0.1232397 0.4138601 0.6117145
0.2473797 0.1410718 0.5525281
0.06564626 0.4004669 0.5334908
0.3904819 0.3446958 0.5030505
0.2657816 0.1683052 0.597441
0.3131994 0.4570986 0.5207317
0.08518651 0.4046873 0.5757881
0.3768492 0.3258216 0.5742885
0.1196993 0.4123408 0.6093698
0.2709302 0.4471717 0.5984329
0.2427809 0.1362106 0.5337659
0.3383298 0.2713972 0.6236911
0.3747707 0.3230488 0.5790309
0.09861812 0.4068571 0.5918002
0.06401283 0.3987628 0.5249329
0.3288619 0.2586319 0.6277434
0.2746655 0.1824395 0.6099353
0.3040022 0.2238198 0.6286538
0.2043148 0.4308219 0.6289703
0.1698437 0.4227306 0.6285925
0.3799098 0.3311093 0.5646816
0.3334207 0.2657923 0.6258475
0.1340967 0.414234 0.6174056
0.2368493 0.4382579 0.6201233
0.1186281 0.4103174 0.6083899
0.3856708 0.3402444 0.5404432
0.1407327 0.4151898 0.6203539
0.2471521 0.1468669 0.561892
0.3857072 0.3405035 0.5397282
0.274537 0.1859229 0.61163
0.382537 0.3364027 0.5532339
0.3097384 0.4547287 0.5376568
0.06614664 0.3967456 0.5321136
0.3260874 0.2579872 0.6281283
0.2550212 0.4413549 0.610736
0.364361 0.3115319 0.5958731
0.2387094 0.1370384 0.5266972
0.2586924 0.4420539 0.6083517
0.2456679 0.4388832 0.6161301
0.2414964 0.141541 0.5450441
0.2294677 0.4347932 0.6231236
0.2424175 0.1430436 0.5495433
0.2375824 0.1375606 0.5255452
0.3858887 0.3427138 0.5332355
0.2515876 0.1576389 0.5793298
0.2355755 0.1359109 0.5023308
0.2543355 0.1617578 0.5853688
0.3849414 0.341897 0.5375389
0.1885186 0.4240694 0.6299986
0.310491 0.2401706 0.6299902
0.2085649 0.4287266 0.6284561
0.06357366 0.3932628 0.5135756
0.3726975 0.3258278 0.5776463
0.2466772 0.1539992 0.5711168
0.3054297 0.2350208 0.6297057
0.3870198 0.3463742 0.5134455
0.2615339 0.1758992 0.6005684
0.1499538 0.4139313 0.6235394
0.2706705 0.4435207 0.5993708
0.3806637 0.3380392 0.5527376
0.3135751 0.4539338 0.5228961
0.114104 0.4046408 0.6043705
0.1324064 0.4091356 0.6160142
0.3117549 0.2445471 0.6299724
0.3803192 0.3377808 0.5536572
0.31248 0.4534416 0.5287259
0.2473322 0.43725 0.6155035
0.2990282 0.449897 0.5644888
0.3322223 0.2727324 0.6244705
0.2805102 0.2027227 0.6201963
0.2492992 0.1610887 0.581153
0.1115997 0.4024566 0.6021074
0.349121 0.296368 0.6116665
0.386392 0.3473606 0.508491
0.2947161 0.4480978 0.571976
0.2377167 0.1483614 0.5530518
0.220956 0.4293083 0.6259642
0.3140163 0.4528561 0.5219461
0.2992091 0.4490522 0.5645424
0.2182447 0.4282458 0.6266663
0.2475326 0.1617279 0.580472
0.3077628 0.4510203 0.5459161
0.3129772 0.2495757 0.6297866
0.2844192 0.4450259 0.585964
0.1314504 0.4059966 0.6151433
0.2735596 0.1969452 0.6161899
0.1105219 0.4002461 0.6008357
0.08048558 0.3923787 0.5640986
0.2541139 0.1709332 0.5930481
0.2638327 0.4393222 0.6053532
0.300229 0.4486323 0.5629712
0.1313017 0.4051257 0.6149538
0.2247026 0.4291126 0.6249956
0.3159527 0.4524673 0.5047354
0.2372439 0.1485273 0.552715
0.2514256 0.1679235 0.5889484
0.2665788 0.188456 0.6099963
0.1117781 0.3993519 0.6016358
0.1575592 0.4111842 0.6255369
0.3852791 0.3471105 0.5172094
0.3482025 0.2977167 0.6113476
0.071877 0.3881832 0.5435615
0.09303585 0.3933093 0.5821955
0.3103587 0.4502659 0.5392106
0.2449638 0.1602246 0.5768645
0.315991 0.4515819 0.5084124
0.1812426 0.4160662 0.6296434
0.1442969 0.4061872 0.620867
0.3124619 0.2504985 0.6297612
0.3659289 0.3220537 0.5863261
0.07328284 0.3872955 0.546628
0.06503478 0.3849939 0.5047717
0.305566 0.4485822 0.5526025
0.2669092 0.1912967 0.6115132
0.3718246 0.3302684 0.573382
0.1425396 0.4048691 0.6200406
0.3020736 0.447283 0.5602918
0.06775981 0.3847476 0.5261546
0.285517 0.2167874 0.6251258
0.124265 0.3996893 0.6102431
0.2936585 0.4448841 0.5746583
0.08264324 0.3883743 0.5659549
0.06528041 0.3837301 0.5002376
0.3741826 0.3341236 0.5663291
0.2293493 0.1432893 0.5239971
0.2461565 0.4316068 0.6167865
0.2536986 0.4336083 0.6126367
0.1133392 0.3955157 0.6020542
0.1269998 0.3991696 0.6117703
0.2637348 0.1890121 0.6091866
0.2523083 0.1753449 0.5953612
0.2444316 0.1651068 0.5815127
0.3838043 0.3478009 0.5195845
0.06573865 0.382081 0.5018751
0.3821618 0.3458691 0.5320627
0.2980595 0.2358916 0.629401
0.3131329 0.4491481 0.5306412
0.3293985 0.2771691 0.6238981
0.2262388 0.1429685 0.5049036
0.2025615 0.4185768 0.6294798
0.06600502 0.3810897 0.5015847
0.316677 0.4497476 0.504723
0.1023864 0.3908128 0.591513
0.1419446 0.4016412 0.6194417
0.2396357 0.1606053 0.5727176
0.06931275 0.3814395 0.5290699
0.1047055 0.3907103 0.5936888
0.3134974 0.4483821 0.5300209
0.07142961 0.3813274 0.5367499
0.3452853 0.2986072 0.6119764
0.09688005 0.3880543 0.5849846
0.3618271 0.3202579 0.5905406
0.3298868 0.2791419 0.6232911
0.2724894 0.4367697 0.59933
0.3839405 0.3493348 0.5069063
0.3115405 0.4475246 0.5378394
0.2677611 0.1987918 0.6151462
0.3150697 0.4484323 0.5226339
0.2430385 0.1667729 0.5820982
0.228533 0.1483372 0.5382243
0.155583 0.4036235 0.6244295
0.1523841 0.4026591 0.6233694
0.3837199 0.3495572 0.5060808
0.2759123 0.2102609 0.6214816
0.2724173 0.2065376 0.6194209
0.1266533 0.3942158 0.6107701
0.2609362 0.1918556 0.6095408
0.1233897 0.3931296 0.6085846
0.1183551 0.3916445 0.6049413
0.2288885 0.1513344 0.5457963
0.2234384 0.145084 0.5037349
0.2824105 0.2210828 0.6255422
0.3451988 0.3016459 0.610557
0.3222049 0.2739316 0.6258996
0.1948622 0.4128314 0.6299729
0.07572293 0.3786948 0.5468159
0.2821553 0.2230483 0.6259077
0.2339628 0.1619737 0.5690275
0.3762668 0.3432561 0.5492645
0.1778068 0.4077282 0.6291147
0.2701317 0.208835 0.6195925
0.31422 0.4467584 0.5289241
0.3153624 0.2665637 0.6280608
0.2335787 0.1635708 0.5706221
0.2556635 0.1915087 0.6072057
0.3619767 0.3257622 0.585739
0.2823948 0.4374259 0.5902409
0.3474444 0.3075761 0.6065778
0.217918 0.4187098 0.6272832
0.3160535 0.4468288 0.5195417
0.06844482 0.3752425 0.5141617
0.3089325 0.4447052 0.5472936
0.07501933 0.3768572 0.5436237
0.0867044 0.3801035 0.5687469
0.09496856 0.3824667 0.5809258
0.2188525 0.4183312 0.627116
0.2103852 0.4158501 0.6286901
0.2683268 0.2092347 0.6192448
0.3532279 0.3158299 0.5987922
0.3815027 0.3513466 0.5051928
0.176167 0.4053945 0.6288344
0.2590208 0.198091 0.6118286
0.2700485 0.2121364 0.6206408
0.2886422 0.2359968 0.6287217
0.3286979 0.2869445 0.6213534
0.3186029 0.2747786 0.6262957
0.06832638 0.3729112 0.5013508
0.3452408 0.3081892 0.6071991
0.314131 0.4450052 0.5313399
0.2429869 0.182076 0.594929
0.2610584 0.2054427 0.6156948
0.3120987 0.4442484 0.5390314
0.3167654 0.4455836 0.5172089
0.2749469 0.4331225 0.5981708
0.2198559 0.1546839 0.536871
0.2356539 0.1743172 0.58371
0.3286825 0.2889321 0.6207519
0.2115886 0.413741 0.6286091
0.2166702 0.1509452 0.5105397
0.2325562 0.1717168 0.5787494
0.1848908 0.4053899 0.6296877
0.126309 0.3873438 0.6093503
0.2302634 0.4186776 0.624239
0.1384577 0.3908249 0.61651
0.2192874 0.1554719 0.5377153
0.2357463 0.4198527 0.6223779
0.2014262 0.409409 0.6297545
0.07408345 0.3707646 0.5353842
0.3724885 0.3437166 0.5539034
0.06984118 0.3690397 0.509501
0.1993843 0.4084517 0.6298726
0.2134548 0.4126863 0.6283818
0.2762676 0.2260643 0.6255586
0.2411493 0.1833519 0.5947706
0.3630819 0.3325271 0.5784231
0.1381606 0.3891132 0.6161194
0.3110977 0.2693964 0.6281416
0.177931 0.4010015 0.6288915
0.2183814 0.1565637 0.538601
0.1971707 0.4064848 0.629964
0.09330577 0.3744005 0.5757542
0.3617834 0.3317352 0.5802856
0.3677553 0.3390311 0.5665498
0.375479 0.3484477 0.5395018
0.2216599 0.4136092 0.6268237
0.2311917 0.1729147 0.5788321
0.2452772 0.1903779 0.601732
0.1920367 0.4041816 0.6299754
0.300072 0.2570086 0.6298906
0.2825401 0.432217 0.5916259
0.352346 0.3205804 0.5960206
0.2797599 0.2325031 0.6272709
0.318676 0.4431905 0.5019782
0.2844621 0.4324154 0.5896798
0.3788388 0.3528624 0.5125073
0.3273266 0.290531 0.6206
0.3047045 0.2636307 0.6293088
0.248271 0.1956246 0.6061956
0.2424184 0.4185185 0.6200674
0.3177626 0.4423499 0.5171693
0.346396 0.3143749 0.6031946
0.2425372 0.1889077 0.5993743
0.07176077 0.3642767 0.5141071
0.3785106 0.3539053 0.5015123
0.3341244 0.3006888 0.614962
0.1545392 0.3901888 0.6228588
0.2121896 0.1548214 0.5122104
0.2371408 0.4159789 0.6223134
0.2574052 0.2098098 0.6162263
0.08154073 0.3659542 0.5514055
0.2305104 0.1783615 0.5835286
0.1949695 0.4019051 0.6299993
0.2019489 0.403955 0.6298191
0.2136935 0.4077138 0.6285762
0.2803756 0.2383679 0.628194
0.3745793 0.3508137 0.5353633
0.1307251 0.3802863 0.6106772
0.2517118 0.2057473 0.6125783
0.1225199 0.3774333 0.6048306
0.2226004 0.1724086 0.5704386
0.2452425 0.1995666 0.6069484
0.3148381 0.4397613 0.534691
0.2579194 0.2150908 0.6183147
0.2571831 0.2142971 0.6178163
0.1271198 0.3781663 0.6080542
0.3011928 0.4350392 0.5679156
0.1354423 0.3808321 0.6134135
0.1300151 0.3788843 0.6099859
0.369501 0.3466086 0.5532189
0.3138999 0.4390044 0.5385299
0.3601615 0.3357596 0.5776085
0.3018237 0.4350401 0.5669267
0.2117069 0.1614341 0.5368109
0.2590422 0.4209329 0.6117625
0.2300791 0.1831443 0.587396
0.3729599 0.3509587 0.5385199
0.2910417 0.4310576 0.5831117
0.1419562 0.3817648 0.6168078
0.2816755 0.2443986 0.6289928
0.2319619 0.4114797 0.6244065
0.3415595 0.3145136 0.6054299
0.363689 0.3407731 0.5686495
0.07408682 0.3584943 0.5175864
0.2113377 0.1629552 0.539785
0.07343891 0.3581089 0.51091
0.2713462 0.2330376 0.6261262
0.3142803 0.4380853 0.5382949
0.2091619 0.4030314 0.6293052
0.3110684 0.279741 0.6265356
0.2680253 0.2304392 0.625021
0.2710069 0.2339759 0.6262478
0.3178183 0.2884154 0.6234349
0.0766198 0.3582796 0.5300889
0.3007298 0.4332891 0.5695044
0.2201673 0.1753318 0.5714249
0.2063473 0.1593983 0.5086399
0.333926 0.3073794 0.6121932
0.2804658 0.2453975 0.628989
0.2098312 0.1635136 0.5380042
0.3024404 0.2709674 0.6288121
0.1685646 0.3880974 0.6265345
0.1480184 0.3811528 0.6193619
0.3756193 0.3559962 0.5085741
0.3553742 0.3327223 0.584408
0.236464 0.196178 0.6007192
0.2310939 0.1903747 0.5937166
0.2491269 0.4140518 0.6178796
0.2881995 0.4273201 0.5875747
0.2279295 0.1869733 0.5890202
0.2064285 0.1622837 0.5254827
0.3752564 0.3566568 0.5023729
0.3289605 0.3035212 0.6155826
0.3567505 0.3356109 0.5806564
0.231255 0.1916944 0.594763
0.1394202 0.3752373 0.6145036
0.1485555 0.3783964 0.6191958
0.2563422 0.4155301 0.6142
0.2061102 0.1637375 0.5295747
0.1686885 0.384897 0.6263142
0.1624725 0.3824457 0.6245002
0.226904 0.1877968 0.5889636
0.2320099 0.1940554 0.596849
0.20345 0.1615614 0.5022427
0.3158956 0.2901412 0.6234213
0.2851969 0.4249494 0.5913813
0.3737051 0.3560802 0.5195384
0.2584088 0.2247151 0.6214899
0.09139687 0.3564394 0.5641159
0.2064253 0.1656068 0.5357859
0.2553226 0.2218831 0.6198213
0.241784 0.4088272 0.6215286
0.09991002 0.3585565 0.5775226
0.2281558 0.1912554 0.5924777
0.3658083 0.3477482 0.556559
0.3296075 0.3074968 0.6137599
0.07613432 0.349818 0.5090421
0.082234 0.3519676 0.5414411
0.2166186 0.1802144 0.573424
0.3592501 0.3412774 0.5725689
0.2749683 0.246273 0.6285831
0.3241473 0.3030725 0.6173279
0.3671557 0.3514031 0.548337
0.1552909 0.3769019 0.6215783
0.2620931 0.4149751 0.6111897
0.307335 0.4310512 0.5599161
0.2557036 0.4125713 0.6150482
0.2382695 0.2074924 0.6079
0.3287799 0.3088741 0.613494
0.3103462 0.4318329 0.5535297
0.2662626 0.4154495 0.6086107
0.2633195 0.4143805 0.6106068
0.2312184 0.199973 0.6002083
0.3031791 0.2808861 0.627481
0.07749835 0.3466961 0.511892
0.2864283 0.2624381 0.6299988
0.3312591 0.3124871 0.6109556
0.07734159 0.3462748 0.5081204
0.303995 0.2829475 0.6270483
0.3175072 0.4335921 0.5327772
0.3687636 0.3548536 0.5380053
0.1062877 0.3563234 0.5841274
0.1454569 0.370596 0.6166314
0.206935 0.1760195 0.556945
0.2541112 0.2285174 0.6214815
0.07805234 0.3458025 0.5140351
0.2832504 0.2609335 0.629972
0.2928558 0.4241919 0.5837597
0.1135678 0.358493 0.5923195
0.2248273 0.1968476 0.5943652
0.3454925 0.3300461 0.5935087
0.07909665 0.3455811 0.5207356
0.2117987 0.3941057 0.6293524
0.2917715 0.2712667 0.6295605
0.2966565 0.425124 0.5789129
0.3065321 0.2875715 0.6258267
0.2603501 0.4115714 0.6128386
0.3021328 0.2828828 0.627323
0.2601366 0.411226 0.613021
0.3619689 0.3486037 0.5603825
0.3054276 0.4279492 0.5651169
0.1481202 0.3694784 0.6176484
0.2628759 0.2405098 0.6261221
0.1073687 0.3541631 0.5844421
0.3462217 0.3321497 0.5914891
0.3071122 0.4282666 0.5621057
0.3694983 0.3576293 0.5283654
0.2794419 0.4178588 0.5986692
0.3521461 0.3392277 0.5811299
0.2398915 0.2172705 0.6130542
0.2216407 0.3961397 0.6279678
0.2062253 0.181278 0.563458
0.2178979 0.195114 0.5883371
0.2315835 0.3997137 0.62562
0.362785 0.351718 0.5546142
0.309602 0.4286862 0.5573118
0.1948178 0.1706834 0.5162308
0.1352528 0.3633667 0.6098633
0.3208282 0.4328424 0.5186477
0.08324149 0.3435795 0.5351918
0.08175331 0.3428874 0.5287433
0.2946977 0.2785183 0.6287476
0.3375726 0.3251258 0.6014176
0.2098289 0.1879754 0.5751228
0.3406785 0.3290738 0.5971915
0.270274 0.413349 0.6065525
0.2145714 0.1941648 0.58503
0.3094516 0.4279148 0.5581442
0.2279544 0.2094338 0.6039684
0.3306898 0.3193737 0.6079544
0.2651892 0.4109423 0.6102598
0.3023087 0.2891734 0.6262534
0.3225476 0.3113381 0.6148015
0.2931406 0.2801034 0.6287342
0.2362143 0.399615 0.6243956
0.2151826 0.1976819 0.588363
0.231379 0.3974839 0.6258767
0.3549386 0.3461331 0.5715566
0.1968333 0.1785174 0.5452149
0.210862 0.3894573 0.6295792
0.2959179 0.4219631 0.581218
0.09455621 0.3449405 0.5623302
0.2484275 0.2336641 0.6214506
0.1909972 0.1728688 0.5008458
0.2281494 0.3958699 0.6267495
0.2684842 0.2549427 0.6288673
0.1330771 0.3592939 0.6075845
0.268511 0.2550985 0.6288847
0.2517228 0.2377116 0.6233119
0.248269 0.4033278 0.6198558
0.3059864 0.2951912 0.6243567
0.3505836 0.3426219 0.5793282
0.09813106 0.3454061 0.5683548
0.3074374 0.4258654 0.5630987
0.3680078 0.3610522 0.5206257
0.2936693 0.4204739 0.5844035
0.296384 0.2862949 0.6276081
0.192561 0.1773326 0.5332246
0.1648 0.3705668 0.6239105
0.08394459 0.3393158 0.5319756
0.1180074 0.3524408 0.5942833
0.09988645 0.3453121 0.570884
0.3139484 0.4280345 0.5487455
0.2902128 0.280145 0.6289974
0.3539556 0.3470647 0.5715579
0.107896 0.3481136 0.5824682
0.1337374 0.3575461 0.6075751
0.3084099 0.4254786 0.5616963
0.2165639 0.3893452 0.6290449
0.2230755 0.2100586 0.6017283
0.3387778 0.3312863 0.5969202
0.3390362 0.3316212 0.5965425
0.3201338 0.4296643 0.5283522
0.2768766 0.412503 0.6022078
0.3686635 0.3626657 0.5026135
0.1882551 0.3777023 0.6291461
0.3200678 0.4293372 0.5291495
0.2917795 0.2823722 0.6286325
0.1915673 0.1778601 0.5320492
0.3165087 0.309091 0.6176953
0.1926738 0.1805526 0.5412597
0.2017233 0.3818533 0.6299974
0.1155715 0.3476849 0.5903166
0.1712636 0.3697405 0.625582
0.2799588 0.4125646 0.5998691
0.136377 0.3554613 0.608705
0.3134455 0.4257745 0.551829
0.2294381 0.2189224 0.6094556
0.1192437 0.3482472 0.5939202
0.0977059 0.339568 0.5640899
0.2662355 0.2574426 0.628901
0.2115223 0.2007841 0.5880603
0.225316 0.2151137 0.605656
0.2338783 0.393734 0.6256239
0.08465031 0.3339682 0.5263322
0.3231112 0.4292138 0.5116883
0.3352496 0.329348 0.6002222
0.1287864 0.3511633 0.6025164
0.299289 0.2926719 0.6261422
0.1328994 0.3524314 0.6057214
0.2888398 0.4150618 0.5914484
0.2840829 0.2771409 0.6296377
0.09769273 0.3379774 0.5630122
0.334383 0.3291436 0.6008367
0.3632434 0.3590696 0.5402148
0.3067948 0.4221064 0.5665337
0.1982633 0.1895626 0.5644199
0.1151575 0.3447727 0.5887743
0.3194057 0.427129 0.5347915
0.1068356 0.3412968 0.5780174
0.1669715 0.3655645 0.6239682
0.2031287 0.3801551 0.6299999
0.300848 0.295217 0.6253805
0.2412715 0.3953207 0.6233993
0.3219579 0.42784 0.5233239
0.235368 0.3927442 0.6253499
0.2308184 0.2240247 0.6122849
0.08450767 0.3308903 0.5191025
0.204972 0.1977782 0.5801528
0.367163 0.3640031 0.5052834
0.3450492 0.3417143 0.5848444
0.1680713 0.3646943 0.6241846
0.3653083 0.3626198 0.52483
0.2189489 0.2136932 0.6015214
0.3607562 0.3582619 0.5467374
0.215021 0.3836189 0.6294289
0.3398204 0.3370298 0.5923557
0.199836 0.1952887 0.5727712
0.1371937 0.3517606 0.6082919
0.1857501 0.3715837 0.6285329
0.08494619 0.3302656 0.520214
0.1928571 0.1882627 0.5553536
0.1069935 0.3389299 0.5770136
0.3633906 0.3613742 0.5343707
0.2345289 0.2307485 0.6162867
0.3241439 0.4277257 0.5057845
0.3228397 0.4271739 0.5199813
0.1115988 0.3398756 0.5829294
0.08614177 0.3290981 0.524046
0.3511249 0.3490381 0.5723929
0.2869781 0.2840689 0.6289258
0.3189044 0.3168492 0.6140258
0.1914197 0.1884955 0.5535221
0.3182341 0.3168452 0.6142844
0.1316344 0.3473988 0.6034535
0.08445013 0.327489 0.5041018
0.3373276 0.3361498 0.5946521
0.2459632 0.3942966 0.6220186
0.1922341 0.1902043 0.5573129
0.2818137 0.2809594 0.6295478
0.3192878 0.424559 0.5384851
0.3393392 0.3387619 0.5914627
0.1883263 0.3693312 0.6287538
0.3655708 0.3651349 0.5104422
0.2293826 0.2291209 0.6137722
0.169567 0.3611149 0.6241886
0.1826437 0.1826473 0.5175709
0.1950397 0.3716106 0.6295435
0.1981184 0.1982773 0.5741016
0.3625668 0.3626713 0.5331059
0.2462339 0.2475686 0.6243414
0.1996791 0.3731254 0.6298605
0.353265 0.3541479 0.5640813
0.1512015 0.3523527 0.6159617
0.2217342 0.3821894 0.6287725
0.2116703 0.3778556 0.6298186
0.2921922 0.4118841 0.5895034
0.3482722 0.3491876 0.5751597
0.2144592 0.2164829 0.6005601
0.3264365 0.3279499 0.605749
0.2881586 0.4099925 0.5939709
0.1861783 0.3665406 0.6282892
0.2626558 0.2650336 0.6292463
0.3271055 0.329015 0.6048624
0.3122477 0.4200739 0.5587974
0.08811674 0.3246547 0.5245874
0.1976262 0.2011409 0.5764521
0.2065572 0.2099687 0.5912573
0.3409223 0.3428017 0.5872679
0.2240467 0.3821537 0.6284621
0.2825811 0.2851565 0.6292068
0.234615 0.2378959 0.6187062
0.08938646 0.3238848 0.5287168
0.1042444 0.3300591 0.568158
0.2282554 0.3831618 0.6277273
0.2077426 0.3741505 0.6299875
0.2477774 0.2509083 0.6253414
0.1655901 0.355762 0.6222588
0.307278 0.310122 0.6202263
0.1825936 0.1876478 0.5345642
0.1767059 0.3603414 0.6259568
0.3237553 0.4237958 0.5227928
0.08862484 0.322107 0.5216099
0.1824406 0.1878527 0.5346892
0.1416386 0.3447472 0.6091936
0.1496903 0.3481324 0.6143645
0.359946 0.3623865 0.5401276
0.3273025 0.3310676 0.6036863
0.293238 0.4098059 0.5893561
0.1361991 0.3412228 0.6047867
0.148649 0.3465167 0.6134854
0.08823258 0.320042 0.5127388
0.2108171 0.3735265 0.6299265
0.3332436 0.3370498 0.596735
0.2594537 0.2650734 0.6289824
0.3352923 0.339159 0.5940131
0.1984281 0.2055266 0.5812296
0.2015981 0.20869 0.5865288
0.1306518 0.3377002 0.599693
0.1495983 0.3458549 0.6138207
0.2520678 0.2580204 0.6272817
0.200285 0.2076725 0.5846419
0.1777154 0.1860003 0.5032604
0.1639694 0.3516582 0.621083
0.2612078 0.2675699 0.6293246
0.1829378 0.3598905 0.6272412
0.09205902 0.3197305 0.5320135
0.2482166 0.2555554 0.6262683
0.205329 0.3696628 0.6299812
0.2885083 0.4062953 0.5950578
0.2794755 0.2859922 0.6293777
0.3624623 0.3668408 0.519273
0.2441382 0.2523034 0.6248824
0.3261641 0.422722 0.5078774
0.08941045 0.3173438 0.5126279
0.2585538 0.266306 0.6290092
0.296842 0.3036674 0.624481
0.3407251 0.3462059 0.5847316
0.1790893 0.1901415 0.5316449
0.2821985 0.2897989 0.6288426
0.3253312 0.421888 0.5186115
0.2358595 0.2451007 0.6211774
0.08929443 0.3161893 0.5031599
0.2016006 0.2121275 0.5891423
0.3518555 0.3572941 0.5619283
0.2174924 0.2279109 0.6080883
0.243294 0.3848121 0.6241263
0.242144 0.2518587 0.6243649
0.1279643 0.332785 0.5957912
0.1568131 0.3455946 0.6171658
0.3212366 0.3280202 0.6082799
0.2255947 0.3764131 0.6285969
0.19888 0.3641428 0.6295874
0.1785867 0.1911697 0.533013
0.2594773 0.3912705 0.6172995
0.1597125 0.3459087 0.6184583
0.3228565 0.4196604 0.5339463
0.2128466 0.2242633 0.6039209
0.3019744 0.4100935 0.5799347
0.1693544 0.3498606 0.6226345
0.1754365 0.1889635 0.5109401
0.2968172 0.3052968 0.6241409
0.3261122 0.4208852 0.5164074
0.3627636 0.3685755 0.5020639
0.1230174 0.3281413 0.589476
0.1239686 0.3285742 0.5905648
0.1816755 0.195775 0.5492203
0.3268621 0.4209294 0.5093811
0.3261151 0.4204989 0.5176024
0.2638991 0.3919651 0.6151398
0.1246113 0.3274432 0.5906817
0.1434751 0.3359971 0.6079484
0.3004285 0.3095289 0.622283
0.3184407 0.4164183 0.5496969
0.3125093 0.3216332 0.614683
0.3110426 0.3203175 0.6157129
0.1901265 0.2057837 0.5733951
0.102708 0.3167775 0.5556091
0.2761607 0.3966767 0.6072519
0.2802246 0.3985411 0.6040483
0.1267828 0.3273139 0.5926108
0.2537766 0.2662899 0.6285323
0.3034288 0.4087076 0.578972
0.1928527 0.2087231 0.5789265
0.2105376 0.2257551 0.603436
0.2073149 0.3638535 0.6299698
0.3216652 0.4169329 0.5412915
0.1110598 0.3182553 0.5703682
0.1314113 0.3276845 0.5967062
0.1087789 0.3165148 0.5658096
0.3601657 0.3678418 0.5248867
0.2204305 0.2358375 0.6127956
0.2466086 0.2607453 0.6268382
0.3277321 0.4191351 0.5088753
0.2455858 0.3804166 0.6240488
0.09484246 0.3094351 0.5241556
0.2961757 0.4040663 0.5890319
0.3155687 0.3262281 0.6116443
0.3609663 0.3691602 0.515416
0.355815 0.3646282 0.544283
0.3561006 0.3651206 0.5427482
0.3258352 0.3371361 0.6012396
0.3020126 0.3148775 0.6204331
0.3462541 0.3563034 0.5699815
0.3156233 0.4125341 0.5588261
0.3515658 0.3613131 0.5569584
0.1089698 0.3144251 0.5645691
0.2845957 0.2987472 0.6275324
0.2167063 0.3652638 0.6298473
0.1891868 0.209717 0.5762537
0.1025017 0.310793 0.5494395
0.1822366 0.204067 0.5620728
0.1843773 0.349218 0.6265408
0.3281967 0.4179168 0.5102522
0.2699532 0.3899282 0.6125972
0.321627 0.3339201 0.6052681
0.275744 0.3923878 0.6087285
0.1687667 0.3409362 0.6210324
0.0990355 0.3074037 0.5363272
0.1097129 0.3116449 0.5636342
0.1713042 0.1945948 0.5184823
0.1038695 0.3086145 0.5501422
0.3285265 0.4170813 0.5110397
0.3315766 0.343581 0.593669
0.2314371 0.2517127 0.621684
0.3596439 0.3704314 0.5162367
0.3582144 0.3692907 0.5270344
0.1707812 0.1966993 0.5246884
0.1288038 0.3201739 0.5913836
0.2965959 0.3126746 0.6225137
0.09947976 0.3058453 0.5353611
0.3170363 0.411259 0.55738
0.3288239 0.4169081 0.5084895
0.2975401 0.4016685 0.5888222
0.3291284 0.416898 0.5014451
0.359307 0.3707423 0.5165298
0.3590248 0.3704989 0.5192135
0.09548414 0.3029181 0.5027216
0.3111587 0.4079594 0.5694048
0.328345 0.416316 0.5158281
0.3298248 0.3437459 0.5947859
0.1035217 0.3064659 0.5470368
0.09761655 0.3035598 0.5239565
0.2280504 0.2510203 0.6205292
0.1894936 0.2160156 0.58211
0.296386 0.3140171 0.6222439
0.1332119 0.320178 0.5952279
0.2260199 0.3655465 0.629154
0.1682034 0.1976354 0.5168574
0.1413666 0.323539 0.6027066
0.3267003 0.414677 0.5285122
0.3384389 0.3528324 0.5812781
0.1065735 0.3060052 0.5531124
0.3384946 0.3529879 0.5810957
0.2020386 0.2299193 0.6007541
0.3328933 0.348534 0.5893118
0.2768378 0.2977773 0.6286271
0.2542515 0.3785041 0.6216429
0.3380635 0.3535013 0.5810634
0.354587 0.3687421 0.5386929
0.2527094 0.277431 0.6293781
0.2629935 0.3824837 0.617577
0.298209 0.3999164 0.5890052
0.1017613 0.3023947 0.5371818
0.2948416 0.316007 0.6221749
0.1988523 0.2316585 0.5997576
0.3331037 0.3515856 0.5869312
0.169962 0.2069508 0.5465894
0.3568543 0.3729592 0.5189582
0.3254086 0.4129477 0.5360221
0.3083379 0.4044319 0.5754945
0.2431935 0.2726745 0.6279551
0.3288388 0.3484916 0.5924296
0.1908381 0.2265996 0.5911318
0.2888673 0.3133292 0.6242673
0.3152279 0.4074748 0.5636424
0.3052505 0.3278149 0.6153007
0.2601605 0.3795513 0.6193146
0.3532953 0.3703389 0.5383696
0.3239582 0.3444507 0.5982904
0.1664196 0.205592 0.5359931
0.177595 0.2154657 0.5692733
0.1690315 0.2087818 0.5479105
0.3204811 0.4094779 0.55245
0.2912813 0.3946524 0.5973101
0.1182944 0.3072974 0.572968
0.1024127 0.2992326 0.5342677
0.177353 0.3370178 0.6232064
0.1362511 0.316196 0.5960987
0.1127422 0.3041375 0.5625351
0.2870907 0.3922479 0.6013793
0.3079002 0.4027715 0.5770629
0.3562163 0.3735262 0.5196419
0.1919329 0.229118 0.5935944
0.163364 0.3295602 0.6166788
0.2926245 0.3949627 0.5961076
0.2723405 0.299847 0.6289012
0.2021223 0.2381192 0.605016
0.09900001 0.295947 0.5042092
0.1221943 0.3077188 0.578105
0.1817188 0.2208937 0.5788932
0.2786028 0.3059292 0.6274575
0.2524412 0.3735571 0.6230218
0.1409454 0.3161888 0.5997475
0.1643404 0.2059765 0.5310987
0.3033182 0.3989944 0.5843746
0.3525559 0.3711163 0.5385057
0.3449183 0.3645265 0.5623374
0.3166864 0.3398862 0.6050305
0.170475 0.2123179 0.5557626
0.1591435 0.3241559 0.6134127
0.3043834 0.3295758 0.6150337
0.351473 0.3706614 0.5419327
0.1773907 0.2192809 0.5728877
0.2417932 0.2755688 0.6281058
0.2819096 0.3106815 0.6262003
0.1691993 0.3284285 0.6188625
0.3070414 0.3327585 0.6127837
0.2857817 0.3886995 0.6035525
0.2827503 0.3118713 0.6258421
0.1669231 0.2124713 0.5499644
0.2422513 0.3659585 0.6266131
0.1726208 0.2175122 0.565303
0.3477529 0.3687967 0.552293
0.3270934 0.3511581 0.5919937
0.1052188 0.2942045 0.5349955
0.3368489 0.3596463 0.576942
0.1383058 0.3109044 0.5955563
0.349647 0.3706922 0.5457311
0.1795717 0.2244852 0.5798448
0.1921251 0.3388921 0.6270623
0.3230348 0.4073393 0.5494117
0.2686625 0.3011885 0.6291351
0.3275246 0.4094962 0.5349227
0.354855 0.3752649 0.5188847
0.3243981 0.4077877 0.5458157
0.3515328 0.372446 0.5381892
0.1983735 0.240979 0.6043131
0.2333843 0.271049 0.6261436
0.1125297 0.2958403 0.5546257
0.316251 0.3424566 0.6040304
0.2825145 0.3852692 0.6068086
0.2850254 0.3160674 0.6246005
0.2242783 0.2641178 0.6227337
0.1060839 0.2915323 0.5332429
0.3534733 0.3746557 0.5269515
0.3305363 0.4102692 0.5212822
0.2788387 0.3114093 0.626644
0.1287325 0.3032143 0.5828304
0.3318423 0.4108199 0.5094244
0.3275275 0.4085245 0.5365006
0.347272 0.3699402 0.5514223
0.1644291 0.2145672 0.5486717
0.3273857 0.4081815 0.537465
0.1625215 0.2130798 0.5421952
0.1760414 0.3274762 0.6211934
0.1988253 0.2441123 0.6060407
0.1120546 0.2928613 0.5505203
0.3476128 0.3705755 0.549835
0.295781 0.390839 0.5952834
0.1152069 0.2933639 0.557147
0.1407059 0.3070084 0.5958287
0.1590249 0.210458 0.5262421
0.3069211 0.3962173 0.5820983
0.3545495 0.3766157 0.5137969
0.1919309 0.2388908 0.5993544
0.3278435 0.3541338 0.5894247
0.2761176 0.3106718 0.6272084
0.336504 0.361929 0.5752549
0.3546825 0.3773276 0.5067008
0.3516684 0.3748823 0.5322093
0.173474 0.2250596 0.57403
0.3283843 0.4072961 0.5358948
0.1561747 0.3141459 0.6090018
0.3399108 0.3653206 0.5680048
0.3240514 0.4047665 0.5501635
0.1710293 0.2232801 0.5694743
0.1067795 0.2869627 0.5267329
0.3470016 0.3715083 0.5495086
0.1633402 0.2176914 0.5515071
0.2215159 0.3490741 0.6299594
0.2983167 0.3905459 0.5932966
0.1902501 0.2405798 0.5991877
0.2137436 0.2603435 0.618556
0.1769146 0.2296772 0.5815276
0.1214295 0.2936513 0.567412
0.328145 0.4063219 0.538166
0.1548801 0.2117463 0.5093366
0.3319187 0.3602405 0.5813458
0.3317751 0.3606005 0.5811967
0.1232479 0.2944362 0.5705615
0.2773233 0.3166475 0.6261133
0.2197607 0.269322 0.6226934
0.3240998 0.4037701 0.5511883
0.1626166 0.2226108 0.5571281
0.3090247 0.3431822 0.6076432
0.3150061 0.3986537 0.5707457
0.2326785 0.3535464 0.6291096
0.1911442 0.3307309 0.6259494
0.3053185 0.3932791 0.5854328
0.2459941 0.2919414 0.6297322
0.1100131 0.285713 0.5357713
0.2742736 0.3758745 0.6140468
0.1119334 0.2865574 0.5423972
0.2576448 0.3023552 0.6297965
0.1099972 0.2853165 0.5350471
0.306364 0.3421203 0.6094432
0.273156 0.3747703 0.614861
0.1518019 0.217694 0.5211878
0.3475906 0.3764656 0.5396278
0.3335753 0.4080051 0.5064164
0.3240897 0.357652 0.5901029
0.1064875 0.2822521 0.5082138
0.2262082 0.2795385 0.6261213
0.1268347 0.293121 0.5743002
0.3000011 0.3389651 0.6135879
0.2563114 0.3647286 0.6232705
0.1612533 0.227402 0.5609824
0.1596364 0.22692 0.5579455
0.1100579 0.2826049 0.5301827
0.33372 0.407136 0.5108569
0.111324 0.2828198 0.5348656
0.1699417 0.2352315 0.5791439
0.2223442 0.2775986 0.6249889
0.1486812 0.218951 0.5049993
0.345633 0.3766224 0.5438361
0.2573982 0.3636903 0.6231214
0.3337517 0.4065716 0.5134947
0.2097951 0.268476 0.619474
0.1911111 0.3263997 0.6253853
0.1567063 0.2268248 0.5529675
0.1498141 0.2214672 0.5256269
0.2125951 0.3381812 0.6296279
0.2850358 0.3292997 0.621776
0.1110607 0.2809684 0.5304947
0.2175927 0.3409489 0.6299348
0.227346 0.2839701 0.6269788
0.217436 0.3405379 0.6299236
0.2708843 0.3704503 0.6169375
0.1122916 0.280598 0.5339711
0.3343869 0.4062018 0.509268
0.1445436 0.2986093 0.5951847
0.2958532 0.338298 0.615548
0.3449816 0.3773814 0.5439407
0.2759383 0.3228965 0.625367
0.3059035 0.3895966 0.5868843
0.3292301 0.4028111 0.5405599
0.2269661 0.2842057 0.6269454
0.3213105 0.3588406 0.5915653
0.1944938 0.3258705 0.6260893
0.3283408 0.3646113 0.5813828
0.2883046 0.3791127 0.6053115
0.3288086 0.4020941 0.5426941
0.1523245 0.300984 0.601993
0.1687365 0.2390201 0.5809535
0.2564971 0.3604721 0.6238999
0.2835924 0.3758807 0.6092074
0.2575637 0.3609128 0.6235306
0.2154603 0.2762996 0.623047
0.1524035 0.2268393 0.5446652
0.1455671 0.2227946 0.5031542
0.3301141 0.4022366 0.539062
0.3237277 0.3985131 0.5574841
0.1509233 0.298899 0.600171
0.1845422 0.3182631 0.6223047
0.1101594 0.275224 0.5000657
0.201984 0.2669278 0.6161775
0.1827647 0.2522336 0.6004471
0.1177083 0.2788087 0.545786
0.3491987 0.3827166 0.5164142
0.2340209 0.3459084 0.629387
0.2959822 0.3414278 0.6144767
0.2521217 0.355978 0.6256577
0.3205851 0.3956913 0.5652012
0.2913488 0.378649 0.6035275
0.2100549 0.3312201 0.6290736
0.1140237 0.2752191 0.5292834
0.1128146 0.2743776 0.5219868
0.2662975 0.3186396 0.6277311
0.1446315 0.2242325 0.5069141
0.3465885 0.3810607 0.5324594
0.1482632 0.2946593 0.5963368
0.3296727 0.400534 0.5427874
0.210443 0.2755716 0.621457
0.1256342 0.2812963 0.5632641
0.3305854 0.3687616 0.5756813
0.1159206 0.2752383 0.5356685
0.1329187 0.285119 0.5761669
0.2897025 0.3768937 0.6052395
0.1708172 0.2450531 0.5872577
0.2201056 0.3356827 0.6299199
0.1933424 0.2629224 0.611033
0.3459623 0.3810067 0.5344434
0.1574744 0.2354439 0.5646275
0.3349729 0.402983 0.5192429
0.3458722 0.3811005 0.5344942
0.1658603 0.2424605 0.5807595
0.3344369 0.4025958 0.5232192
0.1802797 0.3118052 0.6195799
0.3231273 0.3958289 0.5611303
0.330376 0.4000589 0.5417218
0.2118052 0.3299948 0.6291774
0.3279307 0.3678216 0.5792859
0.3405258 0.3777447 0.5522073
0.152011 0.2943035 0.599016
0.1206401 0.2756539 0.5482045
0.2187163 0.2851808 0.6254935
0.1683507 0.2468016 0.5862654
0.2452479 0.3055662 0.6299992
0.2146109 0.3309439 0.6294721
0.1333302 0.2826759 0.574927
0.1982632 0.3211244 0.6263053
0.2329606 0.3416791 0.6296483
0.3365571 0.4026206 0.5081121
0.1136795 0.269771 0.5085137
0.1417125 0.2864321 0.5864264
0.1601734 0.2410695 0.5734936
0.2883458 0.3390686 0.6182027
0.306619 0.3530667 0.6046464
0.1419466 0.2283857 0.5122867
0.1137502 0.2691087 0.5002713
0.1282579 0.2775282 0.5638716
0.1302387 0.2786608 0.5677568
0.1711272 0.2508891 0.5912737
0.3289887 0.37055 0.5759327
0.1773786 0.3067842 0.6172941
0.1144265 0.2685733 0.5089056
0.2959776 0.3772953 0.6009403
0.34838 0.3852508 0.5061877
0.1644022 0.2461784 0.5821247
0.2843118 0.3369073 0.6201693
0.3480031 0.3852625 0.5106984
0.1148037 0.2679171 0.5086857
0.3350594 0.4005517 0.5258773
0.1877682 0.2643614 0.6087878
0.1469734 0.233674 0.5443013
0.1434472 0.2316837 0.5310698
0.2772556 0.3328194 0.6231993
0.2259924 0.3338529 0.6299992
0.1921909 0.269769 0.6129354
0.2061565 0.2808538 0.6213747
0.172434 0.3006485 0.6134592
0.1732165 0.2571168 0.5964522
0.22516 0.2957868 0.628055
0.3333232 0.3773299 0.5641883
0.3037417 0.3558063 0.6051335
0.1500593 0.2856733 0.5934626
0.3411565 0.3833814 0.5422472
0.2331351 0.3047125 0.6295599
0.1226356 0.2684908 0.5428948
0.1206041 0.2671399 0.5351515
0.2138024 0.3242172 0.6290277
0.1381213 0.2352448 0.5204107
0.2198747 0.3276414 0.6296947
0.1698528 0.2585705 0.5947525
0.2731614 0.3357873 0.6237056
0.15711 0.2881543 0.6000106
0.3181681 0.3683981 0.5881587
0.1448865 0.2432052 0.5540434
0.3446575 0.3877731 0.5205888
0.3152267 0.3855445 0.579769
0.2998064 0.3553751 0.6075478
0.1547991 0.2510952 0.5758494
0.2368749 0.3103559 0.6299274
0.1273555 0.2677571 0.5521286
0.2754709 0.360064 0.6175888
0.2645321 0.3532266 0.622845
0.2691968 0.3561294 0.6208028
0.1590827 0.2544401 0.5828878
0.1458218 0.278945 0.5859852
0.2335359 0.333636 0.6298676
0.3402772 0.3850387 0.5414733
0.2036361 0.31489 0.6266263
0.3417407 0.3862787 0.5352875
0.338877 0.3992379 0.5030534
0.3031881 0.3586565 0.6042299
0.3368604 0.3832261 0.551476
0.2368794 0.3353894 0.6296428
0.3375556 0.3983351 0.5205526
0.1259693 0.2655283 0.5463734
0.2043319 0.3139249 0.6266441
0.3312021 0.3937559 0.5486604
0.1788424 0.2978052 0.6155812
0.1435096 0.2754444 0.5814508
0.1199085 0.2605698 0.5142412
0.3380957 0.3844897 0.5472376
0.2405723 0.3152256 0.6299914
0.3447976 0.3895026 0.511604
0.3363438 0.3967644 0.5299481
0.273581 0.3388443 0.6229994
0.3196544 0.3860208 0.5743274
0.133999 0.2399386 0.5162032
0.3319709 0.3806536 0.5626646
0.1335812 0.2398966 0.5129719
0.1343593 0.2406365 0.5210255
0.3119362 0.3807515 0.5861952
0.335356 0.3834626 0.5539301
0.2759508 0.3578683 0.6179452
0.3171007 0.383797 0.5789138
0.1803982 0.2968073 0.6159801
0.3369071 0.3962806 0.529016
0.3074732 0.3637812 0.5990842
0.1415941 0.2719031 0.5768769
0.3439378 0.3896185 0.5172764
0.1491943 0.2532265 0.5709867
0.2187796 0.3206642 0.6292934
0.2283047 0.3090073 0.6294348
0.2359817 0.3315505 0.6298209
0.2069809 0.2943304 0.6243238
0.1313359 0.2422338 0.506434
0.1264421 0.261506 0.5414984
0.3288314 0.380379 0.5673803
0.3317906 0.3924824 0.5491167
0.2924891 0.3673609 0.6070765
0.1528072 0.2779984 0.591746
0.3432497 0.3907046 0.5168141
0.3035616 0.3632054 0.6019792
0.2905166 0.3658864 0.6087266
0.2730849 0.3546932 0.6197703
0.3291879 0.3905969 0.5563432
0.1926447 0.3030611 0.6219493
0.3310705 0.3917372 0.5515185
0.2054407 0.2949416 0.6240413
0.3086746 0.3668591 0.5966799
0.1309485 0.2633358 0.5536427
0.1429142 0.2709386 0.5776793
0.2915213 0.3662297 0.6080438
0.1360672 0.2468342 0.5411111
0.2451996 0.336432 0.6288549
0.3244089 0.3872167 0.5671602
0.1471155 0.2548645 0.5697985
0.1659972 0.2680858 0.5969355
0.1278464 0.2601651 0.5428345
0.2965998 0.358986 0.6079066
0.2565723 0.3315066 0.6277753
0.3078704 0.3755555 0.5927512
0.3427035 0.3914764 0.5168826
0.2610873 0.3450178 0.6251377
0.2073988 0.3100351 0.6267564
0.3326946 0.3912897 0.548837
0.3434486 0.3921022 0.505863
0.2937092 0.365894 0.6069173
0.2426632 0.3227404 0.6297823
0.1802754 0.2918801 0.6145359
0.2452051 0.3340607 0.6290199
0.1824321 0.2813613 0.6122614
0.1340076 0.248158 0.5381739
0.139854 0.2650406 0.5692616
0.2957807 0.3667262 0.6053689
0.1987345 0.2929897 0.6217652
0.3298874 0.3888883 0.5570458
0.3413835 0.3912278 0.5244995
0.3319021 0.3900951 0.551966
0.2594824 0.3350874 0.6268654
0.1895839 0.2873513 0.6171917
0.1398661 0.2638668 0.5682468
0.330093 0.3836927 0.5623035
0.159023 0.2761226 0.5957743
0.1311525 0.2575795 0.5465502
0.3355952 0.3919441 0.5413035
0.3175004 0.3750809 0.5844409
0.3360021 0.3920823 0.5400407
0.1321858 0.2578967 0.5491704
0.2613037 0.3428351 0.6254184
0.1372997 0.2518925 0.5513199
0.3391284 0.3939011 0.5263997
0.2423322 0.329854 0.6295145
0.1465288 0.2585252 0.5722416
0.1285383 0.2462903 0.5065283
0.1962928 0.2927121 0.620931
0.1652534 0.2720466 0.598369
0.18037 0.2824814 0.6116303
0.2942619 0.3637283 0.6074159
0.3049009 0.3673296 0.5991614
0.2457131 0.327253 0.6293893
0.128981 0.2483527 0.5208964
0.1892837 0.2896991 0.6177011
0.1251723 0.2514301 0.5079194
0.33685 0.3917902 0.5383118
0.2509089 0.3347156 0.6282828
0.299904 0.3647002 0.6036579
0.2623511 0.3397227 0.6256483
0.1281094 0.2528127 0.5297633
0.3165415 0.377903 0.5835145
0.1267396 0.2490638 0.5077443
0.1522942 0.2685525 0.5857678
0.204652 0.301658 0.624983
0.3153755 0.3760896 0.5858178
0.2402023 0.3257017 0.6298032
0.2590874 0.3389999 0.6264336
0.342123 0.3942534 0.5022606
0.2666884 0.343731 0.6239522
0.3255021 0.3833036 0.5691593
0.1883219 0.2913405 0.6177567
0.8931203 0.5001158 0.6074868
0.9430054 0.5003529 0.5420668
0.8859396 0.5004932 0.6120354
0.7420595 0.5003265 0.6040448
0.7745358 0.500385 0.6217909
0.9031438 0.5007057 0.5999351
0.7835079 0.5007202 0.6247734
0.6998429 0.5005093 0.549623
0.9007927 0.5012929 0.601844
0.793255 0.5010079 0.6272194
0.848282 0.5012438 0.6268858
0.8158972 0.5011401 0.6299353
0.7883091 0.5010945 0.6260786
0.9238037 0.5016459 0.5782568
0.778882 0.5012206 0.623327
0.8711177 0.5017254 0.6195264
0.888947 0.5021478 0.6102065
0.9247333 0.5029395 0.5769988
0.9499051 0.5031816 0.5046623
0.7530228 0.5020261 0.6114233
0.8050823 0.5026786 0.6291426
0.7696568 0.5026302 0.6198618
0.9374927 0.5046223 0.5555851
0.6949397 0.5021937 0.535539
0.7157912 0.5024505 0.5777395
0.783252 0.5038981 0.6247059
0.9267857 0.5060948 0.5740778
0.6979903 0.5031053 0.5449396
0.9489715 0.507131 0.5158662
0.9498324 0.507241 0.5053285
0.9497478 0.5072774 0.5070865
0.6920428 0.5031433 0.5230987
0.8828642 0.506278 0.6137612
0.940557 0.5075008 0.548483
0.9141459 0.5071322 0.5895822
0.9380879 0.507593 0.5542189
0.7353105 0.5040837 0.5986595
0.9127349 0.5074221 0.5910378
0.7486545 0.5044948 0.6086996
0.8550206 0.5065269 0.6251773
0.7328706 0.5044208 0.5965183
0.9403826 0.5084791 0.5488709
0.8793672 0.5074173 0.6156154
0.9479578 0.5088241 0.5224624
0.9448195 0.5087812 0.5360342
0.8512912 0.5074827 0.6261581
0.9394169 0.509549 0.5511352
0.7807771 0.5061117 0.6239628
0.6935197 0.5042222 0.5302387
0.7538046 0.5056553 0.6119218
0.7402953 0.5055019 0.6027482
0.9156979 0.5096649 0.5878657
0.8197732 0.5079194 0.6299999
0.7913482 0.5073157 0.626824
0.692238 0.5048704 0.5243441
0.7740527 0.5072978 0.621646
0.8727577 0.5100533 0.6187531
0.9496623 0.5123654 0.5066012
0.7060977 0.5058033 0.5628081
0.6985654 0.5055957 0.5466132
0.7063456 0.5060409 0.5632674
0.7533388 0.5076004 0.6116757
0.9014528 0.5121835 0.6011696
0.8627719 0.5114173 0.6226995
0.6903198 0.5060723 0.5103998
0.756997 0.5083841 0.6137885
0.945413 0.5147372 0.5333223
0.9041333 0.5133912 0.5989152
0.8865228 0.5129327 0.6115612
0.8117962 0.5106333 0.6297522
0.9494435 0.5154908 0.5086725
0.7648462 0.5091306 0.6177939
0.9268317 0.5148125 0.5737022
0.7358956 0.50837 0.5992542
0.7601191 0.5095765 0.6154788
0.8830646 0.5144904 0.6135263
0.9039448 0.5155632 0.5990094
0.6988447 0.5077504 0.547518
0.6907696 0.5076077 0.5154485
0.9447251 0.5179648 0.5353983
0.6899886 0.5078646 0.5062702
0.7942029 0.5122858 0.6274663
0.9041593 0.5169025 0.5987806
0.9291892 0.518604 0.5699253
0.9198176 0.5183558 0.5828022
0.7975307 0.5133917 0.628096
0.9128301 0.5187955 0.5905704
0.7247154 0.5103261 0.5886903
0.6903996 0.5088182 0.5125136
0.7211764 0.5103236 0.5847434
0.7408679 0.5115042 0.6033514
0.9493366 0.5215377 0.5061903
0.9413639 0.5219176 0.5451497
0.9350514 0.5217228 0.5594823
0.9267326 0.5217584 0.5734133
0.793097 0.5152931 0.6272695
0.8083385 0.516985 0.6295171
0.7739618 0.5151019 0.6217317
0.8255248 0.5182441 0.6298598
0.8756579 0.5215577 0.617188
0.7403412 0.5141 0.6030541
0.9489354 0.5265524 0.5085282
0.7911893 0.5173457 0.6268835
0.7531309 0.5154871 0.6117659
0.7874681 0.5179748 0.6260075
0.7372072 0.51489 0.6006103
0.8276019 0.5207375 0.6297375
0.6975088 0.5125422 0.5446452
0.8561945 0.5228152 0.6246458
0.7034656 0.5133758 0.558497
0.7173241 0.5145191 0.5803548
0.733796 0.5157803 0.5977768
0.9453173 0.5303236 0.530595
0.7140009 0.5147292 0.575969
0.7001324 0.5138828 0.5514472
0.9479796 0.5311122 0.5156162
0.7086753 0.5145322 0.5679638
0.6898219 0.5133407 0.5086804
0.7291159 0.5163102 0.5935155
0.6971022 0.514205 0.5438353
0.8040931 0.5219922 0.6291186
0.7194966 0.5161827 0.5831773
0.6901102 0.5141386 0.5128359
0.7440498 0.5185277 0.6060083
0.7595233 0.5198088 0.6154699
0.7086817 0.515978 0.5681458
0.8510065 0.5270376 0.6259882
0.9483284 0.5348849 0.5090654
0.8621355 0.528549 0.6225914
0.6899268 0.5151057 0.5116887
0.9261453 0.5341494 0.5730841
0.9177232 0.5337557 0.5841557
0.9462259 0.5361105 0.5244259
0.8403133 0.5279264 0.628217
0.8983467 0.5330169 0.6026932
0.8806021 0.5317461 0.6143042
0.7220922 0.5185494 0.5863996
0.7799352 0.5234819 0.6239864
0.9267119 0.5364399 0.571963
0.6902103 0.5163442 0.5153649
0.8185999 0.5277447 0.6299999
0.9157128 0.5362737 0.5862218
0.6963573 0.517199 0.5424007
0.8768049 0.5334319 0.6162018
0.8380363 0.5300428 0.628549
0.7403046 0.5213894 0.6034368
0.9082991 0.5363992 0.5938866
0.8283817 0.529507 0.6296372
0.8915296 0.5353988 0.6074826
0.7030333 0.5183911 0.558417
0.6992072 0.5182912 0.5501084
0.7453145 0.5228847 0.607145
0.942946 0.5416933 0.5360419
0.9107485 0.5387592 0.59127
0.8655235 0.5347579 0.6211395
0.6905185 0.5186738 0.5192391
0.8371105 0.5333591 0.6286397
0.8263568 0.5323493 0.6297563
0.7198189 0.5218402 0.5841393
0.908574 0.5407276 0.59323
0.752928 0.5253535 0.612115
0.8866966 0.5388264 0.6104012
0.7394622 0.5240433 0.6029862
0.9369192 0.5438879 0.5520664
0.8774638 0.5379943 0.6156506
0.9475718 0.5451189 0.5064441
0.850456 0.5353376 0.6259406
0.9468278 0.5453653 0.5150591
0.9228641 0.543142 0.5765675
0.8241009 0.5333108 0.6298702
0.9053141 0.5418856 0.5961694
0.8095112 0.5335925 0.6297105
0.807564 0.5334002 0.6295649
0.9044605 0.5446858 0.5966677
0.8155779 0.5348671 0.6299759
0.931375 0.5478737 0.5624393
0.8110075 0.5351186 0.6298105
0.7447885 0.5276583 0.6071219
0.7644306 0.5298851 0.6183059
0.6969644 0.5224506 0.5455462
0.7118639 0.5241526 0.574172
0.9314883 0.5495616 0.5618846
0.7582392 0.5296885 0.6152945
0.6992899 0.5231013 0.5514728
0.9213457 0.5489547 0.5777593
0.9468786 0.5519898 0.5052824
0.9461635 0.552255 0.5142815
0.9462435 0.5531526 0.5124978
0.7459672 0.5293641 0.6080496
0.8845214 0.5463538 0.6112205
0.9014325 0.5483958 0.5989287
0.8856497 0.5469775 0.6104884
0.7111912 0.5257412 0.5734734
0.820458 0.5392471 0.6299687
0.9220678 0.5517945 0.5763271
0.9418812 0.5547971 0.5347627
0.8639696 0.5453866 0.6212882
0.8205782 0.5402161 0.6299633
0.7072359 0.526095 0.5674585
0.8326986 0.5422747 0.6290877
0.8023874 0.5388712 0.6291172
0.6983064 0.5256087 0.5498874
0.8613937 0.5468172 0.6221779
0.9391671 0.5569054 0.5425521
0.7068709 0.5270694 0.5670649
0.7526544 0.5332511 0.6124868
0.6991282 0.5262694 0.5520009
0.7106633 0.5279989 0.5731241
0.944746 0.5591994 0.5185574
0.9131423 0.5559318 0.58665
0.7338656 0.5316877 0.5992191
0.7494682 0.5343171 0.6106849
0.7213795 0.5307279 0.5871098
0.8883555 0.5540597 0.6081738
0.7258695 0.5315468 0.5919096
0.942481 0.561931 0.5286926
0.9044501 0.5567076 0.5953118
0.9319988 0.5608537 0.5581611
0.8565221 0.5505149 0.6236663
0.6881477 0.5267428 0.5031729
0.8824542 0.5546638 0.6117984
0.9449938 0.5641894 0.5101957
0.8493482 0.5506216 0.6257427
0.7005692 0.5295062 0.5561005
0.7019582 0.529978 0.5590225
0.8333528 0.5494844 0.6288829
0.7132853 0.5323049 0.5776224
0.8801664 0.5580123 0.6128321
0.7163531 0.5331267 0.5816922
0.7220706 0.534012 0.588376
0.6976797 0.5303032 0.5499733
0.798816 0.5458513 0.6287912
0.758827 0.5397525 0.6162754
0.9274303 0.565703 0.5652292
0.7675804 0.541243 0.6203058
0.8689156 0.5569831 0.6185754
0.7085763 0.5323009 0.5709411
0.912533 0.5643025 0.5859705
0.7959577 0.5461758 0.6283796
0.9221339 0.5664176 0.5733548
0.8900753 0.5619358 0.6062108
0.6906056 0.5302882 0.5277537
0.8020737 0.5481229 0.6292312
0.9443628 0.5708493 0.5025238
0.9045311 0.5645493 0.5941441
0.7908312 0.5465609 0.6274815
0.7577596 0.5413126 0.6158655
0.6890312 0.530472 0.5195048
0.7732499 0.5442116 0.6226134
0.7915552 0.5472926 0.6276447
0.9195153 0.5681007 0.5766393
0.9363054 0.5709793 0.5447875
0.734537 0.5384605 0.6006066
0.7825152 0.5467165 0.6255699
0.7757313 0.5456314 0.6235243
0.9185084 0.5696797 0.5776395
0.9037223 0.5674056 0.5944649
0.8691663 0.5618339 0.6181124
0.7196385 0.5368956 0.586231
0.6914977 0.5321859 0.5327148
0.6881741 0.5316717 0.5145857
0.6923417 0.5326432 0.5360277
0.7128083 0.5361556 0.57781
0.9417807 0.5756764 0.521466
0.7119817 0.5363263 0.5767466
0.7541473 0.5436169 0.6141884
0.6925493 0.5330705 0.5369734
0.687552 0.5322502 0.508894
0.8919452 0.5676032 0.6042
0.9290903 0.5741704 0.5597537
0.7292908 0.5396968 0.5963277
0.8520092 0.5609593 0.6245494
0.9363091 0.5762504 0.542311
0.7813938 0.5492236 0.6253843
0.814531 0.5557488 0.6299987
0.9146187 0.5739294 0.5816518
0.9343202 0.5778432 0.5469109
0.7899461 0.5520964 0.6274923
0.9398595 0.5798743 0.5275238
0.8162429 0.5574741 0.6299922
0.69593 0.5356262 0.5478905
0.8791002 0.5690284 0.6123901
0.6876858 0.534286 0.5143256
0.9423881 0.5809885 0.5082131
0.9373741 0.5800792 0.5369288
0.8080418 0.5565366 0.6298214
0.8979675 0.573057 0.5986907
0.938445 0.5808987 0.5326008
0.8585546 0.5663188 0.6220967
0.9285316 0.5795056 0.5589917
0.7598737 0.5482482 0.6174698
0.688408 0.5349962 0.520526
0.9060572 0.5755504 0.5908085
0.7760056 0.5515787 0.6239438
0.9230908 0.5792289 0.56857
0.9422299 0.5832621 0.5001765
0.8541774 0.5669806 0.623545
0.8988741 0.5755528 0.597518
0.6877631 0.535576 0.516904
0.7174025 0.5412885 0.5845934
0.6953297 0.5374434 0.5472379
0.8226485 0.5618964 0.6297197
0.8547291 0.5684706 0.623273
0.7001974 0.5387338 0.5585074
0.8908623 0.5756462 0.6039135
0.8528339 0.5683446 0.6238881
0.6867034 0.5362002 0.5068479
0.7983539 0.5580196 0.6290045
0.7880745 0.5561133 0.627268
0.7425467 0.5475034 0.6076734
0.7787984 0.5550898 0.6249703
0.8986367 0.5787917 0.5971797
0.9000577 0.5794711 0.5958021
0.9268929 0.5849283 0.5601279
0.8611867 0.5721647 0.6206841
0.8006698 0.5603507 0.6293144
0.71434 0.5430494 0.5813767
0.910799 0.5826696 0.5842147
0.9088873 0.5824001 0.5864301
0.6893598 0.538301 0.5286421
0.9104464 0.5830569 0.5845301
0.6864024 0.5378708 0.5073971
0.7962873 0.5603765 0.6287999
0.687399 0.5381999 0.5180045
0.7232862 0.5456007 0.5917425
0.7013549 0.541618 0.5617669
0.6863183 0.538751 0.5089066
0.6885515 0.5392557 0.5258432
0.909656 0.585467 0.5848668
0.708529 0.5435129 0.5738605
0.9348248 0.5908522 0.5383494
0.7755966 0.5577209 0.6241919
0.8986981 0.5839766 0.5961936
0.8716176 0.578393 0.6154314
0.9285322 0.5905409 0.5545686
0.8048133 0.5644122 0.6297247
0.9358417 0.5928549 0.5334487
0.9242634 0.5904758 0.5628396
0.7187282 0.5467264 0.5872886
0.6857632 0.5399063 0.5005824
0.7564481 0.5554742 0.6165327
0.7878366 0.5627139 0.6274924
0.8400171 0.5741699 0.626946
0.7892673 0.5632528 0.6277846
0.6928545 0.5425944 0.5435235
0.6969588 0.5436571 0.5539851
0.9355679 0.5974007 0.5306908
0.8025036 0.5683903 0.6296254
0.8816304 0.5866129 0.6086795
0.7601436 0.5590538 0.6185991
0.9374802 0.5997846 0.5182278
0.7415263 0.5554184 0.6081089
0.6886134 0.5440166 0.5307184
0.8985465 0.5932375 0.5944679
0.7116666 0.5495939 0.5798312
0.9037814 0.5947163 0.589017
0.888633 0.5911829 0.6030994
0.6895248 0.544868 0.534868
0.6933949 0.5466321 0.5473696
0.8838449 0.5926493 0.6062769
0.6932567 0.5466635 0.547044
0.7045642 0.5494485 0.5700005
0.86762 0.5889735 0.6162275
0.7225637 0.5542478 0.5929165
0.8307172 0.5808393 0.6283808
0.8938948 0.5964754 0.5978945
0.7970293 0.5727915 0.6292242
0.8803586 0.5934851 0.6084536
0.8507783 0.5865047 0.6232694
0.9150909 0.6024197 0.5730425
0.684503 0.5457214 0.5046626
0.8955641 0.5987782 0.5959522
0.6907556 0.5478071 0.5410612
0.8964031 0.5993614 0.5950699
0.6874992 0.5473496 0.5294746
0.6859818 0.5469967 0.5217233
0.7862145 0.5726712 0.6276312
0.7000246 0.5509787 0.5632399
0.6906118 0.5488202 0.5413888
0.9350486 0.611585 0.5150072
0.9354997 0.6121374 0.5087504
0.9178535 0.6078789 0.5667501
0.8173205 0.5822393 0.6297655
0.9295746 0.6117077 0.5394759
0.785501 0.5743213 0.6275766
0.8960855 0.603287 0.5944455
0.6902261 0.5498167 0.5410189
0.9323359 0.6132984 0.5280631
0.6848103 0.5484838 0.5165998
0.7316061 0.5607764 0.6020359
0.7577013 0.5680445 0.6184961
0.7244219 0.5592622 0.5957922
0.8981078 0.605498 0.5919987
0.7744652 0.5727736 0.6249013
0.9336591 0.6152543 0.5182443
0.9294732 0.6142065 0.537748
0.7627454 0.5700212 0.6207803
0.7848477 0.5762896 0.6275513
0.9070004 0.6098076 0.5811601
0.9335642 0.6174314 0.5145251
0.685138 0.550207 0.5217063
0.9111104 0.6115586 0.5752908
0.8933861 0.6070586 0.5959678
0.8859332 0.6054842 0.6023998
0.6840565 0.5504051 0.5146983
0.9250538 0.6164998 0.5482105
0.9226277 0.6161757 0.5538889
0.8150967 0.5867453 0.6298211
0.8240778 0.5893508 0.6289905
0.9097219 0.6130109 0.5766188
0.9319174 0.6193907 0.5220597
0.8999698 0.6106487 0.5887489
0.8956616 0.6109591 0.5929112
0.8904694 0.6096085 0.5978732
0.9198722 0.6186082 0.5580823
0.9004203 0.6131732 0.5875417
0.9315743 0.6222006 0.5194188
0.9309434 0.6221199 0.5232038
0.7459799 0.5698067 0.6129808
0.8393757 0.5964603 0.6257894
0.7923957 0.5831338 0.6290097
0.8996217 0.6136366 0.5882413
0.8701108 0.6053586 0.61269
0.9269642 0.6216315 0.5391933
0.7934747 0.5839799 0.629161
0.8232496 0.5927348 0.6289755
0.7264993 0.5651587 0.5989497
0.7205809 0.5636322 0.5933994
0.8607285 0.6046003 0.6175159
0.7966313 0.5861612 0.6295245
0.894448 0.6149013 0.5929927
0.7211783 0.5644668 0.5941732
0.9211144 0.6228911 0.5530585
0.6989853 0.5580771 0.5647756
0.8081706 0.5899962 0.6299958
0.7226231 0.5651005 0.5956376
0.8633011 0.6067664 0.6160107
0.7718617 0.5805687 0.6247851
0.7587306 0.5767273 0.6199448
0.6821739 0.5540974 0.5030794
0.9154869 0.6235154 0.5634617
0.7373329 0.5705665 0.6079744
0.7618806 0.5784318 0.6213506
0.7801807 0.5840127 0.6270592
0.6834455 0.5552086 0.5201623
0.7313119 0.5697895 0.603707
0.8594503 0.6091984 0.6174765
0.8113432 0.5946797 0.6298869
0.7033694 0.562184 0.5733415
0.7634321 0.5811265 0.6221977
0.8008742 0.5927236 0.6298975
0.6827989 0.5563494 0.518247
0.6816735 0.5560255 0.505493
0.8238662 0.5999978 0.628611
0.7399722 0.5742105 0.6102927
0.8351822 0.6037141 0.6262837
0.9250706 0.6317219 0.5356649
0.8738511 0.6159766 0.6086193
0.853938 0.6098874 0.6197465
0.899561 0.6243335 0.5848873
0.8588424 0.6121494 0.6173395
0.6852351 0.5580309 0.5324395
0.8630986 0.614597 0.6149306
0.9117737 0.6299805 0.5663356
0.6970153 0.5622246 0.5635789
0.8953398 0.6249982 0.5891355
0.8949255 0.6255134 0.5893888
0.9288092 0.6364091 0.502098
0.6872858 0.559765 0.5408667
0.8728963 0.6190424 0.608613
0.9258498 0.6359985 0.5275891
0.7388466 0.5763901 0.6100297
0.910203 0.6315246 0.5680396
0.8380288 0.6084569 0.6251993
0.8964895 0.6275333 0.5871124
0.9277457 0.6387351 0.5090884
0.6947808 0.5631974 0.5601962
0.8966221 0.6294551 0.5863099
0.9266845 0.639419 0.5169932
0.9117 0.6347816 0.5639184
0.9071937 0.6333933 0.5716291
0.8853571 0.6264381 0.5978665
0.8652798 0.6199902 0.6128803
0.6936537 0.5636841 0.5584009
0.9222285 0.6388714 0.537481
0.722256 0.5732243 0.5974951
0.9255758 0.640673 0.5214224
0.9267182 0.6410847 0.5120885
0.8594254 0.6194596 0.6159636
0.8605479 0.6201814 0.6152993
0.8154535 0.6052387 0.6293933
0.8728937 0.6245354 0.6074736
0.8359498 0.6122168 0.6254218
0.91976 0.6408 0.5428213
0.7950796 0.5991416 0.6297078
0.89676 0.6335388 0.5846882
0.6800892 0.5606339 0.5024269
0.8073775 0.6036122 0.6299265
0.917787 0.6410531 0.5476415
0.8991489 0.6349895 0.5814044
0.9234366 0.6432046 0.5277815
0.8705182 0.6253989 0.6087925
0.8059638 0.6039741 0.6299618
0.6825576 0.5626575 0.5278172
0.8797315 0.6306237 0.6012241
0.6966414 0.5676432 0.5659162
0.9081951 0.64058 0.5664655
0.6926302 0.5664429 0.558223
0.8801538 0.6315998 0.6006415
0.8868282 0.6340365 0.5943878
0.7308676 0.5801484 0.6057461
0.7759262 0.5958631 0.6269718
0.6831387 0.5637503 0.5316725
0.8312809 0.615616 0.6262801
0.9170456 0.6459883 0.5452803
0.9219326 0.647709 0.5275818
0.7613202 0.5916933 0.6226616
0.7362602 0.5829787 0.6098044
0.9108803 0.6443798 0.5596461
0.6792575 0.5630471 0.5023644
0.8151157 0.6109311 0.6292362
0.7960975 0.6043133 0.6298584
0.6822995 0.5642857 0.5291148
0.6943254 0.568549 0.5625941
0.9205288 0.648516 0.5320641
0.8965241 0.6401618 0.5823787
0.6800972 0.5636941 0.5163209
0.9145548 0.6467391 0.5505742
0.7150005 0.5761302 0.5919289
0.6913517 0.567868 0.5567295
0.8246271 0.6152675 0.6276735
0.8377439 0.6199639 0.6241941
0.8574125 0.627177 0.6156539
0.8554465 0.6268636 0.6166377
0.8871481 0.6383947 0.5927003
0.6867448 0.5668935 0.5458775
0.6995206 0.5716339 0.5723458
0.740578 0.5865747 0.6129739
0.6825182 0.5656846 0.5319124
0.9201604 0.6520147 0.5286021
0.9201736 0.6524976 0.5278058
0.719044 0.5796328 0.5966601
0.8587125 0.630644 0.6143914
0.7734721 0.5996207 0.626736
0.7495444 0.5909855 0.6180769
0.8764232 0.6377397 0.6018142
0.678471 0.5653859 0.5043133
0.8771864 0.6385813 0.601007
0.9108771 0.6510117 0.5550916
0.6792859 0.5659828 0.5164293
0.9209501 0.6552163 0.5186535
0.8994433 0.6480598 0.5752585
0.6798568 0.5666727 0.5216584
0.8028904 0.6124471 0.6299633
0.7539446 0.5945153 0.6203968
0.9215727 0.6572294 0.5039988
0.9084742 0.6525017 0.5586585
0.871384 0.6386923 0.6051547
0.9184048 0.6564089 0.5291759
0.6851811 0.5692402 0.544083
0.7150426 0.5805079 0.5934412
0.7154078 0.5806497 0.5938185
0.7838756 0.6064009 0.6289048
0.6779364 0.5667693 0.5036514
0.8800582 0.642776 0.5974959
0.825843 0.6226742 0.6269111
0.7259545 0.5851964 0.60361
0.7485567 0.5937808 0.6180981
0.6797802 0.5678616 0.5236087
0.6859653 0.5704775 0.5472023
0.9203442 0.6593634 0.5109301
0.7688277 0.60197 0.6258764
0.6850777 0.5702838 0.5448281
0.8298157 0.625293 0.6257908
0.7148931 0.5817897 0.5937428
0.6924446 0.5735145 0.5624966
0.7582864 0.5987715 0.622516
0.7560403 0.5979419 0.6216399
0.9060339 0.6557017 0.5608794
0.8699248 0.6422083 0.6052409
0.8650925 0.6404278 0.6087893
0.6773714 0.5683174 0.5043654
0.8298848 0.6271347 0.6256001
0.9067539 0.6572826 0.5584799
0.9192178 0.6622095 0.5113239
0.6940277 0.5750971 0.5660909
0.8315085 0.6283542 0.625062
0.8063222 0.619059 0.6297122
0.8353958 0.6304664 0.6237327
0.9062273 0.6582289 0.5587739
0.837649 0.6315793 0.6228977
0.9171098 0.6626142 0.5244118
0.9157468 0.6626619 0.5302351
0.8612861 0.6415001 0.6107924
0.7571472 0.6008042 0.622399
0.8957838 0.6551833 0.5764845
0.9167148 0.6633903 0.5248536
0.7849729 0.6119611 0.6292631
0.8124111 0.6228852 0.6290472
0.9151106 0.6634127 0.5315351
0.7668794 0.6051686 0.6257033
0.8880079 0.6529085 0.5864938
0.6870309 0.5738328 0.5525094
0.7229428 0.5883147 0.6023113
0.6854059 0.5734844 0.548628
0.6887711 0.5748748 0.5568269
0.8273338 0.6303275 0.6259171
0.8557097 0.6418757 0.6137369
0.7635989 0.6051812 0.6248607
0.7216728 0.5885113 0.6014334
0.6803932 0.5721017 0.5330401
0.7623767 0.6048867 0.6244933
0.9086266 0.6637367 0.5494916
0.7016755 0.5808352 0.5796684
0.9055554 0.6628581 0.5565972
0.9171351 0.6687587 0.502327
0.8136998 0.6271009 0.6286812
0.6761955 0.5715171 0.5063798
0.7547728 0.6036432 0.6219805
0.679698 0.5735326 0.5326266
0.8012019 0.6233194 0.6298849
0.8673373 0.6509255 0.6046441
0.722115 0.5912699 0.6025755
0.9142904 0.6702845 0.5231553
0.8865129 0.659061 0.5854597
0.7334023 0.5961428 0.6110589
0.7764074 0.6138655 0.6282831
0.9114798 0.6697543 0.535283
0.7531741 0.6046574 0.6215717
0.8484317 0.6446907 0.6167005
0.9103204 0.6704859 0.5379774
0.740081 0.5998224 0.615329
0.6758249 0.573231 0.5109932
0.7054565 0.5856686 0.586102
0.6958085 0.5816988 0.5726118
0.8214413 0.6342039 0.6268752
0.8007652 0.6257995 0.6298608
0.8308527 0.6384696 0.6241183
0.6753886 0.5734851 0.5064682
0.675495 0.5735679 0.5086971
0.7656958 0.6115703 0.6260431
0.8467005 0.6458932 0.6172501
0.903463 0.670109 0.5548592
0.9043533 0.670684 0.5525587
0.7211629 0.5933903 0.6025261
0.8178712 0.634255 0.6275617
0.7449744 0.6036537 0.6182544
0.8771203 0.6597538 0.5942266
0.7844818 0.6207064 0.6295364
0.7269166 0.5967767 0.6073588
0.9129695 0.6761607 0.516312
0.9074932 0.6740508 0.5417672
0.6803688 0.5771852 0.5396364
0.8510585 0.6502869 0.6143308
0.6955511 0.5838612 0.5735028
0.6873974 0.5807045 0.5587581
0.8116884 0.6348222 0.6285143
0.6744837 0.5754758 0.5053053
0.909569 0.6773288 0.5307552
0.7612293 0.6132101 0.6251172
0.7035925 0.5882981 0.5853196
0.9019805 0.6744907 0.5540779
0.8085321 0.6340841 0.6289603
0.6914004 0.5832417 0.5672039
0.8052648 0.6331116 0.6293459
0.8449965 0.6507865 0.6170757
0.834097 0.646129 0.6220892
0.9118109 0.680182 0.5113464
0.6895688 0.5830377 0.5641989
0.6742753 0.576516 0.5092962
0.6912006 0.5844829 0.5677233
0.8228123 0.6426623 0.6257598
0.7426077 0.6073778 0.6179356
0.7059537 0.5912967 0.5890422
0.7773396 0.6231675 0.6289434
0.7153091 0.5957831 0.5989223
0.7631524 0.6171532 0.6260132
0.7939967 0.6309093 0.6299872
0.7732353 0.6222852 0.6283497
0.8781574 0.6698534 0.5892186
0.8412959 0.6533039 0.6181873
0.7778412 0.6250093 0.6290928
0.7614645 0.6179711 0.6257014
0.7868721 0.6295263 0.6298943
0.9066719 0.6838883 0.5307336
0.7298937 0.6039886 0.6109921
0.8764105 0.6705042 0.590602
0.8976845 0.680382 0.557319
0.8218253 0.6462536 0.6256098
0.9082945 0.6856279 0.5196193
0.6730592 0.578724 0.5056651
0.8671896 0.6672128 0.5996629
0.7251452 0.6036169 0.6081368
0.8850895 0.6773232 0.5780606
0.732446 0.6072716 0.6131573
0.6800241 0.5832201 0.5457832
0.6799656 0.583333 0.545768
0.6750187 0.5810425 0.5271724
0.707619 0.5961396 0.5926399
0.8600736 0.6667445 0.6048833
0.6795013 0.5832492 0.5445354
0.859265 0.6666639 0.6054411
0.7106814 0.5977526 0.5959206
0.7304794 0.6069476 0.6120493
0.6723249 0.5802019 0.5043917
0.7048767 0.5956694 0.5899179
0.8695136 0.6727246 0.5957882
0.8926471 0.6839539 0.5632025
0.9072859 0.691167 0.5046024
0.8226956 0.6516173 0.6247593
0.6743405 0.582055 0.5262865
0.885107 0.6814843 0.5756418
0.789378 0.6365489 0.63
0.7868849 0.635784 0.6299739
0.680194 0.5857767 0.5489513
0.6797218 0.5855845 0.5476798
0.7679874 0.6277919 0.6279307
0.8023749 0.644953 0.6290937
0.6724812 0.582724 0.5182899
0.6838638 0.5882317 0.5585629
0.9054048 0.695178 0.5038928
0.7395771 0.6153734 0.6182129
0.6841616 0.5894595 0.5601261
0.8975525 0.693573 0.5444221
0.8986247 0.6943104 0.5407091
0.8974565 0.6939274 0.544232
0.6721986 0.5840846 0.5205302
0.7137222 0.6045042 0.6007981
0.8049648 0.6491446 0.628532
0.7329809 0.6139674 0.6149915
0.7158631 0.6056931 0.6027415
0.7108908 0.6035794 0.5983222
0.6828513 0.5899596 0.5582538
0.8818326 0.6878613 0.5758972
0.6827521 0.5900043 0.5581155
0.7516946 0.6242673 0.6239174
0.8931274 0.6942216 0.5534858
0.9028596 0.6994288 0.5111675
0.8881876 0.6923425 0.5638728
0.6734123 0.5864966 0.5311503
0.7556931 0.627647 0.6254165
0.7799914 0.6398672 0.6298105
0.9024744 0.7011003 0.5045927
0.8897572 0.694827 0.5591992
0.8584064 0.6792606 0.6018904
0.6756098 0.5878367 0.5401392
0.8467978 0.6734752 0.6109404
0.8595341 0.6798834 0.6008571
0.6716494 0.5859754 0.5225874
0.8674186 0.6840331 0.5929058
0.875295 0.6884319 0.5831336
0.8085573 0.6559911 0.6274249
0.9015201 0.7030848 0.5033193
0.8679035 0.686367 0.5914307
0.681178 0.5918182 0.5569041
0.8912566 0.6983603 0.5530866
0.6862848 0.5945514 0.567515
0.7040353 0.6039702 0.5928368
0.7020337 0.6030674 0.5906349
0.6693681 0.5866089 0.5076954
0.8969123 0.7032691 0.5322564
0.900033 0.7051666 0.5104744
0.6710081 0.5878565 0.524116
0.828402 0.6687925 0.6203135
0.6755701 0.5902526 0.5432609
0.7592762 0.6333926 0.626855
0.6695113 0.587386 0.5135702
0.724581 0.6160231 0.6112723
0.8953769 0.7043082 0.5355506
0.861073 0.6867601 0.5970332
0.7690771 0.6392319 0.6288791
0.8508488 0.6817079 0.6061054
0.7678897 0.6392055 0.6287336
0.8370937 0.6752278 0.6153687
0.6875584 0.5976136 0.5715163
0.878879 0.6972424 0.5736187
0.895904 0.7070081 0.5288533
0.8931317 0.7055941 0.5401464
0.6692878 0.5891514 0.518533
0.7156844 0.6139995 0.6054403
0.8973067 0.7100936 0.5121054
0.6869959 0.598984 0.5717264
0.8599474 0.6909875 0.5961643
0.7567434 0.6362799 0.6266483
0.8089441 0.6649227 0.6264415
0.8686517 0.6970775 0.5853897
0.682051 0.5974788 0.5633963
0.6835129 0.5982699 0.5662845
0.7566442 0.6375559 0.626766
0.6675234 0.5899231 0.5058624
0.733308 0.6252754 0.6177052
0.7783792 0.6497928 0.6299421
0.6838453 0.5993041 0.5675874
0.6901278 0.6027257 0.5781392
0.6820081 0.5983876 0.5640945
0.7701354 0.6461761 0.6293632
0.7664416 0.6447893 0.6289152
0.6668883 0.5909961 0.5046784
0.6687504 0.5920542 0.5239521
0.7755153 0.6506598 0.6298623
0.6875589 0.6029097 0.5751697
0.7395348 0.631474 0.6213008
0.7286396 0.6257944 0.6158202
0.7679273 0.647422 0.629223
0.7220024 0.6222942 0.6116788
0.8726545 0.7053738 0.5759597
0.7276877 0.6255141 0.6153211
0.6685425 0.5931873 0.5258145
0.6670533 0.592406 0.5153335
0.7118683 0.6173878 0.6041608
0.6896545 0.6051028 0.5790951
0.8627257 0.7011162 0.5890079
0.8927585 0.7184836 0.512077
0.8928411 0.7193817 0.5037051
0.697489 0.6106237 0.5901766
0.6943931 0.609044 0.5864254
0.7110566 0.6185674 0.6040605
0.6717876 0.5966783 0.5424423
0.8123711 0.6763123 0.6241077
0.6743579 0.5984953 0.5506072
0.7331668 0.6317822 0.6190729
0.8214651 0.6817076 0.6203032
0.6904343 0.6078436 0.5816624
0.7879084 0.6633161 0.6295335
0.7704834 0.6541194 0.6297092
0.7003469 0.6142617 0.5944178
0.8485861 0.6990535 0.6013483
0.8225543 0.6843253 0.6193611
0.8398465 0.6944027 0.6085581
0.7172472 0.6243184 0.6097373
0.7279317 0.6306038 0.6166897
0.7166353 0.6243547 0.6094099
0.7801492 0.6608175 0.6299648
0.7027404 0.6164551 0.5973174
0.8899056 0.7246317 0.5020254
0.7835565 0.6638302 0.6297845
0.8895174 0.7251009 0.5055277
0.8849403 0.7226191 0.5368165
0.7871031 0.6661032 0.6294733
0.8450224 0.6996947 0.6035125
0.7346538 0.6358773 0.6204748
0.8392695 0.6965026 0.6081954
0.8872406 0.7243735 0.5251321
0.7326756 0.6349161 0.619562
0.8093529 0.6794387 0.6244354
0.6688327 0.5981283 0.5366676
0.7600312 0.6516498 0.6286072
0.6727501 0.6007893 0.5500064
0.8680224 0.7149807 0.5749592
0.8428265 0.7003062 0.6047022
0.7659139 0.655506 0.6294492
0.8509897 0.7057636 0.5967259
0.7796606 0.6639969 0.6299322
0.6800351 0.6056511 0.5672495
0.7845578 0.66711 0.6296149
0.8358775 0.6984763 0.6094571
0.7915077 0.6730598 0.6286029
0.8707182 0.7203859 0.5672077
0.8443519 0.7047191 0.6019906
0.7452964 0.6458517 0.6253061
0.6639404 0.5977069 0.5148276
0.6636119 0.5977054 0.5121118
0.8852632 0.730261 0.517406
0.7878689 0.6722023 0.6290795
0.8761357 0.7250908 0.5538061
0.8307494 0.6982938 0.6122134
0.6638628 0.5983113 0.5168138
0.8174545 0.6905134 0.6199025
0.8212488 0.6928625 0.6179339
0.8054309 0.6835218 0.6248215
0.789951 0.6742227 0.6287101
0.7548567 0.6533723 0.6280289
0.8846455 0.731519 0.5165147
0.7820259 0.669912 0.6296701
0.6636543 0.5986013 0.5165885
0.843676 0.7073516 0.6013751
0.7446374 0.6480097 0.6254553
0.7069845 0.6252714 0.6039558
0.8275189 0.6983658 0.6137661
0.7502313 0.651745 0.6270897
0.6656228 0.6004881 0.5308907
0.8232313 0.6961469 0.6162994
0.768672 0.6633077 0.6298798
0.6742892 0.6059875 0.558657
0.8113276 0.6895352 0.6221523
0.6631594 0.5994046 0.5165333
0.8427635 0.7090218 0.6013058
0.6681811 0.6027783 0.5423733
0.707648 0.6270344 0.6050532
0.6691783 0.6035268 0.5458153
0.882912 0.7346544 0.5153318
0.7744142 0.6684914 0.6299844
0.8831349 0.7358121 0.5053824
0.8021253 0.6861099 0.6252424
0.822279 0.6986959 0.6160394
0.7017797 0.6245904 0.6001753
0.6907931 0.6179598 0.5880005
0.7083259 0.6290173 0.6062128
0.8299353 0.7045447 0.6106768
0.8002075 0.6862789 0.6256614
0.8559253 0.7208545 0.5843977
0.8464295 0.7152411 0.5958242
0.8735274 0.7323351 0.5502656
0.7210686 0.6376127 0.6155333
0.7548004 0.6593556 0.6285335
0.8461983 0.7166944 0.5952958
0.8784312 0.7373533 0.5290765
0.8678386 0.7307537 0.5620673
0.6893809 0.618942 0.5872563
0.8231132 0.7039911 0.6141985
0.8633088 0.7296633 0.5695794
0.8343893 0.7113948 0.6057533
0.7672317 0.6689473 0.6299433
0.8377187 0.7136967 0.6027417
0.8760331 0.738277 0.5351048
0.7144569 0.6358993 0.6119354
0.724779 0.6424781 0.6183136
0.7167971 0.637691 0.6136182
0.6945314 0.623642 0.5942846
0.6849618 0.6179116 0.5822763
0.8014871 0.6927939 0.6243648
0.6948573 0.624624 0.5950401
0.7347203 0.6504903 0.6233056
0.8781542 0.7430168 0.5112949
0.660078 0.6030168 0.5096858
0.8716552 0.7396186 0.5443407
0.8572254 0.7304404 0.5765069
0.8386346 0.7186546 0.5999785
0.825549 0.7102432 0.6110804
0.7133684 0.6380141 0.6120672
0.7890847 0.6870916 0.6277002
0.7894073 0.6875522 0.6275997
0.7475889 0.6608147 0.6276187
0.766235 0.6736706 0.6299826
0.8700808 0.7415316 0.5451044
0.7490925 0.6626592 0.6280377
0.732765 0.6528106 0.6231788
0.6616614 0.6061826 0.5295992
0.7411832 0.6584712 0.6261476
0.7945463 0.6935683 0.6258829
0.6616446 0.6063569 0.529946
0.6626939 0.6073041 0.5353321
0.7496664 0.6650654 0.6283412
0.704819 0.635543 0.6066098
0.7632087 0.6744096 0.6299305
0.8287087 0.7178962 0.6066256
0.8230049 0.7143582 0.611004
0.856434 0.7370678 0.5722514
0.8379834 0.7250063 0.5974617
0.6580285 0.6054887 0.5007692
0.7149675 0.6436042 0.6145442
0.6946023 0.630055 0.5975418
0.869931 0.7473066 0.535768
0.8172485 0.7121189 0.6144632
0.8054353 0.7042637 0.6210337
0.8731663 0.7501055 0.5141456
0.8432157 0.7300539 0.5906452
0.8686739 0.7474226 0.5390299
0.669416 0.6137049 0.5587562
0.6626292 0.6091681 0.5386302
0.658092 0.6062959 0.51144
0.86928 0.7483926 0.5355431
0.6737627 0.6170184 0.5684685
0.7938849 0.6981361 0.6253556
0.7039143 0.6375422 0.606859
0.7512923 0.6702173 0.6289506
0.7616577 0.67739 0.6299421
0.6833534 0.6243253 0.5848736
0.8604581 0.7454653 0.5584874
0.8712354 0.7531961 0.5128883
0.6622975 0.610925 0.540844
0.825258 0.7223933 0.6068695
0.826272 0.7240204 0.6056315
0.6841067 0.62687 0.5872043
0.8487277 0.7408581 0.578239
0.6825546 0.6262106 0.5853423
0.8644371 0.7520871 0.5417076
0.7195307 0.6521069 0.61874
0.7713294 0.6884149 0.6295887
0.8597931 0.7499303 0.554374
0.7008831 0.6397111 0.6059642
0.8397999 0.7364461 0.5898317
0.8424693 0.7392361 0.5856971
0.7654913 0.685537 0.6299416
0.8541688 0.7476962 0.5656751
0.8563828 0.7498779 0.5601338
0.866021 0.7567326 0.5273855
0.8681279 0.7587886 0.5017259
0.7974094 0.7098544 0.6223298
0.8484368 0.7460236 0.574494
0.7598488 0.6844969 0.6299933
0.8653044 0.759454 0.5223373
0.8526546 0.7505715 0.5649538
0.659283 0.6131936 0.5371019
0.6781839 0.6266392 0.5813543
0.8593301 0.7561209 0.546845
0.6555029 0.6109869 0.5164716
0.8634135 0.7600616 0.5283117
0.8655471 0.7617828 0.5099793
0.7791375 0.7000483 0.6278731
0.6607175 0.6152349 0.5442437
0.782058 0.7026457 0.6270998
0.8390501 0.7437894 0.5858755
0.6568702 0.6128132 0.5287673
0.7767015 0.6990699 0.6283138
0.7500462 0.6799588 0.6294516
0.680716 0.6301173 0.5861967
0.6541268 0.6111593 0.5028018
0.6921601 0.638624 0.6000079
0.7781879 0.7007375 0.62794
0.7690768 0.6942831 0.6294555
0.6550951 0.61202 0.5184722
0.6812842 0.6309453 0.5872521
0.8646606 0.7636604 0.5012947
0.8634766 0.7629488 0.5189108
0.6570993 0.6141168 0.5326705
0.8623579 0.7633907 0.5228794
0.7805703 0.7039586 0.6271927
0.7807009 0.7043613 0.6271199
0.7520964 0.6836496 0.6297472
0.8614039 0.7633171 0.5270423
0.7513331 0.6832008 0.6296892
0.6675786 0.6221982 0.5649722
0.7827139 0.7070257 0.6263933
0.6722783 0.626239 0.5746635
0.838069 0.7480322 0.5839044
0.78259 0.7081222 0.6262599
0.6743493 0.6284508 0.5787382
0.7131657 0.6574128 0.6177863
0.8595812 0.7658311 0.5269575
0.7867237 0.7121786 0.624714
0.713761 0.6582927 0.6182491
0.8146356 0.7330179 0.608554
0.652653 0.6131487 0.5019484
0.8607078 0.7682897 0.510884
0.8379955 0.7516615 0.5813564
0.6750208 0.6305222 0.5810146
0.6868668 0.6398258 0.5969461
0.6769993 0.6327808 0.5845693
0.6521675 0.6143196 0.5091984
0.8484033 0.7617772 0.5591005
0.6518579 0.614342 0.5048857
0.7163824 0.6632534 0.6204358
0.7338932 0.6768447 0.6272125
0.8278664 0.7483381 0.5925429
0.8508449 0.7659263 0.5494266
0.651338 0.6150783 0.5056223
0.772827 0.707587 0.6279811
0.6682011 0.6285133 0.5718763
0.8455702 0.7643077 0.5605074
0.8567113 0.7732283 0.5131903
0.7437975 0.6868719 0.6293662
0.6666455 0.6278179 0.5693128
0.6908357 0.6465023 0.6029236
0.8534874 0.7716542 0.5327268
0.6852119 0.6425723 0.5972508
0.8009695 0.7326042 0.6151282
0.6949144 0.6510718 0.6072999
0.7869141 0.7227865 0.6225932
0.7115711 0.6646561 0.6191876
0.7253905 0.6756748 0.6254116
0.8198158 0.7496136 0.597756
0.703738 0.6599215 0.614803
0.7469953 0.6947704 0.6298857
0.7764229 0.7182337 0.6259524
0.7077475 0.6640737 0.6176633
0.7721626 0.715117 0.6271839
0.6650273 0.6305112 0.5699093
0.7486778 0.6972882 0.6299746
0.7294737 0.682059 0.6271488
0.7042003 0.6620616 0.6156844
0.8231858 0.7566758 0.5911285
0.6502581 0.6195726 0.5228781
0.8517405 0.7806432 0.5022795
0.7711734 0.7164977 0.6271661
0.8125068 0.7499121 0.6023556
0.8332866 0.7672696 0.5735177
0.6496119 0.62023 0.5223451
0.8171496 0.7552328 0.5965099
0.8449861 0.7780799 0.5417689
0.8074939 0.7486975 0.6058445
0.6786791 0.6450788 0.5939625
0.6512544 0.6229155 0.535356
0.8433399 0.7790707 0.5436551
0.749026 0.7029418 0.629994
0.7261854 0.6845171 0.626927
0.6586454 0.629483 0.5601996
0.8337857 0.7725961 0.5677434
0.8193531 0.7611207 0.5913268
0.6576735 0.6291662 0.5583395
0.8250519 0.7665273 0.582641
0.761396 0.7145464 0.6287241
0.8476648 0.7857018 0.5010269
0.8251367 0.7673254 0.5819415
0.6481823 0.6222026 0.5231149
0.6602058 0.6324574 0.5657828
0.6636423 0.6353213 0.5728735
0.7628793 0.7178794 0.6282209
0.7409897 0.6999143 0.6298176
0.8288549 0.773107 0.573141
0.7122302 0.6763045 0.6222941
0.7093671 0.6742901 0.6209792
0.6762404 0.6472589 0.5934855
0.8227913 0.7697299 0.5822746
0.7906744 0.7430147 0.615903
0.844211 0.7881042 0.517095
0.8288069 0.7756572 0.5707374
0.6524235 0.6280559 0.5477219
0.6807302 0.6519693 0.5993282
0.6482198 0.6248873 0.5312804
0.7810592 0.7368321 0.6209967
0.8401802 0.7868211 0.5358487
0.7004959 0.6693877 0.6165777
0.6710418 0.6445985 0.5876292
0.6906275 0.6613699 0.6093895
0.8381624 0.7867358 0.5410053
0.6874534 0.6590465 0.6067683
0.8339667 0.7833978 0.5545427
0.8219061 0.7733988 0.5801665
0.8288728 0.7794669 0.566712
0.6992667 0.6695529 0.6161641
0.6788728 0.6523917 0.59835
0.6705946 0.6459525 0.5882134
0.6445647 0.6237025 0.5083176
0.8183743 0.7726514 0.584059
0.7565077 0.7197352 0.6287816
0.6758805 0.6507034 0.5953314
0.8378739 0.7898178 0.5351994
0.7405493 0.7064849 0.6299658
0.7692657 0.7313453 0.6252
0.6470668 0.6264004 0.5316909
0.7272205 0.6957813 0.6284418
0.7853911 0.7461705 0.6168898
0.8317894 0.786304 0.5540308
0.7969086 0.7568748 0.607835
0.8109062 0.769307 0.592518
0.74685 0.7141097 0.6298237
0.7041997 0.6771461 0.6201369
0.8228447 0.7804742 0.5728626
0.770311 0.7349032 0.6242864
0.764497 0.7301472 0.6263452
0.6466774 0.6277107 0.5338512
0.7117026 0.6843438 0.6239219
0.6887369 0.6647496 0.6098799
0.6433047 0.6251118 0.5078065
0.7684011 0.7343531 0.6248247
0.6443763 0.626177 0.5212127
0.8013855 0.7640437 0.6019273
0.653064 0.6342139 0.5578337
0.8093345 0.7715544 0.5922285
0.6897454 0.6667573 0.6111686
0.7393449 0.7107739 0.6299955
0.6728975 0.652698 0.5944498
0.7340714 0.7067724 0.629773
0.6880906 0.6661907 0.6101727
0.8157339 0.7790473 0.5813849
0.8330573 0.7953237 0.5352388
0.8166775 0.7809676 0.5788558
0.7128327 0.6889265 0.6250843
0.7920275 0.7592744 0.6092126
0.6924867 0.67138 0.6141133
0.6703391 0.6516811 0.5919323
0.8247458 0.7904153 0.5593501
0.8306285 0.7968282 0.538
0.8090827 0.7775654 0.5882882
0.7242053 0.7016715 0.6286858
0.7528265 0.727424 0.6284425
0.6826865 0.664405 0.6067242
0.7412841 0.7173209 0.6299141
0.6471651 0.6327104 0.5453473
0.7126871 0.6922991 0.6256709
0.6425657 0.629075 0.5244282
0.7284319 0.7068803 0.6294624
0.6493767 0.6353683 0.5536539
0.7878876 0.7612001 0.6103507
0.6493976 0.6356543 0.5541098
0.6636646 0.6486402 0.5843592
0.8311718 0.8012917 0.5242508
0.7564079 0.7333679 0.6272271
0.6880446 0.6712852 0.6122118
0.7253909 0.7053529 0.6291214
0.8163743 0.7884941 0.5721198
0.7713226 0.7474347 0.6211265
0.7566431 0.7340807 0.6270881
0.8273493 0.7987229 0.5416053
0.8222029 0.7950628 0.556883
0.8316785 0.8039434 0.5055793
0.6593153 0.6461078 0.5782243
0.8197119 0.793319 0.5627007
0.6829085 0.6678385 0.6084027
0.655369 0.6429845 0.5710744
0.6958903 0.6803078 0.6183634
0.6744734 0.6608738 0.6003206
0.640402 0.6295573 0.5164424
0.7242162 0.7072228 0.6291673
0.6402669 0.629779 0.5168395
0.7256694 0.708845 0.6293955
0.7432888 0.7254562 0.6294731
0.679422 0.6664526 0.6060012
0.6682252 0.6561638 0.5933611
0.6391871 0.6293509 0.5017921
0.7981503 0.7772138 0.5964951
0.7380323 0.7217205 0.629892
0.8263428 0.8040115 0.531971
0.7918808 0.7719581 0.6032859
0.765829 0.7477374 0.6225517
0.8257818 0.8036864 0.5343658
0.8170881 0.7961448 0.5627113
0.7272108 0.7123196 0.6296862
0.8062161 0.7862198 0.5840743
0.8286698 0.8072536 0.5045418
0.6398599 0.6307856 0.5195789
0.7229973 0.7099271 0.6292722
0.8115606 0.7936441 0.572163
0.7735935 0.7579508 0.6173099
0.8191741 0.8010066 0.552963
0.7702681 0.7549853 0.6193348
0.6407496 0.6328551 0.5301654
0.77262 0.7573979 0.6178231
0.7204132 0.7085662 0.6289422
0.7057141 0.6947547 0.6247063
0.6523646 0.6444491 0.5692083
0.6387186 0.6315609 0.5175018
0.8253896 0.8099434 0.5126705
0.6555341 0.6483088 0.5765252
0.679083 0.6707922 0.6078851
0.7345124 0.7237257 0.6299349
0.6432828 0.6366962 0.5449807
0.6528304 0.6459191 0.5713108
0.6862501 0.677883 0.614017
0.6750445 0.6674027 0.6041549
0.72892 0.7191905 0.6299639
0.6967655 0.6888398 0.6210982
0.651899 0.6465403 0.5709409
0.7391109 0.7310601 0.6293967
0.6369397 0.6326857 0.5132564
0.7525717 0.7447534 0.6260744
0.7078906 0.7016299 0.6263976
0.6974591 0.6915916 0.6220116
0.6650792 0.6603833 0.5939622
0.8193654 0.8103045 0.534676
0.6669639 0.662393 0.5965186
0.8153288 0.8068564 0.5500188
0.7791939 0.7721584 0.6096105
0.7525059 0.7464674 0.6257802
0.7977017 0.7908471 0.5874442
0.7272161 0.7220709 0.6299799
0.7983701 0.7916689 0.5862724
0.6465737 0.6432923 0.5605826
0.7901677 0.7841659 0.5973671
0.7605991 0.7552142 0.6220532
0.6703399 0.6673458 0.6015126
0.6440882 0.6419274 0.5550888
0.6372716 0.6353967 0.5268839
0.7144365 0.711558 0.6286379
0.7189263 0.7166616 0.629446
0.7748702 0.7723712 0.6114274
0.700647 0.6988577 0.6244725
0.8185072 0.8159851 0.5186359
0.6548268 0.653662 0.5807697
0.6816641 0.6808137 0.6133302
0.6509483 0.6507504 0.5743115
0.6814735 0.681384 0.6134803
0.6343654 0.6343639 0.5022999
0.7064953 0.7066336 0.6269766
0.6436139 0.6437514 0.5570728
0.7686121 0.7689005 0.6152846
0.725302 0.7258319 0.6299962
0.6349935 0.635461 0.5179161
0.8171409 0.8183936 0.512562
0.7560341 0.7572498 0.6227009
0.7754539 0.7769575 0.6091489
0.6918362 0.6929228 0.6208404
0.8114626 0.8134692 0.5451819
0.6763672 0.677743 0.6097963
0.6377094 0.6394701 0.5390368
0.7709976 0.7751378 0.6118895
0.6359094 0.6380124 0.5307853
0.8132239 0.8183822 0.5294174
0.6573585 0.6603978 0.5884168
0.7366748 0.7416922 0.628709
0.6330007 0.6358513 0.5055325
0.7688465 0.7750155 0.6128172
0.8121033 0.819665 0.5288443
0.8138591 0.8218226 0.5110422
0.7040824 0.7099901 0.6271276
0.771251 0.7792709 0.6099766
0.7541676 0.7619909 0.6219553
0.6343654 0.6385563 0.5278013
0.6613752 0.6667176 0.5957122
0.7642536 0.7735199 0.6151587
0.7950401 0.8053883 0.5771527
0.6676116 0.6735625 0.6034585
0.7372494 0.7459167 0.6281753
0.7016745 0.7095217 0.6266811
0.7371973 0.747007 0.628046
0.7754636 0.7872695 0.604
0.6712971 0.678852 0.6080071
0.801773 0.8154957 0.5575193
0.6316072 0.6376624 0.510813
0.7889922 0.8024465 0.5850499
0.633321 0.6400605 0.5294026
0.7551612 0.768539 0.6198187
0.8078246 0.8240848 0.5278797
0.6812301 0.6909168 0.6169527
0.7312131 0.7435926 0.6290299
0.775903 0.7914964 0.6013902
0.7962368 0.8131171 0.5675969
0.6560515 0.6649652 0.5909174
0.6670687 0.6769935 0.605028
0.8051315 0.823679 0.5362986
0.7578329 0.7736579 0.6173261
0.7884502 0.8063589 0.5821131
0.6377473 0.6467133 0.5528865
0.6591703 0.6695701 0.5962088
0.8070739 0.8276809 0.5154728
0.7362428 0.7522507 0.627454
0.6360242 0.6453264 0.5476652
0.7923056 0.8125464 0.5724581
0.6339615 0.6438292 0.540749
0.8050674 0.8278006 0.5238481
0.6317272 0.6415969 0.5295169
0.7483628 0.7671272 0.6220558
0.7470604 0.7660297 0.6226624
0.6316386 0.6420622 0.5306963
0.6496366 0.6616458 0.5833945
0.6424288 0.6539616 0.5688646
0.7904217 0.8142004 0.5725644
0.7379338 0.7574418 0.6263582
0.7316277 0.7508675 0.6282187
0.7717274 0.794482 0.6019242
0.7325579 0.7523009 0.6279256
0.7863759 0.8110162 0.5796018
0.6365635 0.6483425 0.5537477
0.8029225 0.8290621 0.5265371
0.6313614 0.6427284 0.5319109
0.7129772 0.7316713 0.6298916
0.6831424 0.6993806 0.6203008
0.6286653 0.6402196 0.5089115
0.6442291 0.657361 0.5744909
0.6316096 0.6439648 0.5359035
0.8024455 0.8319649 0.5154282
0.7145126 0.7356669 0.6299933
0.802756 0.8328938 0.502436
0.7998732 0.8302495 0.5316774
0.6533649 0.669127 0.5921556
0.8018412 0.8328987 0.5128248
0.7418889 0.7668083 0.6236495
0.6498104 0.6657476 0.5870163
0.7887213 0.8203877 0.5671956
0.7401206 0.7666095 0.6240743
0.7397918 0.7662883 0.6242169
0.6318285 0.6464453 0.5422015
0.7277514 0.7536099 0.6283147
0.7968403 0.830847 0.5374368
0.7935121 0.8271425 0.5511534
0.7112463 0.7355791 0.6299508
0.7857115 0.8192864 0.5716743
0.7534113 0.7833036 0.615272
0.6322621 0.6479465 0.5460976
0.7976125 0.8329732 0.5295712
0.7995853 0.8355002 0.5073718
0.6596202 0.6792474 0.6024829
0.6349702 0.6516054 0.5566257
0.7909319 0.8268736 0.5554243
0.6872377 0.7103993 0.6242141
0.7225537 0.7503065 0.6291389
0.7172688 0.7448995 0.62979
0.7694675 0.8049672 0.5966316
0.6258365 0.6424739 0.5047947
0.7644477 0.8006274 0.6021665
0.7797342 0.8180532 0.5785738
0.7872984 0.8271539 0.5598637
0.7126055 0.7422153 0.6299798
0.7457431 0.7801403 0.618861
0.6529125 0.6745138 0.5957133
0.7946887 0.8365732 0.5261095
0.6293715 0.6478375 0.5404423
0.6614518 0.6845874 0.6063479
0.6425761 0.6630069 0.5787441
0.7771487 0.8192762 0.5795919
0.7539189 0.7930007 0.6109705
0.7942184 0.8398292 0.5114142
0.7660542 0.8079904 0.5966038
0.7355199 0.7727617 0.623572
0.7038811 0.7363323 0.6297611
0.6821943 0.7113853 0.6233876
0.7538119 0.7948619 0.6101425
0.6281197 0.6490127 0.5406483
0.688064 0.7191899 0.6262034
0.6664416 0.694784 0.6132733
0.7727792 0.8195162 0.582924
0.6442297 0.6694072 0.5859735
0.6354023 0.6590977 0.5675302
0.7072159 0.7436135 0.6299999
0.7571464 0.8023183 0.6048243
0.6884058 0.7222352 0.6268039
0.6338354 0.6579303 0.5642936
0.6529887 0.680819 0.5999359
0.759524 0.8069935 0.6008825
0.6224998 0.6452411 0.500908
0.7772043 0.8288893 0.5690778
0.7221674 0.7636411 0.6276187
0.7879508 0.8424274 0.5258399
0.7741716 0.8269635 0.5742599
0.7571302 0.8068739 0.6021881
0.6638791 0.6957484 0.6127512
0.7476295 0.7959706 0.6120588
0.7857359 0.8417567 0.5340223
0.6729543 0.7069351 0.6198724
0.7885094 0.845294 0.5031512
0.637511 0.6647514 0.5760949
0.782928 0.8392619 0.5455616
0.7077238 0.7491521 0.629926
0.6940114 0.7327496 0.6288845
0.7094078 0.7516744 0.6297891
0.6730428 0.7083076 0.6203327
0.7065306 0.7490598 0.6299515
0.74998 0.8020071 0.6082113
0.6499814 0.6812606 0.5985904
0.6316287 0.659106 0.5633796
0.6838939 0.7228097 0.6262243
0.7525199 0.8071328 0.6042885
0.7829667 0.8442013 0.5335972
0.743268 0.7962219 0.6135421
0.7540382 0.8096409 0.6020647
0.7845879 0.8470302 0.5176328
0.6501443 0.6833707 0.6000534
0.6844594 0.7255122 0.6268022
0.6233841 0.6511677 0.5361555
0.7818935 0.8459661 0.5309194
0.6278659 0.6569713 0.5555351
0.7811204 0.8453419 0.5346491
0.7525349 0.8104792 0.6023021
0.7051946 0.7525317 0.6298883
0.7377659 0.7926246 0.6168163
0.7823771 0.8478661 0.5224395
0.7798525 0.8447743 0.5388564
0.6929736 0.7388104 0.6293517
0.7776898 0.8440382 0.5445607
0.7635503 0.8265609 0.5834934
0.6781272 0.7212503 0.6249287
0.7749248 0.8423005 0.5522518
0.7264776 0.7821296 0.6231012
0.7613198 0.8259269 0.5857008
0.7800465 0.849349 0.5241372
0.6186653 0.6483871 0.5003692
0.6210073 0.6514468 0.5314146
0.7070918 0.7596303 0.629435
0.6607377 0.701641 0.6141909
0.6450627 0.6821334 0.5964553
0.6372184 0.6723564 0.5834357
0.6872722 0.7353458 0.6285688
0.6638258 0.7061284 0.6169842
0.7267531 0.785675 0.6220628
0.7579982 0.8250543 0.5887432
0.6806046 0.7276658 0.6266325
0.7575878 0.8256342 0.5885291
0.6471357 0.6861412 0.6002791
0.6983487 0.751166 0.63
0.7024741 0.7565261 0.6298218
0.6812499 0.7301157 0.6271492
0.6290962 0.6642496 0.5675219
0.6180472 0.6502183 0.5165011
0.6570282 0.7002996 0.6123018
0.7157344 0.7754199 0.6265258
0.7771062 0.8545073 0.5032582
0.7378635 0.804325 0.6118495
0.7525551 0.8234491 0.593452
0.6978647 0.7536956 0.6299884
0.757314 0.8300891 0.5848021
0.6708435 0.7194141 0.6230567
0.6166723 0.6500061 0.5031217
0.7240012 0.7880546 0.622
0.7415361 0.8113762 0.6068314
0.7000008 0.7579672 0.6298416
0.6298761 0.6675867 0.5723923
0.6163372 0.6502188 0.5001851
0.6978807 0.7556268 0.6299589
0.7136654 0.7761104 0.6266949
0.6495556 0.6933321 0.6057762
0.7333689 0.8025644 0.6142044
0.6318744 0.6710446 0.5779727
0.6569593 0.7039785 0.6139232
0.7253851 0.7929071 0.6201721
0.7548369 0.8321004 0.5847142
0.7063973 0.7696066 0.6285231
0.6167068 0.6526608 0.5236044
0.7267893 0.796775 0.618477
0.7365867 0.8113013 0.6088984
0.708508 0.7761564 0.627367
0.6550016 0.7054262 0.6139039
0.6170971 0.6552526 0.5337636
0.6334707 0.6770257 0.5850754
0.6608964 0.7137308 0.6189376
0.6153343 0.6533936 0.5222343
0.6488969 0.6981567 0.6081496
0.7337813 0.8120441 0.6096057
0.6222454 0.663368 0.5587681
0.6164603 0.6558153 0.534014
0.6197046 0.6609182 0.5513209
0.7586342 0.8477867 0.5635405
0.6214365 0.663424 0.5578946
0.6197655 0.6612449 0.5520098
0.7679861 0.8611542 0.5085145
0.6747121 0.735839 0.6272711
0.7423328 0.8290179 0.5951043
0.6296372 0.6760128 0.5813523
0.6880282 0.7553287 0.6299675
0.7048609 0.7785677 0.627417
0.6215757 0.665801 0.5617433
0.7648644 0.8625944 0.5158519
0.7336323 0.821131 0.6046497
0.616582 0.6603936 0.5456703
0.7500291 0.8443681 0.5758712
0.6426085 0.6972647 0.6050459
0.6482771 0.7057947 0.6117921
0.757844 0.8582468 0.5465264
0.6864354 0.7598346 0.6299999
0.7539638 0.8552932 0.5572251
0.6315502 0.6845738 0.5904815
0.685576 0.7604497 0.6299999
0.7091346 0.7950585 0.6231446
0.6203637 0.6698588 0.5663066
0.6910836 0.7703013 0.6295319
0.6101509 0.6558744 0.514985
0.6912448 0.7711806 0.6294603
0.6216607 0.6727514 0.5712925
0.7060118 0.7927862 0.6243219
0.6916505 0.7726591 0.6293203
0.7459077 0.8499744 0.5727621
0.6761179 0.7513479 0.6293392
0.7562969 0.8665102 0.5266763
0.7571821 0.8678771 0.517171
0.7564758 0.8671591 0.5234477
0.7572951 0.8687554 0.50959
0.7383136 0.8417886 0.5869203
0.6276895 0.6833071 0.5869931
0.6277918 0.683607 0.5873302
0.6176468 0.6690415 0.5623924
0.7070495 0.7975032 0.6228703
0.7250394 0.8233871 0.6068954
0.7032771 0.7923821 0.6248864
0.726561 0.8259267 0.6047897
0.6950676 0.7806541 0.6281614
0.6708034 0.7460072 0.6283717
0.7520598 0.8636428 0.5436316
0.7489027 0.8591095 0.5567997
0.6230825 0.6784022 0.5789784
0.6078287 0.6564563 0.5019578
0.7013202 0.7921929 0.6252463
0.6248338 0.6814617 0.583371
0.7434441 0.8540933 0.5697469
0.7499703 0.8636701 0.5467715
0.7498372 0.8636233 0.5470661
0.7491719 0.8627446 0.5498078
0.7187532 0.8185104 0.6117657
0.6239 0.6808838 0.5821539
0.7542357 0.8712999 0.5004267
0.6557826 0.7276061 0.62226
0.7457227 0.8598547 0.5591839
0.6422929 0.7084455 0.6110308
0.7385119 0.8500653 0.5785356
0.6159831 0.6703838 0.5626884
0.6202776 0.677267 0.5755687
0.609149 0.6611498 0.5344036
0.6634583 0.7415858 0.6268798
0.6599138 0.736379 0.6253082
0.7407693 0.8564945 0.5689891
0.6521858 0.7259082 0.6209672
0.7499948 0.8714782 0.5240022
0.7250839 0.8347138 0.5997586
0.7451583 0.8649744 0.550787
0.7491955 0.8734194 0.5166252
0.6055687 0.658307 0.5085026
0.6600811 0.7404528 0.6262168
0.7491149 0.8747404 0.5018162
0.7048191 0.8081682 0.6199896
0.61862 0.6785678 0.5757867
0.7425474 0.8651395 0.5537758
0.6295631 0.6951041 0.5976694
0.6085191 0.6636347 0.5401284
0.6503425 0.7274463 0.6210678
0.611539 0.6688372 0.5553111
0.6799589 0.7725082 0.6298341
0.7442153 0.8701895 0.5406296
0.6062497 0.6613229 0.5285267
0.7469483 0.8753871 0.513165
0.6701627 0.7591964 0.6296195
0.7095253 0.8192402 0.6143401
0.6103336 0.6686077 0.5534569
0.6385317 0.7117372 0.6114221
0.6286218 0.69684 0.5984801
0.7455034 0.8760529 0.5152996
0.7291282 0.8511525 0.5839084
0.6249797 0.6917362 0.5927137
0.638154 0.7123603 0.6116111
0.7314904 0.8563293 0.5767557
0.7077693 0.8206482 0.6142207
0.6163315 0.679567 0.5751981
0.7099272 0.8243905 0.6117682
0.6846731 0.7864322 0.6283245
0.6932043 0.7996764 0.6247537
0.6712072 0.7659763 0.6299478
0.6050985 0.6633263 0.5328518
0.6496981 0.7329655 0.622653
0.7283688 0.8564138 0.5789244
0.72381 0.8500233 0.588246
0.7004628 0.8135258 0.6190884
0.6255035 0.6963086 0.5965955
0.6033857 0.661855 0.5230311
0.7371985 0.8720291 0.5469836
0.7407537 0.8776497 0.5234725
0.6485149 0.7336522 0.6226324
0.733951 0.8686415 0.5574609
0.6029262 0.66295 0.5265223
0.7344922 0.8715443 0.5515235
0.7366332 0.875201 0.5403212
0.6464398 0.7322021 0.6217858
0.7179692 0.845687 0.5950677
0.6610203 0.7554229 0.6287396
0.7373667 0.8774282 0.5325297
0.7127612 0.8383951 0.6026851
0.6990125 0.8169795 0.6181278
0.7343799 0.8735353 0.5475823
0.7204288 0.8513501 0.5889847
0.647901 0.7359357 0.6231848
0.6088765 0.6736927 0.5606136
0.7179976 0.8490101 0.5923473
0.6283268 0.7055099 0.6042132
0.6645217 0.7634891 0.6296622
0.7342117 0.8756235 0.5430635
0.640757 0.7257965 0.6182888
0.732502 0.8733124 0.55049
0.6007284 0.6620392 0.5143596
0.6417075 0.7279732 0.6193322
0.7168169 0.8492105 0.592795
0.60646 0.6714791 0.5542021
0.6538292 0.7480709 0.6269256
0.7066157 0.8335292 0.6080126
0.6672576 0.7709287 0.6299901
0.7331603 0.8787172 0.5366175
0.7350839 0.8833119 0.5094216
0.7211854 0.8620756 0.5776122
0.6566194 0.7565075 0.6285356
0.7272363 0.8724587 0.5580793
0.6886852 0.8093005 0.622922
0.699278 0.826939 0.6137782
0.7158081 0.8542236 0.5889696
0.6643968 0.770265 0.6299484
0.7282795 0.8753614 0.5515867
0.6009151 0.6661148 0.5334068
0.613664 0.6871457 0.5817966
0.5985698 0.6628175 0.5092586
0.6915156 0.8164833 0.6200338
0.6045339 0.6734003 0.5555629
0.5978919 0.6628799 0.5029476
0.5982503 0.663761 0.5158771
0.7093102 0.8496239 0.596154
0.7305327 0.8863928 0.5039942
0.6537794 0.7578213 0.6284833
0.6075237 0.6803174 0.5691901
0.6646382 0.7763737 0.6299889
0.7244143 0.8778523 0.5512527
0.7290624 0.8871898 0.5057499
0.7288516 0.8870512 0.509585
0.6114562 0.688547 0.5818797
0.6077565 0.6823769 0.5721088
0.6265401 0.7141813 0.6087481
0.707772 0.8517032 0.5952337
0.5970465 0.6644074 0.5153809
0.6216875 0.7062379 0.602047
0.6039322 0.6761495 0.5597124
0.6262673 0.7140043 0.6085569
0.6553824 0.7640539 0.6292844
0.7055737 0.8494503 0.5979855
0.7212989 0.8770338 0.5562893
0.7181023 0.8729025 0.5659983
0.637507 0.7353701 0.621048
0.6671942 0.7864846 0.6294721
0.7124388 0.8641832 0.581082
0.7025228 0.8475477 0.6006725
0.5971689 0.6675883 0.5308787
0.6542491 0.7670075 0.6294778
0.6030387 0.6786982 0.5629839
0.598159 0.6708591 0.542224
0.6316687 0.7296649 0.6176663
0.6779544 0.8104686 0.6243671
0.7203906 0.8862425 0.5367518
0.6012306 0.6776863 0.5596628
0.6102604 0.6936684 0.5863889
0.5944039 0.6658958 0.5150628
0.622946 0.7161893 0.6087053
0.6181886 0.7081165 0.6019465
0.5948415 0.6674939 0.525279
0.5935177 0.6654943 0.5048162
0.5937423 0.6659124 0.5120943
0.6052142 0.6862775 0.5751717
0.595157 0.6689081 0.5314755
0.6004097 0.6784054 0.5600891
0.6956154 0.8481539 0.6029774
0.5930883 0.6663935 0.5131092
0.6040751 0.6860561 0.5741006
0.7122207 0.8798648 0.5603817
0.6641351 0.7937943 0.6289442
0.6953417 0.8506047 0.6014009
0.7049628 0.8681328 0.5814199
0.5944815 0.669756 0.5330744
0.7171421 0.8901854 0.5298056
0.7142317 0.8859768 0.5463814
0.700051 0.8611825 0.5909537
0.6032708 0.6866959 0.5743423
0.6027561 0.6858642 0.5729209
0.6564817 0.7830507 0.6299548
0.5921475 0.6670644 0.5143296
0.630849 0.7382165 0.6207293
0.6934402 0.8532261 0.6002821
0.6735832 0.8172623 0.6231493
0.7110202 0.8860571 0.5500829
0.6863589 0.8409482 0.6104543
0.6774299 0.8246452 0.6200136
0.5914366 0.6675339 0.5149449
0.5911395 0.6679181 0.5165464
0.6696787 0.8146791 0.6244707
0.6034455 0.6940961 0.5829958
0.5900658 0.6692453 0.5210652
0.5914956 0.6727218 0.5372769
0.6984164 0.8746186 0.5781066
0.6987334 0.8761285 0.5760936
0.7020105 0.8831971 0.5639486
0.5907772 0.6722909 0.5347931
0.6803449 0.8428652 0.6111615
0.6034452 0.6969739 0.58597
0.6981226 0.8773199 0.5750162
0.5915091 0.6743233 0.541737
0.7036596 0.8881553 0.5538117
0.7085106 0.8976454 0.5161155
0.6819435 0.8474662 0.6080941
0.5975161 0.6866439 0.5701996
0.6780006 0.8408773 0.6128398
0.6718452 0.8292152 0.6194212
0.6654705 0.8171343 0.6244112
0.6339833 0.7569205 0.6264334
0.7067436 0.8977184 0.5212937
0.6274784 0.7453588 0.6225058
0.6660956 0.820213 0.6234556
0.5965984 0.6862546 0.5689862
0.6119518 0.7161961 0.605081
0.5943751 0.6824726 0.561437
0.6327295 0.7567569 0.6262583
0.6695821 0.8284027 0.6201646
0.6814383 0.8514048 0.6058424
0.7060893 0.8993832 0.5122495
0.6109686 0.7151454 0.6040582
0.6752533 0.8398363 0.6140645
0.648746 0.7892402 0.6298941
0.6901501 0.8700914 0.5875679
0.586907 0.6694989 0.5111636
0.5867993 0.6699805 0.5149274
0.599219 0.6946791 0.5812326
0.6920726 0.8774292 0.578674
0.6568864 0.8084073 0.6273698
0.606479 0.709492 0.598361
0.6277358 0.751877 0.6244484
0.6251814 0.7472175 0.622719
0.7009506 0.8969314 0.5360566
0.6046223 0.7070534 0.595673
0.7019056 0.8998867 0.5228954
0.5991857 0.697574 0.5843412
0.6984615 0.895516 0.5434738
0.5853854 0.6704435 0.5128324
0.6333151 0.7661855 0.6280738
0.6959264 0.8913407 0.5553102
0.6119677 0.7237406 0.6096677
0.6467316 0.7934745 0.6297467
0.6124945 0.7251025 0.6105796
0.671646 0.8442145 0.6127918
0.6893212 0.879668 0.577662
0.6244575 0.7510256 0.6237528
0.6144396 0.7313198 0.6143062
0.6891655 0.8826588 0.5740302
0.5945486 0.6914446 0.5745778
0.5951547 0.6929144 0.5767929
0.5987579 0.7005831 0.587193
0.6257528 0.7555817 0.625156
0.5852339 0.6734068 0.5287634
0.6953893 0.8976518 0.5419016
0.6821593 0.8711383 0.590391
0.695226 0.8993151 0.5374674
0.5971419 0.6996959 0.5854967
0.5994472 0.7044914 0.5912332
0.6033062 0.7127997 0.5996799
0.6425054 0.7935581 0.6298463
0.6494327 0.8084939 0.6279885
0.5927803 0.6917413 0.5738443
0.6919087 0.8968588 0.5479744
0.6823538 0.8771012 0.5843995
0.5874586 0.6819702 0.5543281
0.6916579 0.9004265 0.539259
0.6023894 0.7140405 0.6002781
0.6934955 0.9049858 0.5173553
0.6014417 0.7127866 0.5989875
0.6911166 0.9010192 0.5382941
0.6646625 0.8457317 0.613747
0.6844152 0.887961 0.569974
0.5862288 0.6815827 0.5523732
0.6874276 0.8959962 0.55431
0.5812606 0.671774 0.5025632
0.6090013 0.730488 0.6125618
0.6574386 0.833391 0.6205353
0.5918953 0.6948186 0.5771994
0.6561523 0.8319854 0.6212546
0.6485866 0.8159396 0.626693
0.6012418 0.7155238 0.6009724
0.6009852 0.7150825 0.6005578
0.6304954 0.7780166 0.6293603
0.6442196 0.8074054 0.6285208
0.5811198 0.6729796 0.5165354
0.6794589 0.8831458 0.5791972
0.6874632 0.9012356 0.5424659
0.6002402 0.7146014 0.5999373
0.6169288 0.7506799 0.6225449
0.6851991 0.9000636 0.5479066
0.6877018 0.9058349 0.5271196
0.6336068 0.7891495 0.6299917
0.6045446 0.7264426 0.6091658
0.6436602 0.811336 0.6279703
0.6329038 0.78821 0.6299735
0.6880863 0.9079847 0.5139191
0.6071746 0.7326393 0.6132336
0.6028914 0.7243902 0.6074703
0.6353126 0.7953869 0.6299074
0.6796944 0.8924932 0.5665529
0.6639044 0.8591415 0.6063424
0.6862836 0.9095605 0.504114
0.623857 0.7725577 0.6283542
0.6848913 0.9078029 0.5240346
0.6118256 0.7474095 0.6206172
0.6583909 0.851034 0.6125175
0.6573381 0.8505325 0.6130276
0.5833166 0.6868944 0.5599039
0.672731 0.8891718 0.5755649
0.6535014 0.8461355 0.6160202
0.5815732 0.6841896 0.5533352
0.5968584 0.718744 0.6018628
0.5786245 0.6778914 0.5338786
0.6391864 0.8151059 0.6276748
0.5770895 0.6749114 0.5172237
0.6634343 0.8709271 0.5980698
0.6274906 0.789784 0.6299552
0.6182663 0.7689568 0.6273347
0.6536003 0.8493803 0.61445
0.6573858 0.8592309 0.6081103
0.5762548 0.674107 0.5043793
0.6681232 0.8841805 0.5838345
0.6750972 0.901403 0.5547022
0.5895383 0.7052955 0.5876275
0.59273 0.712744 0.5957561
0.5914906 0.7101892 0.5930711
0.6767761 0.9067832 0.540489
0.6335967 0.8077573 0.6290722
0.5787536 0.6814635 0.5443966
0.5971472 0.7241698 0.6056964
0.6782387 0.9114373 0.5204237
0.6282137 0.7961465 0.6299717
0.6442161 0.8336078 0.6225256
0.6519023 0.8514932 0.6137631
0.6586898 0.8687615 0.6013154
0.6777954 0.9133137 0.5041819
0.676164 0.9098896 0.5314333
0.6012158 0.73585 0.6135206
0.6164304 0.771453 0.6276453
0.6739898 0.9062915 0.5449573
0.5806316 0.6882954 0.5603042
0.613887 0.7677197 0.6267096
0.6440712 0.8388277 0.6207399
0.6578707 0.8714005 0.599587
0.6750863 0.9131218 0.518392
0.6158734 0.773715 0.6279906
0.6661543 0.8925653 0.5748634
0.6305958 0.8095219 0.6290184
0.6500455 0.8563551 0.611611
0.5911803 0.716733 0.5984755
0.6498796 0.856349 0.6116528
0.6709081 0.9117727 0.5326536
0.5781603 0.688485 0.5587806
0.5752914 0.6818159 0.5414606
0.6142379 0.775957 0.6282378
0.6156858 0.7794816 0.6288138
0.6469409 0.856873 0.612035
0.5758021 0.685307 0.5505047
0.5912475 0.7232254 0.6033608
0.6096794 0.76835 0.626467
0.5901224 0.7214363 0.6017393
0.5990366 0.743816 0.6169167
0.6681342 0.9142659 0.5273734
0.617815 0.7905399 0.6298383
0.5757793 0.6870497 0.5541551
0.6126149 0.7780669 0.6284532
0.5743791 0.6839902 0.5461192
0.5814888 0.7016133 0.5799081
0.600199 0.7489234 0.6192918
0.5712788 0.6775883 0.5187485
0.6551214 0.8869377 0.5866922
0.597154 0.7426533 0.6160331
0.605352 0.7639608 0.6249758
0.6525392 0.8836831 0.5909441
0.6219853 0.8073227 0.6295632
0.6616144 0.9071741 0.5543896
0.5708724 0.6786582 0.5238265
0.5774724 0.6953837 0.5695713
0.6518228 0.8835723 0.5913175
0.5793042 0.7003767 0.577328
0.6577932 0.8989822 0.5707651
0.6519121 0.8845125 0.5903892
0.6194012 0.8022834 0.6299034
0.5739361 0.6876094 0.5537952
0.583299 0.7115034 0.5911571
0.6273381 0.8233371 0.6270563
0.6039569 0.7643166 0.6249232
0.6620649 0.9157615 0.5310739
0.569099 0.6777253 0.5133327
0.5998996 0.7594873 0.6230466
0.5705727 0.6835003 0.5409056
0.6545141 0.9040757 0.564953
0.6309531 0.8426311 0.6212825
0.6581913 0.9141425 0.5411162
0.568699 0.6801938 0.5270501
0.6456468 0.8822885 0.5946698
0.6516757 0.8987916 0.5743187
0.6109358 0.7922974 0.6297916
0.5794788 0.7103488 0.5885946
0.6350057 0.8582991 0.6137754
0.6072759 0.7848434 0.6290575
0.5668022 0.6778979 0.5026412
0.6480473 0.8945268 0.581364
0.5949072 0.7539672 0.620461
0.654382 0.9135651 0.5463913
0.651861 0.9085361 0.5589849
0.5879475 0.7366472 0.6110789
0.612995 0.804526 0.6299108
0.6258375 0.8401271 0.6228015
0.6467403 0.8972382 0.5786954
0.6015875 0.7758191 0.6273596
0.6166584 0.8168377 0.6287987
0.630005 0.8555431 0.6160604
0.6514795 0.9149388 0.5456423
0.5650964 0.6785861 0.5045704
0.5652435 0.6792759 0.514209
0.6328696 0.8654082 0.6102924
0.565865 0.6811584 0.5266474
0.5665507 0.6832634 0.5356123
0.5663897 0.6828239 0.5339263
0.5698251 0.6923362 0.5598927
0.5694156 0.693018 0.5608501
0.5733755 0.7043551 0.5794829
0.6367242 0.8814383 0.5981867
0.6488304 0.9152564 0.5472179
0.5852099 0.7384103 0.6115128
0.6021658 0.7862688 0.6290058
0.5919946 0.7578379 0.6214976
0.5640553 0.679612 0.5133983
0.6083326 0.8038236 0.6299748
0.650954 0.923395 0.5113875
0.6434452 0.9025981 0.5732632
0.6161898 0.8272115 0.6271166
0.5645066 0.6817666 0.5271821
0.5636901 0.679556 0.5115839
0.5674514 0.6904696 0.5546829
0.5877484 0.7490739 0.6173576
0.5676395 0.6919982 0.5578163
0.6345922 0.8828974 0.5976084
0.5811927 0.7314734 0.6063952
0.5628083 0.6802617 0.5151896
0.6009752 0.790266 0.6293809
0.6072206 0.808687 0.6298231
0.5699776 0.7014757 0.5742384
0.590713 0.7617772 0.6226997
0.5698919 0.7017223 0.5745319
0.5726667 0.7101761 0.5858546
0.5621464 0.6800229 0.5107825
0.6251977 0.8636738 0.6128014
0.5618534 0.6797262 0.5043247
0.5825362 0.7402848 0.6120383
0.6453384 0.9234548 0.5243342
0.5754981 0.7202437 0.5964388
0.6329263 0.8894092 0.5923738
0.6069818 0.8138655 0.6294817
0.6028929 0.802107 0.6299972
0.6068456 0.8141085 0.6294649
0.5762713 0.7245429 0.6001734
0.5613979 0.6808389 0.5159128
0.5615526 0.6819774 0.5233018
0.6290048 0.882908 0.59917
0.5808617 0.740891 0.6120592
0.6351565 0.9029838 0.5765868
0.635969 0.9054251 0.5729273
0.5780568 0.7330158 0.6067041
0.63715 0.9106586 0.5643507
0.626015 0.8775409 0.6039878
0.641568 0.9247625 0.5241726
0.6419333 0.9266547 0.5096199
0.5627115 0.6887406 0.5472383
0.6385658 0.9174754 0.5503093
0.560941 0.6836224 0.5298395
0.5624671 0.6883671 0.5461169
0.6177362 0.855266 0.6181317
0.6260316 0.8806463 0.6017061
0.5753846 0.728091 0.6026453
0.5774231 0.7343532 0.6074402
0.570743 0.7154643 0.5906098
0.5653114 0.6990622 0.568486
0.6259479 0.8838806 0.5992052
0.6399733 0.9275178 0.5062661
0.589927 0.7751414 0.6263629
0.590521 0.7771932 0.6268597
0.5647414 0.6984059 0.5671763
0.5988645 0.8030306 0.629994
0.597721 0.8003572 0.6299338
0.5657588 0.7039199 0.5756251
0.6032065 0.8208045 0.628884
0.5854994 0.7658858 0.6234628
0.5714283 0.7240371 0.5984893
0.6324555 0.9162419 0.557059
0.5602357 0.690003 0.5483421
0.563732 0.7012936 0.5710627
0.5855941 0.7706015 0.6248628
0.5577732 0.6828798 0.5214887
0.5720825 0.7283287 0.6020272
0.6250616 0.899839 0.5843247
0.6229764 0.8948815 0.5902296
0.5570635 0.6833416 0.5228088
0.5701285 0.7255211 0.5993633
0.604136 0.8360824 0.626039
0.6326966 0.9290638 0.5151446
0.5772403 0.7511979 0.6167421
0.6212493 0.900346 0.5850665
0.6128178 0.8747917 0.6086349
0.6044921 0.848456 0.6224042
0.6203917 0.9026148 0.5827891
0.6101614 0.8692043 0.6124161
0.6156495 0.8910324 0.5958926
0.5562856 0.6909069 0.5476089
0.5559614 0.6899353 0.5449213
0.5657068 0.7234537 0.5965196
0.5566891 0.6932011 0.5531158
0.6254687 0.928462 0.5301516
0.6027492 0.8509098 0.6217238
0.555259 0.6888253 0.5413302
0.5836368 0.78667 0.6282301
0.6003537 0.8448513 0.6239628
0.6031769 0.8569632 0.6193315
0.6217453 0.9213064 0.5533599
0.6225094 0.9259149 0.5415417
0.6172358 0.9077374 0.5776561
0.5581036 0.7021036 0.5697404
0.6134712 0.8971586 0.5907833
0.6207809 0.9236568 0.5486904
0.5806186 0.7853099 0.6278548
0.5544077 0.6927649 0.5507047
0.5731396 0.7594951 0.6198348
0.5553111 0.6969292 0.5597589
0.6029556 0.8682198 0.6140764
0.6023425 0.8660946 0.6152576
0.6206594 0.931982 0.5195828
0.6203849 0.9331909 0.5100945
0.5620713 0.7235402 0.5956852
0.5820441 0.7975557 0.6295044
0.6194583 0.9336352 0.5074107
0.555386 0.7013267 0.5673494
0.6090811 0.8970366 0.5920991
0.5589734 0.7155074 0.5870309
0.6103647 0.9043905 0.5840433
0.5728136 0.7672533 0.6226807
0.5698755 0.7567672 0.6183019
0.5704587 0.7590188 0.6193341
0.5497946 0.683394 0.5029623
0.6079328 0.8994219 0.5900629
0.5602716 0.7231357 0.5948818
0.6171109 0.9339688 0.5114707
0.6170595 0.9344385 0.5041725
0.5702225 0.7607019 0.6199974
0.5882298 0.8276496 0.6285562
0.5583826 0.7171195 0.5885609
0.5590277 0.720381 0.5919968
0.6118036 0.9177803 0.5651756
0.5993986 0.8741192 0.6113454
0.570704 0.7668205 0.622338
0.5969576 0.866192 0.6159368
0.5602574 0.7278988 0.5989881
0.5922856 0.8496104 0.6231692
0.5485409 0.6839845 0.5085285
0.613131 0.9324605 0.5277069
0.5478365 0.6840253 0.5060562
0.6056066 0.9066293 0.5829225
0.5884323 0.8417679 0.6257356
0.5476416 0.6841657 0.5076977
0.5502998 0.6945277 0.552166
0.6052696 0.9072676 0.5822743
0.5611214 0.7365001 0.6056648
0.5710074 0.7750188 0.6249268
0.5596426 0.7316575 0.6018494
0.6071141 0.9175565 0.5675428
0.5831023 0.8246127 0.6291223
0.5857304 0.8368822 0.6270322
0.5704483 0.7773219 0.6255103
0.5471429 0.6857498 0.5205766
0.5913028 0.8621885 0.6184723
0.5464231 0.6842678 0.5025787
0.5470784 0.6873298 0.5284664
0.5649845 0.7588072 0.6186344
0.546654 0.6859826 0.5212283
0.5657693 0.7622452 0.6201521
0.5989578 0.8948576 0.5965348
0.5728098 0.791355 0.6285009
0.5653332 0.7619777 0.6200006
0.5958495 0.8872927 0.6032599
0.5504447 0.7042833 0.5699435
0.5467873 0.6912069 0.5416362
0.5930672 0.8819571 0.6074789
0.562765 0.757782 0.6179379
0.5778979 0.8204874 0.6296287
0.5500289 0.7061349 0.5725375
0.5522169 0.7161148 0.5857978
0.600031 0.9143224 0.5749391
0.604854 0.9373844 0.5076085
0.6038203 0.934186 0.5302735
0.5589831 0.7473041 0.6121415
0.5736189 0.8089795 0.6299784
0.5443068 0.6860604 0.5180781
0.6031947 0.9339161 0.5319278
0.5731553 0.8098032 0.6299891
0.5983104 0.9169405 0.5717988
0.5874467 0.8714369 0.6144834
0.6029727 0.9375688 0.5111406
0.5572675 0.7441305 0.6100248
0.5981801 0.9219677 0.5638507
0.5586288 0.7520021 0.6146572
0.5925928 0.8983772 0.5947613
0.5585341 0.75205 0.6146706
0.5483018 0.7084646 0.5752417
0.567336 0.7909335 0.6282306
0.576519 0.8307024 0.6285383
0.546808 0.702831 0.566274
0.5428331 0.6859649 0.5147024
0.5553069 0.7412903 0.6079382
0.5427192 0.6867645 0.5202567
0.5449625 0.6977748 0.5562952
0.5944621 0.9175632 0.5721889
0.5653138 0.7899787 0.6279927
0.5488797 0.7171721 0.5861058
0.5987176 0.9390111 0.502639
0.552465 0.7334023 0.6018606
0.5412925 0.6854817 0.5024186
0.5842236 0.8795966 0.6102847
0.5917509 0.9139487 0.5780067
0.5942608 0.9261413 0.5578039
0.5930993 0.9239079 0.5624623
0.5944386 0.9304603 0.5482908
0.582168 0.8747897 0.6133289
0.5960591 0.9391948 0.5104792
0.5754653 0.8476233 0.6249962
0.5623595 0.7872814 0.6273677
0.5895085 0.9125538 0.5804049
0.5509549 0.7350826 0.60289
0.5532871 0.7469348 0.6111746
0.5647097 0.8009157 0.6294258
0.5399341 0.6857868 0.5027999
0.5884063 0.9117631 0.5816661
0.5894122 0.9168895 0.5747356
0.5570291 0.7668031 0.6211404
0.5446374 0.7093311 0.5753121
0.5717406 0.8385575 0.6273581
0.5465515 0.7200864 0.5886937
0.5487363 0.7305022 0.5988754
0.558053 0.7754009 0.6241537
0.5399905 0.6900293 0.5327451
0.5391154 0.6860803 0.5061819
0.5784337 0.8738123 0.6142888
0.5497168 0.7373792 0.6043952
0.5499469 0.7390679 0.6056355
0.5617198 0.7961549 0.6288192
0.546146 0.7215545 0.5901223
0.5883356 0.9243702 0.5634456
0.5758473 0.8647546 0.6189023
0.5708794 0.8408981 0.626907
0.5680672 0.8274081 0.629199
0.5822116 0.8968646 0.59811
0.5884408 0.9277394 0.5571038
0.5665725 0.8222488 0.6296843
0.5409949 0.6997257 0.5584669
0.5787967 0.886043 0.6068813
0.5890869 0.9368471 0.5326297
0.5760348 0.8731351 0.6149042
0.5765656 0.8767242 0.6129127
0.5413985 0.7037007 0.5657702
0.5756069 0.8721059 0.6154764
0.556275 0.7772687 0.6246002
0.5659039 0.8250415 0.6294764
0.5826651 0.909178 0.5860494
0.5484705 0.7401433 0.606174
0.5812136 0.9040524 0.5917138
0.5823936 0.9101903 0.5849746
0.5385832 0.6924101 0.5397941
0.5747464 0.8732995 0.6149539
0.5803459 0.9017892 0.5940533
0.5384325 0.693348 0.5424632
0.5409853 0.7064084 0.5699729
0.5379033 0.6912376 0.5355586
0.5546898 0.7767059 0.6243401
0.5391471 0.6987413 0.5557482
0.558226 0.7956175 0.6286476
0.5488331 0.7479498 0.6112315
0.5822761 0.9186499 0.574324
0.5368638 0.6877054 0.5182757
0.5469999 0.7394665 0.6054958
0.538815 0.6999241 0.558003
0.5471001 0.7430974 0.6079856
0.5564975 0.7921078 0.6280418
0.5668826 0.8461779 0.6258513
0.5734802 0.8837794 0.6090613
0.5397152 0.7075583 0.5713406
0.5456246 0.7395871 0.6053929
0.5771748 0.9053108 0.5912501
0.5364097 0.6920345 0.5372654
0.5749446 0.8953691 0.6005419
0.5366178 0.695558 0.5474187
0.575606 0.9038624 0.5929576
0.5738376 0.8946501 0.6012821
0.5373816 0.7002614 0.5581296
0.5380124 0.7057566 0.5680579
0.5457826 0.7495992 0.6118602
0.5357434 0.6953017 0.5463554
0.5473511 0.7592344 0.6170914
0.575276 0.9150895 0.5807747
0.5362566 0.7000677 0.5573347
0.5493417 0.7727254 0.622736
0.5379076 0.7098083 0.5741276
0.5422074 0.733946 0.6006503
0.5729806 0.9055041 0.5918286
0.5575323 0.8231732 0.6297377
0.5360591 0.7028145 0.5624731
0.5425043 0.7403007 0.6054925
0.5351372 0.6987308 0.5541468
0.5748377 0.9248042 0.5670976
0.571319 0.9054047 0.5922166
0.5332934 0.689555 0.5251531
0.5385935 0.7207983 0.5878178
0.5745427 0.9265026 0.5643295
0.5701104 0.9016764 0.595917
0.5590163 0.8394375 0.6276647
0.5418416 0.7417985 0.6064596
0.5754667 0.9390407 0.533984
0.5706059 0.911273 0.5862248
0.5747941 0.9357268 0.5446284
0.5707366 0.9126148 0.5846834
0.5740684 0.9361446 0.5438277
0.5324908 0.6922967 0.5357851
0.5679681 0.9046485 0.5935031
0.5365285 0.7191501 0.5856153
0.5330161 0.6981228 0.5520044
0.5312737 0.6878097 0.5101358
0.5709288 0.9284162 0.5620274
0.5556923 0.8377411 0.6280727
0.5402232 0.7441314 0.6078543
0.5332264 0.7024008 0.5608298
0.5516688 0.8151296 0.6299983
0.566299 0.9060691 0.5923995
0.5305649 0.6875331 0.501401
0.5579969 0.8564811 0.6233093
0.5315275 0.6939622 0.5406164
0.5387064 0.739311 0.6043144
0.5501502 0.812146 0.629943
0.532726 0.7044806 0.5644184
0.5569791 0.8566291 0.6233146
0.5705674 0.9424233 0.5226267
0.5362609 0.7275279 0.5941897
0.5309694 0.6951996 0.5439124
0.5623513 0.8959961 0.6017805
0.5299164 0.6900035 0.5245765
0.5690506 0.9387826 0.5384536
0.5692578 0.9440506 0.5122756
0.530494 0.6955219 0.5445877
0.5504138 0.8245971 0.6297225
0.5315447 0.7052628 0.5654411
0.56595 0.929226 0.5619996
0.5352708 0.7296478 0.5959991
0.5289651 0.6886982 0.5153403
0.5538497 0.851898 0.6249176
0.5675769 0.9431577 0.5210741
0.5608603 0.9007935 0.598025
0.5383455 0.7535923 0.6134221
0.5648292 0.9297577 0.5613373
0.5483379 0.8205624 0.6299326
0.5401716 0.7679346 0.620383
0.5321283 0.7146183 0.5793286
0.5281252 0.6886671 0.513962
0.5290583 0.6968473 0.5474793
0.5337319 0.7335845 0.5992233
0.5639381 0.9437308 0.5208713
0.557565 0.8997287 0.5993418
0.5494942 0.8452457 0.6267753
0.531145 0.7186655 0.5841053
0.5270844 0.6924077 0.5331766
0.5625295 0.9447254 0.5152721
0.541931 0.7994879 0.6288043
0.5262448 0.6882378 0.5039006
0.5280914 0.7017832 0.5581472
0.5406257 0.7928547 0.6277009
0.5531009 0.8838866 0.6110771
0.5610448 0.9446433 0.5175195
0.537782 0.7757829 0.6231504
0.530041 0.7198008 0.5852376
0.555405 0.910877 0.589172
0.5259801 0.6934111 0.536222
0.5257557 0.692178 0.5315883
0.5472849 0.8569223 0.62368
0.5577044 0.9364589 0.5493786
0.5287713 0.7181497 0.583113
0.5270467 0.7083731 0.569474
0.5555133 0.9306887 0.5620206
0.5561999 0.9370531 0.5484064
0.552745 0.910234 0.5902054
0.5380698 0.7961442 0.6282234
0.5500467 0.890311 0.6072231
0.5329579 0.7571274 0.6149223
0.5418612 0.8268527 0.6296508
0.5550824 0.9341828 0.5552761
0.5315203 0.7485304 0.6098759
0.5309243 0.7445471 0.6072239
0.5509713 0.9033055 0.5970328
0.5261692 0.7083361 0.5692396
0.5458072 0.8650017 0.6208675
0.5241494 0.6931301 0.5344005
0.5276138 0.7221584 0.5875136
0.5550593 0.9440988 0.5253773
0.5382652 0.8090769 0.6297176
0.5253982 0.7057343 0.5647906
0.5549574 0.9455943 0.5163273
0.5272741 0.7214168 0.5866516
0.5435678 0.8542956 0.624634
0.526016 0.7117508 0.5743256
0.5480425 0.8930612 0.6054802
0.5533416 0.9394677 0.5429696
0.545077 0.8713871 0.6182024
0.5231965 0.6917552 0.5284581
0.530141 0.7494122 0.6103189
0.527016 0.723974 0.5893765
0.5375245 0.8117421 0.6298611
0.526455 0.7205011 0.5855111
0.5533072 0.9445544 0.5241398
0.5227014 0.6902792 0.5205136
0.5227106 0.6904446 0.5215223
0.5421478 0.854166 0.6247224
0.5273634 0.7304937 0.5957901
0.5527719 0.9461036 0.514273
0.5510317 0.9359645 0.5524692
0.5510617 0.9433114 0.5310298
0.5482484 0.9225032 0.576306
0.5283493 0.7528491 0.6122543
0.5258581 0.731537 0.5965759
0.5347451 0.8121945 0.629867
0.5323799 0.793218 0.6275736
0.5222969 0.7026412 0.5584165
0.5212489 0.6934907 0.5344727
0.5276744 0.7533519 0.6125017
0.5486883 0.9473233 0.5030079
0.5214247 0.6973245 0.5461943
0.5349967 0.824814 0.6298276
0.5218538 0.7031336 0.5592861
0.5420707 0.8912245 0.6072412
0.5242621 0.7269449 0.5920856
0.5359693 0.8369065 0.6286303
0.5469635 0.9438982 0.5304828
0.5229896 0.7192057 0.5835549
0.5216756 0.706728 0.5657639
0.526911 0.7576199 0.6148114
0.5371903 0.8564945 0.6241902
0.5449944 0.9339648 0.5581065
0.5202074 0.6962268 0.5428486
0.5293379 0.7859766 0.6258662
0.5388161 0.8785719 0.6150343
0.5227051 0.7215501 0.586225
0.519401 0.6898819 0.5150187
0.5194826 0.6912782 0.5241765
0.5225191 0.7221435 0.5868655
0.5446933 0.9415133 0.5397627
0.5385546 0.8811501 0.6136618
0.5379959 0.8768449 0.6159646
0.5442187 0.9414203 0.5401961
0.5223548 0.7241959 0.5890694
0.5425566 0.9347746 0.5569695
0.534718 0.8556924 0.6245092
0.5197977 0.7033662 0.5593286
0.5191782 0.6974222 0.5458437
0.5280536 0.7896076 0.6267157
0.5413321 0.9270263 0.5708112
0.5412354 0.9263279 0.571884
0.5308939 0.8206137 0.6299831
0.5229158 0.7393913 0.6028468
0.5386739 0.9113383 0.5906788
0.5233459 0.7499124 0.6101774
0.5183592 0.6974508 0.5457135
0.5311431 0.8353072 0.6289163
0.5415879 0.947962 0.505385
0.5190012 0.7063872 0.5647279
0.5185154 0.7014655 0.5552281
0.5189362 0.7063432 0.5646411
0.5201228 0.7216127 0.5860146
0.5230037 0.7560662 0.6137685
0.5340081 0.8788093 0.6151518
0.5176799 0.6994822 0.5506293
0.5213424 0.7426576 0.6051769
0.5174433 0.700718 0.5534014
0.5375274 0.9359277 0.5555367
0.5173779 0.7020657 0.556275
0.5166857 0.694402 0.5361134
0.5337026 0.8927213 0.6067688
0.520414 0.738451 0.6019375
0.5274106 0.825193 0.629845
0.5192255 0.7299951 0.5945668
0.5332976 0.8984845 0.6025683
0.5163293 0.6958095 0.5405595
0.5157444 0.6906816 0.5185518
0.521651 0.7623146 0.616938
0.5357206 0.9353403 0.5570701
0.5278978 0.8428109 0.6277759
0.5297086 0.8703104 0.6193638
0.5260847 0.825388 0.6298408
0.5305185 0.8816971 0.6137615
0.5274481 0.8438249 0.6275894
0.5332513 0.9191809 0.5824634
0.525697 0.825985 0.6298116
0.5154821 0.6964286 0.5421935
0.5246212 0.81731 0.6299884
0.5245336 0.8225116 0.6299544
0.5338023 0.9445955 0.5324741
0.5154181 0.7038168 0.5594679
0.5193195 0.7553983 0.6132271
0.5145125 0.6957961 0.5400816
0.5331349 0.9474851 0.5182669
0.5186967 0.7618548 0.6166028
0.5154648 0.7186017 0.5820298
0.5304497 0.9324602 0.5633304
0.5306867 0.9359554 0.5565952
0.5139359 0.6981581 0.5466217
0.5280993 0.900411 0.6013643
0.513899 0.6981418 0.5465724
0.5273 0.8898604 0.6090193
0.5177795 0.7541363 0.6124429
0.5156745 0.7243513 0.5886321
0.5257151 0.871331 0.6190506
0.5141883 0.7188992 0.5822879
0.5130561 0.7020186 0.5554947
0.5121148 0.6896288 0.5019979
0.5175498 0.7750396 0.6221824
0.5246465 0.8867508 0.6110809
0.5285192 0.9490412 0.5037474
0.5212733 0.8383192 0.6286059
0.5192531 0.8094316 0.6296171
0.5173551 0.7817066 0.6243955
0.5207536 0.84947 0.6264707
0.5256903 0.93431 0.5604905
0.5109805 0.6901705 0.5112451
0.522151 0.8837293 0.6129458
0.5132326 0.734127 0.5979279
0.5107965 0.6912841 0.5202605
0.5170983 0.8036214 0.6290243
0.5165465 0.7960782 0.6278657
0.5157905 0.7849534 0.6253083
0.520996 0.8896055 0.6094351
0.5122497 0.7275358 0.5917126
0.5101651 0.6898852 0.5063887
0.5127106 0.7401021 0.6028102
0.5231631 0.9378738 0.5534888
0.5209921 0.9154305 0.5877016
0.5211036 0.9235489 0.5779008
0.5110135 0.7242311 0.5882044
0.5178771 0.8677045 0.6207587
0.5214449 0.9454045 0.5323114
0.5214764 0.9466287 0.527096
0.5204692 0.9271607 0.5728786
0.5161236 0.8471733 0.6270478
0.510824 0.7335308 0.5972953
0.5164309 0.8563999 0.624689
0.5206567 0.9493083 0.5075099
0.5086684 0.6950477 0.5365376
0.5198539 0.9493731 0.5069992
0.5083473 0.6959795 0.5395341
0.5148453 0.8489416 0.6266649
0.5082872 0.6950662 0.5365444
0.5121857 0.7888744 0.6262819
0.5159165 0.8839372 0.6130033
0.51222 0.7949895 0.6276208
0.516332 0.8980103 0.6037402
0.5182321 0.9480824 0.519994
0.5150011 0.8712608 0.6193364
0.5097419 0.7428798 0.6047977
0.5169541 0.9231409 0.578688
0.5101322 0.7529311 0.6114851
0.5076696 0.7001755 0.5507669
0.5093306 0.7439409 0.6055562
0.5074453 0.6965325 0.5411165
0.5132364 0.8564004 0.624728
0.5148958 0.9049772 0.5981441
0.5070674 0.6941112 0.5329298
0.5070561 0.696149 0.5399042
0.511553 0.8223228 0.6299754
0.5108402 0.8034102 0.6289619
0.5092743 0.7600795 0.6154526
0.5124018 0.8569916 0.6245618
0.5110326 0.8330146 0.6293284
0.5065525 0.6989148 0.5475867
0.5091237 0.7851387 0.6252791
0.5090185 0.7895184 0.6264097
0.5112364 0.8744878 0.617952
0.5119821 0.9040186 0.5990504
0.5099495 0.8412676 0.6282244
0.5073916 0.7580421 0.614343
0.5057464 0.7100801 0.5695333
0.5109043 0.8997191 0.6025726
0.5122057 0.9487414 0.5168194
0.5061806 0.7306287 0.5944858
0.5103049 0.8925761 0.6077639
0.5088224 0.8482842 0.6268609
0.5073209 0.7909118 0.626725
0.5103834 0.9424505 0.5433132
0.5046273 0.703646 0.5580859
0.504553 0.703223 0.557228
0.5080615 0.863987 0.6223
0.5061037 0.7766366 0.6225783
0.5041038 0.6929361 0.5276738
0.5088454 0.9275405 0.5729064
0.5088267 0.929572 0.5698147
0.5074648 0.8685653 0.6205573
0.5050388 0.7505519 0.6099272
0.5088689 0.9498647 0.5035267
0.5039465 0.7116383 0.5718729
0.5042177 0.736994 0.6000811
0.5060114 0.8848696 0.6126314
0.5036888 0.7610468 0.6158775
0.5039186 0.8048207 0.6291137
0.5046748 0.8651078 0.6219122
0.504943 0.8906529 0.6091043
0.5027589 0.726769 0.5906152
0.5022596 0.696182 0.5396525
0.504976 0.9450671 0.5353731
0.5027171 0.7554144 0.6128298
0.5039027 0.8770718 0.6167926
0.5036055 0.8653631 0.6218219
0.5040632 0.9487861 0.5175894
0.5028124 0.8190991 0.629997
0.5016819 0.6930012 0.5278057
0.5018305 0.723227 0.5868127
0.5018367 0.7534086 0.6116533
0.5028985 0.949844 0.5061735
0.5010601 0.6918042 0.5216009
0.5010976 0.7022687 0.5551366
0.5008879 0.6901738 0.5067601
0.5018166 0.8989643 0.6032666
0.5008421 0.6911923 0.5175796
0.5011225 0.7898368 0.6264528
0.5005825 0.6960872 0.5393171
0.5008799 0.8594469 0.6238703
0.5004323 0.7445974 0.6058986
0.5002533 0.9169008 0.5866616
0.5000817 0.7517318 0.610632
0.4996368 0.795072 0.6275876
0.4995838 0.814914 0.6299005
0.499626 0.6927735 0.5267115
0.4990196 0.9367796 0.5571162
0.4993693 0.7038589 0.5584077
0.4993168 0.6986185 0.5465491
0.4989073 0.8173631 0.6299733
0.4988337 0.806391 0.6292859
0.4982461 0.8991833 0.603099
0.4965633 0.9443178 0.5379708
0.4982854 0.7086593 0.5671179
0.4963621 0.9407215 0.5481942
0.4966002 0.9012434 0.6014749
0.4971527 0.8358372 0.6290302
0.4978739 0.7362956 0.5994745
0.4968508 0.8066924 0.6293187
0.495233 0.9357404 0.5591451
0.4968345 0.7828664 0.624589
0.4946399 0.9254301 0.576009
0.4949625 0.8730428 0.6186712
0.4940425 0.9269446 0.5738509
0.4958725 0.7872347 0.6258109
0.4958825 0.7791644 0.6234299
0.4971822 0.6903325 0.5095782
0.4938088 0.885752 0.6121166
0.4964081 0.7070847 0.5644761
0.492474 0.9219889 0.5805268
0.4922251 0.9288686 0.5709385
0.4934805 0.8489168 0.6267292
0.4920337 0.9252691 0.5761753
0.4914896 0.9468869 0.5279133
0.4916258 0.9343315 0.5617239
0.4932829 0.8445064 0.6276566
0.4958416 0.7045224 0.5597886
0.4909526 0.9424875 0.5432916
0.4941847 0.769586 0.619853
0.495361 0.7146451 0.5762293
0.4914936 0.8734856 0.6184438
0.4938877 0.7653073 0.6179678
0.4914795 0.8678738 0.6208248
0.4953356 0.7011582 0.5528154
0.4918285 0.8513507 0.6261395
0.4946587 0.7296169 0.5934992
0.4913009 0.8735734 0.618402
0.4896439 0.944044 0.5385112
0.4908247 0.8859292 0.6119775
0.4907286 0.8877116 0.6109058
0.4948302 0.7146 0.5761837
0.4954067 0.6900009 0.5038291
0.4901826 0.8975013 0.604282
0.4942425 0.7310577 0.594879
0.491479 0.8225197 0.6299734
0.4905458 0.852845 0.6257492
0.4945042 0.6991659 0.5481399
0.4875814 0.9326887 0.5645062
0.489189 0.8670212 0.6211363
0.4942444 0.6929253 0.5278179
0.4870435 0.9318116 0.56599
0.4908532 0.804422 0.6290798
0.4873531 0.9188139 0.5842499
0.4874492 0.9109728 0.5926771
0.4939869 0.6901809 0.5084652
0.4850456 0.941717 0.5449812
0.4859028 0.909636 0.5939248
0.4913726 0.7425871 0.6045513
0.4842939 0.9286127 0.5709978
0.4885567 0.8006302 0.6285815
0.4878936 0.8120785 0.6297725
0.4907188 0.7332627 0.596998
0.4894993 0.7567259 0.6136816
0.4914365 0.7069051 0.5644171
0.4844362 0.8623661 0.6227872
0.4872579 0.7940444 0.6274384
0.4829891 0.8888499 0.6100379
0.4815142 0.9001255 0.6020359
0.4858007 0.8006837 0.6286068
0.4901567 0.7043179 0.5597697
0.4789874 0.9352756 0.5591136
0.4805411 0.8999708 0.6021215
0.4906479 0.6912021 0.5192335
0.4786733 0.9354494 0.5587422
0.4896693 0.7081022 0.5666045
0.4901296 0.6900861 0.5094259
0.4772284 0.9385012 0.5521256
0.4780485 0.9202338 0.5820853
0.4795827 0.8858786 0.6117524
0.4886516 0.713954 0.5756171
0.4863694 0.7539287 0.6121729
0.478983 0.8880687 0.6104034
0.4865725 0.7423481 0.604536
0.4890966 0.6951993 0.537425
0.4776359 0.8893123 0.6095738
0.4767867 0.8995194 0.6023183
0.4771941 0.8879547 0.6104115
0.4869795 0.7194546 0.5828739
0.4800148 0.8357798 0.6289647
0.4784293 0.8575403 0.6242638
0.4782042 0.8601444 0.6234305
0.4764314 0.8808356 0.6144983
0.4876621 0.6981835 0.5464121
0.4881568 0.6898596 0.5077059
0.4722501 0.9394286 0.5492643
0.4761282 0.8704733 0.6194751
0.4810994 0.7928602 0.627264
0.4810257 0.7936872 0.6274343
0.4834655 0.7486566 0.6090329
0.4765372 0.8452845 0.6273569
0.4695202 0.9481995 0.5140851
0.4706248 0.9292078 0.5689446
0.4869089 0.6896555 0.5052682
0.4865171 0.6943025 0.534891
0.4838311 0.7324644 0.5966206
0.4867812 0.6895403 0.5004355
0.4744988 0.864996 0.6216326
0.48573 0.7031575 0.5580047
0.4731976 0.8802272 0.614709
0.4686283 0.9428335 0.5392178
0.4692099 0.9334061 0.5615638
0.4684616 0.9431496 0.5381687
0.4843872 0.7178481 0.58111
0.4675999 0.9473297 0.5196813
0.4694958 0.9157774 0.5866681
0.4758833 0.8267757 0.6297739
0.4690921 0.918156 0.5839057
0.4843512 0.7115976 0.5726213
0.4748062 0.8405051 0.6282205
0.4814248 0.7447782 0.6065226
0.4749449 0.8296067 0.6295706
0.4719156 0.8680925 0.6203456
0.4780838 0.7871644 0.6259999
0.4836087 0.7131156 0.5748992
0.4822537 0.7284755 0.5929987
0.4687974 0.9004061 0.6011839
0.4774384 0.7894682 0.6265727
0.4700179 0.8836291 0.6126992
0.4766877 0.7939578 0.6275501
0.4713841 0.8584108 0.6238374
0.4735441 0.8268847 0.6297565
0.4827731 0.708908 0.5686703
0.4668224 0.9002852 0.6011533
0.4624584 0.9458131 0.5259139
0.4660076 0.8967307 0.6038616
0.4756068 0.7830623 0.624948
0.4775949 0.7590836 0.6153519
0.47424 0.7933189 0.6274641
0.4652793 0.8886126 0.6094417
0.4612698 0.9330173 0.5611015
0.4823962 0.695449 0.5397931
0.4685781 0.8466361 0.6269361
0.4613118 0.9234821 0.5763109
0.4734603 0.7899972 0.6267717
0.4797852 0.7195877 0.5836837
0.4627752 0.9038358 0.5978855
0.4821356 0.6931425 0.5318695
0.4823611 0.6902147 0.5163383
0.475269 0.7653176 0.6184664
0.4682212 0.8386377 0.6284327
0.4800395 0.7125 0.5744579
0.4573467 0.9433837 0.534164
0.4814566 0.6896726 0.5122337
0.4805256 0.6989552 0.5497739
0.4565121 0.9442086 0.5306618
0.4805284 0.6982319 0.5479997
0.4801715 0.700021 0.5523388
0.4796179 0.7023733 0.5574784
0.4783446 0.7120949 0.5741165
0.4550715 0.9365276 0.5527123
0.4545803 0.9402929 0.5431513
0.4562376 0.9214178 0.5784196
0.4780687 0.7103962 0.5716631
0.4774587 0.7161649 0.5797515
0.4691669 0.794508 0.6277875
0.4532722 0.9458466 0.5210244
0.4660521 0.8236961 0.6298848
0.4560995 0.9163523 0.584653
0.4527195 0.9436399 0.5313945
0.479639 0.6903339 0.519161
0.4621202 0.8540274 0.6249021
0.4797777 0.688961 0.503225
0.4521271 0.9442905 0.5283897
0.4784265 0.699614 0.5518241
0.4636338 0.8345285 0.6289487
0.4715126 0.7618254 0.6170176
0.4691652 0.7829942 0.6251069
0.4782252 0.6996567 0.5519714
0.4593763 0.8720847 0.6181185
0.4664632 0.8071442 0.6295312
0.4683897 0.7887036 0.626592
0.4787381 0.6923256 0.529951
0.4590219 0.8704259 0.6188454
0.4651154 0.8152297 0.6299688
0.4648086 0.8139791 0.6299368
0.4642556 0.8184514 0.6299992
0.4780989 0.6935069 0.5347925
0.4780156 0.6937054 0.5355279
0.4525476 0.9179853 0.5822526
0.466124 0.7975398 0.6283674
0.4512923 0.9268311 0.5699112
0.4656827 0.7988412 0.6285751
0.4486138 0.9461622 0.5151714
0.4779406 0.6906181 0.5220883
0.4553759 0.8852988 0.6108742
0.474621 0.7175878 0.5819249
0.4541537 0.8929456 0.6057495
0.4479485 0.9440789 0.5272169
0.4509634 0.9159708 0.5844302
0.4570594 0.8640921 0.6213548
0.4739333 0.7196869 0.5845227
0.4501814 0.919277 0.5803105
0.4613428 0.8253034 0.6297781
0.4544648 0.8798859 0.6139324
0.469449 0.7538422 0.6129698
0.4554043 0.8688562 0.6193457
0.468262 0.7612674 0.6169291
0.4480453 0.9218034 0.5766609
0.459597 0.827022 0.6296518
0.4747514 0.702486 0.5587925
0.4722829 0.7221944 0.5875669
0.4733157 0.7120072 0.5748066
0.4519563 0.8802527 0.6135613
0.4490992 0.9010121 0.5990221
0.4727466 0.7143986 0.5781648
0.4754353 0.6917344 0.529112
0.468403 0.7451873 0.6077141
0.4700036 0.7307882 0.5963528
0.4742033 0.6982263 0.549754
0.4443541 0.9268743 0.5685045
0.4558022 0.8385273 0.6282265
0.4654956 0.7639618 0.6183485
0.4587386 0.8153014 0.6299844
0.4746956 0.692719 0.5334352
0.4602343 0.8021023 0.6290975
0.4527673 0.8578326 0.6233864
0.4478302 0.891636 0.6061162
0.4543136 0.8400707 0.6279265
0.4638812 0.7685616 0.6204035
0.4606544 0.7923464 0.62757
0.4414057 0.9353212 0.5517704
0.4415199 0.9311414 0.5604517
0.4407563 0.9364942 0.5487916
0.454161 0.8360711 0.6285769
0.4630091 0.7679828 0.6202169
0.4478945 0.8771508 0.6149412
0.4385553 0.943621 0.5235124
0.4727827 0.6951841 0.5422949
0.4486154 0.8654564 0.620391
0.4374626 0.9405658 0.5357693
0.4655719 0.7418798 0.6056986
0.4701194 0.709851 0.572312
0.4642558 0.7498223 0.6110212
0.4363919 0.9422388 0.5287111
0.458433 0.7887655 0.6268916
0.453084 0.8239636 0.6297925
0.4713276 0.696303 0.5459348
0.4693975 0.708351 0.5702046
0.4346583 0.9442679 0.5157098
0.4580639 0.7819582 0.6252165
0.4719064 0.6883802 0.5109685
0.4517257 0.8167374 0.6299994
0.4452127 0.8567957 0.6233727
0.4696265 0.6956861 0.5449793
0.4656298 0.7208605 0.5871285
0.4468749 0.8411111 0.6275296
0.461326 0.7471015 0.6096146
0.4487885 0.8247027 0.6297075
0.4671457 0.7079784 0.5701593
0.4681561 0.6993068 0.5541937
0.4638321 0.7256449 0.5923707
0.4290047 0.942819 0.5198597
0.4697618 0.6885904 0.5160871
0.4386097 0.8818682 0.6115418
0.4641153 0.722633 0.5892803
0.46951 0.6882014 0.5130353
0.4354602 0.897786 0.6000651
0.4383036 0.8785057 0.6134355
0.4672499 0.7008585 0.5577087
0.4456326 0.8293631 0.6292633
0.4275511 0.9386431 0.5371263
0.4383068 0.8730954 0.6162636
0.4332463 0.9031097 0.5951323
0.4332337 0.9000794 0.5978292
0.4266979 0.9388041 0.5361087
0.4245448 0.9434674 0.5064305
0.4303095 0.9090459 0.5888053
0.4357846 0.8766465 0.6142186
0.4579534 0.7434013 0.6075729
0.4230398 0.9425662 0.5143296
0.4411513 0.8382492 0.6278894
0.4279951 0.9103804 0.5869419
0.4309465 0.8928365 0.6033498
0.4484918 0.7928007 0.6280022
0.4666105 0.689402 0.524464
0.4398171 0.8413224 0.6272521
0.4234638 0.9328631 0.5510025
0.4631893 0.708036 0.571255
0.4220661 0.940132 0.5278645
0.4376354 0.851695 0.6245694
0.4401691 0.8367609 0.628119
0.4634719 0.7048322 0.566108
0.4488088 0.7867913 0.6267979
0.4652042 0.6949252 0.5449175
0.4521773 0.7678394 0.6208438
0.4639998 0.7013701 0.559785
0.4296588 0.8933367 0.6027985
0.4608596 0.7187613 0.5856857
0.4648483 0.6958194 0.5474001
0.4635689 0.7022616 0.5615913
0.4306417 0.8830705 0.6099895
0.4584547 0.7283905 0.595814
0.4453702 0.7981455 0.628898
0.4254281 0.9067376 0.5903025
0.4470517 0.7882574 0.6271822
0.4636398 0.6972617 0.5513809
0.4203851 0.9316978 0.5523859
0.4651899 0.688679 0.5219311
0.4203337 0.9307203 0.5544966
0.4652414 0.6868417 0.5035077
0.4558997 0.7365976 0.602991
0.417853 0.9403787 0.5228564
0.451355 0.7590314 0.6171088
0.4567682 0.7297727 0.5973155
0.4209637 0.9145674 0.5805545
0.4601645 0.7084934 0.5727538
0.4494788 0.764416 0.6196632
0.4224336 0.9044684 0.5920088
0.4421167 0.7991527 0.6290966
0.4304964 0.8572677 0.6223398
0.4566113 0.7221537 0.5901659
0.4167037 0.9259018 0.5625354
0.4628398 0.6898643 0.529821
0.4634046 0.6864837 0.5032437
0.4448332 0.7808716 0.6255394
0.4392629 0.8065134 0.6297819
0.4628156 0.6865691 0.5078726
0.4136429 0.9326252 0.5471198
0.4626604 0.6863961 0.5050805
0.4496964 0.749203 0.6121349
0.4518721 0.7381328 0.604704
0.4600796 0.695766 0.5495048
0.4620079 0.6863029 0.5059724
0.4408801 0.7895453 0.6276742
0.4142143 0.9187417 0.573191
0.409957 0.9391048 0.5213077
0.4616311 0.6860974 0.5017397
0.4088774 0.9406726 0.5011146
0.4115232 0.9266034 0.5593105
0.4139505 0.9140825 0.579408
0.40805 0.9404958 0.5015774
0.459704 0.6905107 0.5347327
0.4140325 0.9063436 0.5883782
0.4594012 0.6914092 0.5379661
0.4497187 0.7366908 0.6039794
0.4078467 0.9337089 0.5409225
0.4106461 0.9199789 0.5702583
0.4570089 0.7013503 0.5622787
0.4062381 0.9389601 0.5171618
0.4116239 0.9114695 0.5820282
0.4147904 0.8945608 0.5995064
0.4303552 0.820107 0.6297779
0.4069673 0.9251129 0.5602912
0.4587145 0.686879 0.5189265
0.4269769 0.8298989 0.628764
0.4068336 0.9200464 0.5688762
0.4439737 0.7523972 0.6145545
0.4162327 0.8763173 0.6122769
0.4180004 0.8658715 0.6178165
0.4541678 0.7043356 0.5683405
0.4299087 0.8119267 0.6299996
0.4165735 0.8693897 0.615996
0.4487075 0.727044 0.5963856
0.4390475 0.7697745 0.6225325
0.4008376 0.9384288 0.5113556
0.402073 0.9317304 0.542958
0.440302 0.7631037 0.6199129
0.407767 0.9052799 0.5880483
0.4401596 0.7627021 0.6197615
0.4060157 0.9104623 0.5817428
0.4156292 0.8661091 0.6174604
0.4288455 0.8081255 0.6299455
0.4520292 0.7063099 0.5720811
0.414574 0.867296 0.616789
0.3983574 0.9368328 0.5196776
0.4292972 0.803713 0.6297433
0.418648 0.8488265 0.6242648
0.401478 0.9217613 0.564069
0.450573 0.7112669 0.5792792
0.421527 0.8348061 0.6277879
0.4462025 0.7282849 0.5979606
0.4059384 0.8984311 0.5943958
0.4459479 0.72869 0.5983538
0.3989689 0.9269362 0.5529508
0.4108677 0.8758632 0.6118303
0.4513545 0.7047654 0.5700139
0.4551653 0.6886958 0.5317991
0.4188952 0.8413225 0.6262923
0.4541154 0.6919717 0.5431756
0.4518265 0.701532 0.56464
0.4542641 0.6897789 0.5364419
0.4006259 0.9108396 0.5797205
0.407651 0.8816336 0.6078065
0.4196974 0.8313558 0.6283012
0.4035601 0.8978714 0.5943873
0.4119065 0.8631158 0.6184136
0.4225822 0.8189646 0.6297395
0.3948218 0.9327255 0.5345513
0.4143656 0.8521074 0.6229011
0.394306 0.932644 0.5343953
0.4374661 0.7554991 0.6168572
0.4199344 0.8268803 0.6289431
0.4502246 0.7017673 0.5656874
0.3942092 0.9282445 0.5472275
0.4427841 0.7307628 0.6006725
0.4288254 0.7867112 0.6276538
0.4163162 0.837065 0.6271017
0.419579 0.8229814 0.629364
0.4410035 0.7361943 0.6050725
0.4471966 0.7094939 0.5780613
0.4498506 0.6986586 0.560414
0.4520167 0.6896065 0.5376911
0.4451779 0.7144704 0.5846841
0.4446086 0.7165334 0.5871143
0.4110378 0.8475863 0.6240779
0.4526667 0.6846176 0.5123599
0.4522941 0.6858044 0.5217419
0.4507491 0.6913006 0.5436262
0.4180559 0.8180951 0.6297231
0.4483632 0.699841 0.5632143
0.4510375 0.6882471 0.5339466
0.3869371 0.932117 0.5292632
0.4507462 0.6880056 0.5333491
0.4280398 0.7745343 0.6248606
0.4477359 0.6993876 0.5627069
0.44519 0.7085251 0.5774748
0.3883683 0.9210626 0.5594518
0.3843166 0.9341636 0.5133631
0.3843714 0.932933 0.5220975
0.3842387 0.9334273 0.5188912
0.4466475 0.6996385 0.5636442
0.3872476 0.9214313 0.558181
0.442311 0.7152775 0.5864081
0.4276648 0.7699199 0.6235121
0.384205 0.9314901 0.5288544
0.3830664 0.9344736 0.5041352
0.4503927 0.6834098 0.5001554
0.4502196 0.683534 0.5065532
0.4068877 0.841812 0.6254023
0.4141465 0.8144019 0.6298655
0.410211 0.8287673 0.6283239
0.4211067 0.7887566 0.6283479
0.3832104 0.9273373 0.542057
0.4452777 0.6999893 0.5648686
0.4477184 0.690378 0.543309
0.3975928 0.8726856 0.6117042
0.441341 0.713094 0.5842794
0.4309042 0.7502029 0.6151
0.4484183 0.6866226 0.5304642
0.3826849 0.9241574 0.5498024
0.4448867 0.6989269 0.563243
0.4455731 0.6964431 0.5583752
0.3853275 0.9134777 0.5707146
0.4157539 0.8034196 0.6298999
0.4003408 0.8583458 0.6191706
0.3870986 0.9040775 0.5836005
0.4452179 0.6955093 0.5567469
0.3868027 0.9020627 0.5857668
0.4162761 0.7972391 0.6295171
0.4368272 0.722933 0.5954203
0.380494 0.9215738 0.5541507
0.377646 0.9313359 0.5206228
0.4012497 0.847213 0.6233711
0.4083846 0.8216667 0.6291934
0.376692 0.9327736 0.5007777
0.3869193 0.8966354 0.5914047
0.385678 0.9005588 0.5870482
0.4232378 0.7679318 0.623269
0.37796 0.9256862 0.5425634
0.3887278 0.8872452 0.6001256
0.4169773 0.788379 0.6284666
0.3782347 0.922675 0.5503235
0.4200686 0.7764298 0.6259373
0.3926753 0.8709871 0.6118822
0.4455876 0.6873815 0.536131
0.4043321 0.8293235 0.6279604
0.391868 0.8717569 0.6113061
0.37797 0.9179537 0.5598492
0.406002 0.8217626 0.6291069
0.4456693 0.6854568 0.528892
0.3811786 0.9044228 0.5812057
0.3820592 0.900373 0.5861195
0.4419914 0.696728 0.5608152
0.4319386 0.7297818 0.6021951
0.438289 0.7080532 0.5793319
0.4455984 0.6831416 0.5164949
0.396052 0.8439795 0.6239038
0.3704941 0.9281328 0.5263994
0.4281839 0.737349 0.6082245
0.3736974 0.9172491 0.5587916
0.4445746 0.6828982 0.5169658
0.3928523 0.8523805 0.6206901
0.4299713 0.7294973 0.6024256
0.3989282 0.8294828 0.6276442
0.3949071 0.8425583 0.624225
0.4392672 0.6977546 0.5640444
0.4120047 0.785602 0.6282681
0.3675113 0.9299706 0.5045612
0.3673828 0.9298239 0.5068831
0.3774391 0.8966973 0.588528
0.3730715 0.9100752 0.5704282
0.3800374 0.8869686 0.5982433
0.4327788 0.7166067 0.5906273
0.4427859 0.6843559 0.5279032
0.4435565 0.6818382 0.5101512
0.4431987 0.6828707 0.5196202
0.4193904 0.7590439 0.6205319
0.4368234 0.702305 0.5722707
0.419574 0.7572135 0.619788
0.3847607 0.8679414 0.6122548
0.4048391 0.8035154 0.6299859
0.3667217 0.9242855 0.5366524
0.4360675 0.7025982 0.5730218
0.3741665 0.8983305 0.5857214
0.3921892 0.8411164 0.6243989
0.3937913 0.8340737 0.6263593
0.4388969 0.691842 0.5530972
0.400847 0.8103597 0.6298699
0.4322414 0.7116581 0.5856906
0.389172 0.8399696 0.6244503
0.4176419 0.7522324 0.6179492
0.368322 0.9028969 0.5781742
0.3940424 0.8228231 0.6284884
0.4406582 0.6804974 0.5007204
0.4348506 0.6980519 0.5668283
0.4161567 0.7540693 0.6189479
0.4099034 0.772272 0.6256869
0.3998194 0.801873 0.6299856
0.3636508 0.9101905 0.5655594
0.3700325 0.8902237 0.5925455
0.3603333 0.9191341 0.5454609
0.4232319 0.7303398 0.6045921
0.3801982 0.8585465 0.6163285
0.3899784 0.8291465 0.6271551
0.3775342 0.8658364 0.6121233
0.360639 0.915886 0.5532035
0.4385313 0.6829163 0.5276217
0.4361388 0.6897464 0.5504885
0.3648083 0.9011757 0.5788692
0.4059127 0.7788503 0.6274334
0.43618 0.6887015 0.5480387
0.4341844 0.6943054 0.5609044
0.4079319 0.7714447 0.625645
0.3635033 0.9018299 0.5774903
0.4055307 0.7774872 0.6271922
0.4370188 0.6842318 0.5346388
0.3594104 0.9112356 0.5613681
0.4040586 0.7805221 0.6278537
0.3946769 0.8069882 0.6299202
0.3877031 0.8268203 0.6274595
0.4304621 0.7013351 0.5738389
0.3527133 0.9250895 0.5055224
0.3999302 0.7885633 0.6291801
0.3738917 0.8636382 0.6126499
0.3657352 0.8865086 0.5946025
0.4025026 0.780423 0.6279292
0.4315825 0.6967518 0.56652
0.4343198 0.6877616 0.5473193
0.4365971 0.6802593 0.5167578
0.4278357 0.7048251 0.5795308
0.3554168 0.909159 0.5625672
0.4052694 0.7675026 0.6248526
0.421858 0.7202906 0.597258
0.4359003 0.6805667 0.5203752
0.4256116 0.70929 0.5855507
0.4363353 0.6790662 0.5034989
0.3856695 0.8215346 0.6282504
0.3647434 0.8792692 0.6003315
0.3539793 0.9089077 0.5621202
0.3704333 0.8620636 0.6128427
0.4077476 0.7575145 0.6214145
0.3698974 0.8630016 0.6122276
0.3509296 0.9148107 0.5480769
0.3666905 0.8695734 0.6076488
0.3477569 0.921657 0.5209571
0.4302515 0.6929908 0.5610146
0.3640966 0.8759421 0.6026621
0.404859 0.7631546 0.6236365
0.3943641 0.7920394 0.6296566
0.3941331 0.7925601 0.6296967
0.4288615 0.6961689 0.567123
0.377607 0.8374751 0.6240171
0.416257 0.7308012 0.6065521
0.3564465 0.8953593 0.5823207
0.3951439 0.7881044 0.6293068
0.3494614 0.9129393 0.5511289
0.4022859 0.7669306 0.6249887
0.3901939 0.7991805 0.6299934
0.3648311 0.8681741 0.6081055
0.4158128 0.7292648 0.605638
0.414446 0.7327814 0.6082441
0.4262052 0.7002106 0.5743749
0.4332745 0.6798318 0.5216285
0.4250156 0.7002455 0.5750118
0.3462979 0.9078237 0.5590279
0.4329858 0.6777989 0.5015089
0.4230946 0.7038968 0.5804942
0.3452226 0.9100405 0.5539432
0.4274795 0.6919134 0.5609214
0.3890529 0.7932162 0.6298376
0.4200071 0.7112461 0.5896786
0.3462186 0.9054838 0.5630884
0.3411501 0.9182905 0.5256847
0.365308 0.8545077 0.6157215
0.4242726 0.6987134 0.5733268
0.3574247 0.8739645 0.6022962
0.3732229 0.8321244 0.6250595
0.4290428 0.6856032 0.5467696
0.3772393 0.8208674 0.6278492
0.4136982 0.7252379 0.6033994
0.4278749 0.688209 0.5535809
0.4280348 0.6877806 0.5525584
0.3447422 0.9046596 0.5635256
0.4318766 0.6774623 0.5047998
0.3710108 0.8340247 0.6243022
0.4297915 0.6813529 0.5337922
0.4144583 0.7207186 0.5998181
0.338405 0.9153681 0.5331795
0.4309481 0.6774725 0.5105991
0.3990421 0.7586608 0.6229136
0.3406166 0.9078349 0.5548275
0.4304581 0.6774869 0.5127264
0.3377677 0.9123293 0.5417994
0.3716834 0.8260384 0.6264004
0.3655622 0.8405619 0.6215377
0.3593664 0.8554343 0.6141295
0.3518489 0.8742731 0.6004443
0.4298195 0.676585 0.5022776
0.3628545 0.8449285 0.6194957
0.3343684 0.9163148 0.5224125
0.4155438 0.7121695 0.5922079
0.3999935 0.7503753 0.6198364
0.3393968 0.8997871 0.56793
0.3362126 0.9067686 0.5534459
0.4215841 0.694673 0.5690798
0.3953185 0.7594806 0.6236285
0.3359469 0.9065318 0.5537119
0.3589296 0.8488964 0.6171586
0.4019922 0.7413774 0.6155926
0.3394141 0.8954707 0.5740748
0.3300767 0.9166123 0.5041709
0.3983767 0.7486079 0.6193968
0.4279298 0.6758025 0.5006601
0.4239231 0.6854392 0.5510385
0.4160651 0.7044438 0.5842591
0.3688892 0.8186866 0.6276507
0.3878682 0.7722658 0.627465
0.3402161 0.8863448 0.5853215
0.4083985 0.7210786 0.6019226
0.4054823 0.7279558 0.6074149
0.3473252 0.8681834 0.60356
0.3301695 0.9089493 0.5426305
0.390089 0.7643034 0.6255414
0.3515747 0.8566513 0.6118208
0.4193093 0.6933301 0.5684713
0.3991796 0.7414486 0.6161706
0.337143 0.8897762 0.5800493
0.3443719 0.8713192 0.6003739
0.416117 0.7000645 0.5792356
0.4024126 0.7325408 0.610912
0.3935905 0.7522274 0.6214964
0.4132655 0.7055864 0.5867001
0.3251603 0.9142929 0.5091873
0.3347861 0.8907968 0.5776185
0.4217482 0.6850758 0.552196
0.4258701 0.675282 0.5090153
0.3305973 0.9004889 0.5609184
0.3634557 0.8219197 0.6265664
0.4130776 0.704402 0.58555
0.3897388 0.7590101 0.6241691
0.3261792 0.908141 0.5402461
0.4098131 0.7116953 0.5939094
0.3454762 0.8618546 0.6072501
0.3952822 0.7444046 0.6182053
0.3327701 0.8901296 0.5773818
0.3624901 0.8202003 0.6268424
0.3730424 0.795312 0.6299919
0.414407 0.6985574 0.5782928
0.3580369 0.8291088 0.6241925
0.3464947 0.8543509 0.6118987
0.4085975 0.710974 0.5937341
0.3485509 0.8494098 0.6148952
0.3228036 0.9088033 0.5337061
0.321378 0.9111369 0.5211827
0.3807827 0.7742705 0.6283025
0.4042576 0.7197561 0.6022399
0.4194049 0.6841515 0.5523714
0.3902449 0.7504097 0.6213633
0.3265193 0.8955117 0.5661939
0.4232957 0.6738428 0.5018257
0.3781313 0.7752051 0.6286013
0.3780313 0.774663 0.6285332
0.3332052 0.8756063 0.5928628
0.4226018 0.6736816 0.5061754
0.3293991 0.8809248 0.5861197
0.316025 0.9106382 0.5029196
0.3271765 0.8845643 0.5810848
0.4218411 0.6736951 0.5110441
0.3704566 0.7877594 0.6299247
0.4213109 0.6739503 0.5154439
0.3854973 0.7527199 0.6228392
0.3172116 0.9012252 0.5477815
0.4192904 0.6758635 0.5299599
0.372285 0.7780523 0.6292418
0.3190841 0.8936473 0.5638658
0.3462389 0.8342558 0.6208433
0.4102149 0.6950988 0.5763284
0.3635908 0.7954296 0.6298877
0.3262994 0.876168 0.5894468
0.3124829 0.9048288 0.5314072
0.3350366 0.8548792 0.6086723
0.3107182 0.906827 0.5183063
0.393068 0.7295697 0.6115559
0.3110701 0.904501 0.5301824
0.3984331 0.717109 0.6022281
0.3118333 0.9012879 0.5414525
0.4100262 0.691823 0.5721745
0.3714362 0.7738854 0.6288247
0.313548 0.8970288 0.5531689
0.3249788 0.8707673 0.5938073
0.3092029 0.9034606 0.5307932
0.3192303 0.8814132 0.5804931
0.3864244 0.7396187 0.6178726
0.4185194 0.6716495 0.5013469
0.4182537 0.6719995 0.5106516
0.3623572 0.7895617 0.6299986
0.388547 0.734418 0.6150978
0.3326454 0.8513807 0.6100522
0.3798059 0.7520408 0.6234426
0.3118949 0.8943591 0.5568222
0.3415671 0.831735 0.6209617
0.367052 0.778254 0.6294799
0.3805801 0.7491612 0.6224354
0.3279357 0.8587072 0.6041195
0.3856337 0.738409 0.6175202
0.4108292 0.6857702 0.5625969
0.3211443 0.8695341 0.5932851
0.4029277 0.6999607 0.5857341
0.3267915 0.8562822 0.605359
0.376157 0.7535461 0.6243755
0.3520154 0.8026853 0.6288937
0.3028108 0.9030951 0.5180429
0.4163312 0.6709445 0.5091445
0.3623418 0.7806376 0.6297882
0.4010563 0.7013451 0.5880324
0.4154543 0.6718407 0.5197756
0.3030818 0.9002225 0.5318279
0.3856541 0.7323072 0.6147594
0.3248412 0.8553391 0.6053515
0.3140649 0.8765333 0.5831391
0.4086046 0.6849049 0.5629529
0.3367993 0.8300877 0.6207228
0.404034 0.6940291 0.5786152
0.4144446 0.6728703 0.5272263
0.3055374 0.8926756 0.5541413
0.3081694 0.885648 0.5681187
0.3866337 0.7278458 0.6122878
0.380291 0.7401392 0.6192873
0.3883758 0.723753 0.6095769
0.3305317 0.8390023 0.6158397
0.3318356 0.8360612 0.6174212
0.318181 0.8628601 0.5976082
0.3013566 0.8945019 0.5457308
0.3404413 0.8164793 0.6253588
0.3736846 0.7503543 0.6238268
0.401661 0.694494 0.5805236
0.2992693 0.8969188 0.5364373
0.2994226 0.8940334 0.5444996
0.405171 0.6862622 0.5676885
0.4060007 0.6844964 0.5643823
0.384199 0.7266483 0.6123036
0.3677048 0.7580801 0.6264941
0.3585469 0.775851 0.6296152
0.3290093 0.8332665 0.617991
0.3032361 0.8832849 0.5679296
0.3695173 0.7541649 0.6253939
0.3963223 0.701117 0.5900793
0.3044804 0.8790463 0.5745474
0.3089909 0.8702897 0.586939
0.301781 0.8838806 0.5659389
0.3250455 0.8380497 0.6149905
0.3980102 0.6965768 0.5847927
0.3851379 0.7211837 0.6090485
0.3462956 0.7958494 0.6293081
0.2919206 0.8987188 0.5080824
0.4119878 0.668588 0.5068216
0.3092763 0.8653203 0.5917376
0.3020056 0.879012 0.5729362
0.2922083 0.8973055 0.5205676
0.3076496 0.8673471 0.5891043
0.3046644 0.8729967 0.5817865
0.2911724 0.8986097 0.500627
0.2914538 0.8976488 0.5159587
0.383482 0.7218097 0.6098949
0.2964023 0.8872106 0.5556749
0.3670255 0.7524648 0.6252952
0.4099258 0.6709398 0.5287527
0.4105183 0.669646 0.5215505
0.3564093 0.7698501 0.6292084
0.3889096 0.7085678 0.5994771
0.4025493 0.6827 0.5643871
0.2991667 0.8760433 0.5748171
0.3651459 0.7522037 0.6254734
0.2904234 0.8911721 0.53974
0.4099465 0.6674818 0.5063921
0.3514334 0.7760117 0.6298352
0.2866066 0.8959864 0.5067529
0.3052905 0.8611135 0.5935564
0.398838 0.6875486 0.5739642
0.3408087 0.7949134 0.6291159
0.2905035 0.8873743 0.5490415
0.3631847 0.7528951 0.6258801
0.3905976 0.7017415 0.5933224
0.4002878 0.6833136 0.5671369
0.4031762 0.6778605 0.5556369
0.3591285 0.75854 0.62746
0.3234186 0.8229184 0.6207959
0.3081467 0.8507805 0.6026111
0.3071389 0.8524618 0.6010571
0.4063215 0.6711708 0.5361539
0.3713118 0.7350833 0.6191477
0.3063038 0.8537165 0.5998232
0.2887671 0.8848523 0.5523104
0.4078514 0.6678784 0.5197302
0.4077284 0.666757 0.5122995
0.3166739 0.8311609 0.6160846
0.382031 0.7130222 0.6051126
0.3039386 0.8539425 0.5986907
0.2974789 0.8655651 0.5855145
0.388963 0.7001094 0.5926927
0.2939064 0.8713018 0.5771067
0.4070904 0.6672531 0.5185233
0.3685287 0.7354618 0.6198659
0.2851996 0.8829163 0.5522236
0.2899363 0.8743459 0.5704478
0.3613294 0.7466955 0.624623
0.3870903 0.7007262 0.5940983
0.381128 0.7112937 0.6043261
0.3495951 0.7665293 0.6292481
0.3948856 0.686058 0.5748317
0.3196403 0.8188215 0.621475
0.3009151 0.8518984 0.5989529
0.3975309 0.6810607 0.566077
0.364987 0.7382627 0.6215352
0.2781821 0.8911282 0.5095421
0.378623 0.7136158 0.6066685
0.2912065 0.8670494 0.5802428
0.2785125 0.8891566 0.523966
0.2793913 0.8873777 0.5328117
0.2783759 0.8889467 0.5245704
0.4024891 0.6711063 0.5419102
0.361232 0.7431688 0.623686
0.3996444 0.6756779 0.5552427
0.3097094 0.8321891 0.6138077
0.2919418 0.8618212 0.5861273
0.2857876 0.8723537 0.5699531
0.3444762 0.7694551 0.6296961
0.2885562 0.8661995 0.5794973
0.3989899 0.6749275 0.5545457
0.3555202 0.7501503 0.6262194
0.3651778 0.7332226 0.6197431
0.3519791 0.7559665 0.6277056
0.341733 0.7733011 0.6299328
0.3563801 0.7478224 0.625591
0.2898296 0.8623533 0.5843809
0.2958441 0.8513485 0.597173
0.3582185 0.7437882 0.624328
0.2826265 0.8737248 0.5654124
0.3731169 0.7181276 0.6110093
0.3350641 0.7835183 0.6297534
0.2753327 0.8854213 0.5315154
0.367249 0.7272429 0.6169237
0.3078942 0.8287064 0.6149448
0.2768872 0.8813789 0.5453121
0.3332036 0.7845166 0.6296298
0.4038616 0.6639311 0.5033083
0.3515618 0.7529291 0.6272222
0.3611858 0.7365242 0.6216838
0.276339 0.8809284 0.5456108
0.3317181 0.7862166 0.6294429
0.3621585 0.7337342 0.6205544
0.3022227 0.8351223 0.610095
0.3878097 0.6899054 0.5837467
0.3983993 0.6719142 0.5492561
0.3885023 0.6881475 0.5814801
0.2808574 0.8696987 0.5696489
0.2806241 0.8694203 0.5698382
0.390402 0.6836444 0.5750649
0.32979 0.7848917 0.6294574
0.3995999 0.6678776 0.5377758
0.302787 0.8297459 0.6130298
0.2980551 0.8362253 0.6081001
0.2687489 0.8845731 0.5180084
0.2758678 0.872441 0.5612231
0.3327955 0.7775859 0.6299368
0.2680074 0.8843468 0.5166023
0.268459 0.8830492 0.5249092
0.3798218 0.6986314 0.5958319
0.3606741 0.7294589 0.6193405
0.335207 0.7712827 0.6299742
0.3577028 0.7339615 0.6215275
0.3424371 0.7582743 0.6288224
0.3843879 0.6894419 0.58534
0.3790196 0.6977544 0.5955262
0.2878385 0.8462613 0.5974087
0.2899926 0.8422033 0.6012766
0.3914172 0.6768197 0.5651406
0.2659091 0.88105 0.5267836
0.3681537 0.7143844 0.6106017
0.2750891 0.8655281 0.5705667
0.3964947 0.6676252 0.5421022
0.335063 0.7660359 0.6298123
0.3970703 0.6658654 0.5364248
0.2987068 0.824231 0.6144605
0.2625243 0.8822216 0.5018576
0.2627149 0.8815277 0.5135039
0.3478282 0.7435294 0.6257846
0.3947921 0.6682745 0.5461214
0.2780111 0.8550317 0.5845832
0.3821253 0.6884587 0.5857438
0.3000522 0.8194762 0.6168923
0.2743967 0.8575196 0.5796401
0.2854301 0.8399694 0.6008605
0.2976773 0.820142 0.6159849
0.2945864 0.8239663 0.6133801
0.2674562 0.8665794 0.5622691
0.3808734 0.6877525 0.5858234
0.2877178 0.8342431 0.6055011
0.3747778 0.6971138 0.5970683
0.3796168 0.6889563 0.5877087
0.2903678 0.827872 0.6100766
0.2789181 0.845731 0.5934477
0.2651711 0.8672003 0.5589464
0.3865851 0.6772938 0.5700169
0.3972021 0.6605739 0.5130867
0.3974535 0.6600308 0.5041885
0.397283 0.6598995 0.5035694
0.3963394 0.661352 0.5214457
0.2739414 0.8500466 0.5868906
0.385108 0.6776119 0.5716581
0.2766958 0.8449066 0.5929526
0.3875515 0.6736098 0.5640003
0.2588319 0.8723095 0.5403026
0.3459735 0.737302 0.6245958
0.3303415 0.7607753 0.6296955
0.3033861 0.8014019 0.6237379
0.3160239 0.7814538 0.6289805
0.3724899 0.694823 0.5964534
0.2847163 0.8284715 0.6077482
0.2568141 0.8709685 0.5403697
0.3850545 0.6750716 0.5683748
0.3934151 0.6619155 0.5313948
0.3184669 0.7756967 0.6296074
0.3414892 0.7406576 0.626043
0.3186756 0.7752724 0.6296431
0.3656519 0.7036664 0.6054606
0.308637 0.7899621 0.6270762
0.3951496 0.6587037 0.5074161
0.3568004 0.7166697 0.6151769
0.2788575 0.8342286 0.6018674
0.3552869 0.7187133 0.6164708
0.2521844 0.8741357 0.5178761
0.3725531 0.692319 0.5944889
0.2541271 0.8691283 0.5405343
0.3429976 0.7355767 0.6246533
0.3157401 0.775056 0.6295278
0.3679753 0.6970271 0.6001968
0.2998559 0.7979565 0.6240319
0.3047838 0.7899787 0.6265931
0.3451242 0.7300488 0.6227958
0.3214071 0.7646291 0.6299978
0.3274078 0.7550126 0.6294382
0.3797431 0.6775105 0.5758339
0.2483188 0.8709388 0.5211851
0.3759375 0.6820872 0.5834672
0.2636268 0.8463887 0.5838383
0.3904223 0.6601613 0.5322317
0.3412157 0.7320694 0.6240722
0.3924342 0.6571312 0.5104685
0.3728885 0.6856139 0.5887052
0.2846695 0.8139809 0.6149457
0.2802991 0.8201397 0.6106275
0.3439608 0.7268232 0.6220779
0.2768443 0.824374 0.6070751
0.3013914 0.7884603 0.6264385
0.3747724 0.6818638 0.58403
0.3135254 0.770686 0.6297085
0.2656926 0.8396294 0.5912313
0.301312 0.7877395 0.6265683
0.307558 0.7786036 0.6286616
0.360948 0.7013075 0.6059453
0.2809481 0.8170111 0.6123917
0.3918485 0.6562555 0.5029277
0.3851963 0.6647356 0.5518615
0.2770349 0.8198452 0.6096146
0.3368043 0.734062 0.6252939
0.3814597 0.6698833 0.5645401
0.3204485 0.7571641 0.6298445
0.2452133 0.8648049 0.5358098
0.2509969 0.856474 0.560945
0.2868836 0.804795 0.6191853
0.3403024 0.7282921 0.6232333
0.3831597 0.6668049 0.5579996
0.2694146 0.8275984 0.6019884
0.3447647 0.7204264 0.6198338
0.3415208 0.7247536 0.6219664
0.3871837 0.659959 0.5382047
0.3407474 0.7250823 0.6222276
0.3645074 0.6914812 0.5979887
0.3900704 0.6552134 0.5071929
0.2403946 0.8661776 0.5171304
0.3410705 0.7238598 0.6217921
0.2715408 0.821624 0.6065304
0.350206 0.7104617 0.6144392
0.3821808 0.6653869 0.5567937
0.3379912 0.7273725 0.6234272
0.3800143 0.6683156 0.5637504
0.265139 0.8287865 0.5991706
0.2873362 0.7976335 0.6216639
0.284517 0.8011268 0.6198812
0.2693917 0.8219044 0.6054825
0.376664 0.6716123 0.5713578
0.3149389 0.757219 0.6299624
0.265851 0.8253496 0.6018028
0.273064 0.8146141 0.6108462
0.3397583 0.7219205 0.6214856
0.3729123 0.6751258 0.5785043
0.345864 0.7123294 0.6165315
0.2410704 0.856179 0.549152
0.3867205 0.6555564 0.5250279
0.3859113 0.6565755 0.5309258
0.2662339 0.8207248 0.6048331
0.3706218 0.6774513 0.582592
0.2882332 0.790446 0.6238698
0.2379941 0.8591986 0.537073
0.2705285 0.8136966 0.6103844
0.2682019 0.8145101 0.6090937
0.2435738 0.8478851 0.5656958
0.28763 0.7876768 0.6244516
0.2954196 0.7765455 0.6277669
0.3824108 0.6585502 0.5432249
0.3862815 0.6531799 0.5141953
0.2918533 0.7802141 0.6267097
0.2317882 0.8605806 0.5125262
0.2315671 0.8608557 0.5080932
0.234298 0.8570857 0.5353799
0.3137441 0.7502719 0.6297519
0.3225952 0.7380273 0.627925
0.2923713 0.7777028 0.6272202
0.3169208 0.7441838 0.6291542
0.3176501 0.7431086 0.6289988
0.2297287 0.8597659 0.502517
0.3793148 0.6604411 0.5517959
0.2757537 0.7979559 0.6187443
0.2323354 0.8542432 0.5390509
0.2298383 0.8568474 0.5249692
0.2285233 0.858388 0.5101705
0.3276592 0.7274855 0.6253099
0.3416781 0.7086369 0.6162978
0.2279726 0.8584483 0.5021465
0.3291584 0.7248214 0.6244339
0.2441778 0.8353495 0.5808666
0.3215411 0.7339174 0.627418
0.3120546 0.746289 0.6295999
0.3639796 0.6782151 0.5878685
0.3448683 0.7030806 0.612901
0.2266404 0.8574435 0.5015802
0.3417256 0.7064377 0.6153929
0.3842785 0.6508297 0.5052992
0.3458987 0.700779 0.6114645
0.2975544 0.7636068 0.6294097
0.2467099 0.8286794 0.5887914
0.3814032 0.6537389 0.5326509
0.3675602 0.6716422 0.5790527
0.2936475 0.7667316 0.6288525
0.274007 0.7918364 0.6203675
0.2570508 0.8130891 0.6052577
0.2629396 0.8042489 0.6121758
0.3036618 0.7519771 0.6299988
0.2319367 0.8436798 0.5589618
0.3614874 0.6773263 0.588754
0.3387226 0.7062421 0.616251
0.2943994 0.7626275 0.6292936
0.2281967 0.8469816 0.5481243
0.2262512 0.8490504 0.5403091
0.3116554 0.7399705 0.6291383
0.2266472 0.8482454 0.5429071
0.3653872 0.6714404 0.5805641
0.3543509 0.6854913 0.5990816
0.2546908 0.8118645 0.6049023
0.3021626 0.7514509 0.63
0.3818327 0.6500652 0.5161366
0.3205393 0.7275473 0.6264434
0.3735574 0.6601444 0.5587726
0.277471 0.7818133 0.6239871
0.2292555 0.8416097 0.5589032
0.3029905 0.7484621 0.6299675
0.2255456 0.8459653 0.5459522
0.2293161 0.8406458 0.5604376
0.2391107 0.8280032 0.5841316
0.2922707 0.7611587 0.6292762
0.3816991 0.6487272 0.5031909
0.371556 0.661108 0.5625601
0.2212393 0.8494846 0.5275716
0.2325558 0.8350523 0.5712994
0.2483118 0.8151551 0.5997859
0.2207889 0.849315 0.5268782
0.3308955 0.7115079 0.6203297
0.2766172 0.7793261 0.6244246
0.2864522 0.7666925 0.6281838
0.2983006 0.7514653 0.6299785
0.2964287 0.7537755 0.6298904
0.2201914 0.8477947 0.5304699
0.2214518 0.846037 0.5383352
0.219708 0.8478852 0.5288759
0.3799261 0.6486936 0.5170414
0.2322116 0.8315557 0.5749881
0.3481911 0.6874841 0.6034248
0.222335 0.8426161 0.5475212
0.3758075 0.652523 0.5411667
0.2158321 0.8467672 0.5207765
0.2210232 0.8400367 0.550399
0.2211703 0.8397412 0.5511574
0.2817437 0.7657436 0.6277874
0.3477893 0.6849382 0.6020936
0.3382041 0.6962115 0.6121859
0.2924314 0.7512949 0.6298645
0.2312242 0.8252442 0.5806873
0.27321 0.7742908 0.624943
0.2924144 0.7509691 0.6298752
0.2150656 0.8440251 0.529105
0.2410306 0.8126004 0.5975447
0.2159359 0.8405696 0.5406343
0.2490508 0.8004983 0.6085693
0.3319566 0.701205 0.6164184
0.21698 0.8386039 0.5467369
0.2175641 0.8376393 0.5495329
0.302921 0.7354905 0.629356
0.3141157 0.7220514 0.6263921
0.2112718 0.8442203 0.5136729
0.2231211 0.8299396 0.568121
0.3775703 0.6453816 0.5041216
0.3402767 0.6896656 0.6082144
0.3748872 0.6483966 0.5323908
0.2598124 0.7842499 0.6190858
0.2395747 0.8077962 0.5998994
0.3228294 0.7090801 0.6216087
0.2616068 0.7812774 0.6205287
0.3771345 0.6449375 0.5013871
0.339016 0.6897074 0.6087728
0.305735 0.728862 0.6284825
0.3542944 0.6714382 0.5887321
0.3484913 0.6779125 0.5972079
0.2191454 0.8292022 0.564749
0.3522282 0.6727875 0.5912009
0.2216258 0.8253824 0.5720421
0.3747967 0.6462382 0.5254402
0.2808474 0.7545071 0.6290289
0.2112199 0.8352675 0.5435426
0.3642057 0.6575748 0.5660242
0.3734093 0.6468246 0.5314534
0.3672502 0.6539459 0.5572356
0.3704386 0.6501265 0.5457152
0.3107705 0.7184881 0.6262599
0.2071519 0.8376619 0.5279373
0.3703494 0.6493525 0.5442871
0.3092632 0.7193143 0.6266443
0.2046805 0.8394895 0.5031028
0.2883556 0.7430587 0.6299798
0.2290323 0.8109666 0.5913841
0.3535473 0.667851 0.5862817
0.2762787 0.7559888 0.6284565
0.3228301 0.7026246 0.6196456
0.3505224 0.6706958 0.5907258
0.3624835 0.6569092 0.5670767
0.3558895 0.6641885 0.5811791
0.3660494 0.6524993 0.5566137
0.2150197 0.8226836 0.5684663
0.3623803 0.6556556 0.565606
0.2993617 0.7262941 0.6288074
0.3700885 0.6459975 0.5371741
0.3591658 0.657544 0.5713285
0.2562464 0.7726517 0.6216931
0.368003 0.6475381 0.5448087
0.2357846 0.7949275 0.6054922
0.3018036 0.7212068 0.6279508
0.3701875 0.6447231 0.533581
0.3729603 0.6413678 0.5040462
0.266611 0.7596999 0.6266868
0.2407163 0.788075 0.6110561
0.3549401 0.6611416 0.5790758
0.1991289 0.8339877 0.5111223
0.3589712 0.6562573 0.5700518
0.3345969 0.6831453 0.607419
0.1983662 0.8337698 0.5057566
0.2020129 0.8296342 0.5378788
0.2420653 0.7852883 0.6128114
0.323855 0.6947294 0.6166301
0.2403912 0.7864597 0.6116471
0.2267179 0.801249 0.5968344
0.2171487 0.8112235 0.5823958
0.2218682 0.805586 0.5906225
0.3181881 0.6996367 0.6200081
0.2448188 0.7794756 0.6161191
0.1974972 0.8302028 0.5237131
0.3545153 0.6579705 0.5763144
0.2893048 0.7280578 0.6296515
0.1950129 0.8300476 0.5126107
0.3706076 0.6397533 0.5108757
0.2098736 0.8127617 0.5743977
0.362236 0.6483268 0.555483
0.2647488 0.7532381 0.6274447
0.347882 0.663268 0.5867195
0.2281614 0.7907611 0.6039677
0.3530143 0.6571075 0.5768474
0.3629131 0.646365 0.5512724
0.3277884 0.6835874 0.6106226
0.1984687 0.8211846 0.5486693
0.3688741 0.6391442 0.5175785
0.1913348 0.8272982 0.5054176
0.3149937 0.6957623 0.6197277
0.2058178 0.8104827 0.5727794
0.2837347 0.7276678 0.629862
0.1973692 0.8161849 0.555253
0.2251334 0.7869656 0.6044714
0.2133363 0.7992164 0.5894057
0.3678171 0.6378231 0.5158083
0.2083719 0.8040175 0.5815055
0.3647506 0.6409671 0.5369321
0.286189 0.7224306 0.629493
0.2049848 0.8065826 0.5759971
0.3627832 0.6424289 0.5442801
0.3480668 0.6575637 0.5817035
0.2473314 0.7615546 0.6224474
0.3620934 0.6427488 0.5461907
0.2670663 0.7409231 0.6291183
0.1909928 0.818301 0.5402177
0.3555344 0.6486341 0.5647518
0.354719 0.6494526 0.5667226
0.1926673 0.8160208 0.5479838
0.1986263 0.808844 0.5668055
0.2036117 0.8021408 0.5789986
0.247099 0.7575328 0.6233832
0.2404162 0.7641559 0.6198519
0.350915 0.6508439 0.5724876
0.3340958 0.6678421 0.5992154
0.1938553 0.8096274 0.5598114
0.2617587 0.7408733 0.6286349
0.3194875 0.6824448 0.6135218
0.3506858 0.6506898 0.5725645
0.365218 0.6357798 0.5184605
0.1830274 0.819011 0.5086682
0.1863706 0.8154271 0.5363593
0.3566147 0.6441904 0.5573778
0.3631828 0.637224 0.5311072
0.3656312 0.6345842 0.5068122
0.2586403 0.7416933 0.628198
0.182736 0.8176297 0.5165855
0.3020566 0.6980081 0.6236867
0.2963919 0.7033442 0.6259385
0.2764781 0.7232108 0.6299349
0.224584 0.7748794 0.6101032
0.2411735 0.7580298 0.6217875
0.3516373 0.6478428 0.5683998
0.2190796 0.7794944 0.6052721
0.3651351 0.6339123 0.5037939
0.187686 0.8100322 0.5498361
0.1891149 0.8083805 0.554789
0.3463663 0.6523153 0.5784521
0.1979463 0.7992778 0.5763599
0.1904098 0.8063729 0.559552
0.2884917 0.7090178 0.6280137
0.2949001 0.7017058 0.6259145
0.2328931 0.7625119 0.6180192
0.2894634 0.7064925 0.6275535
0.178942 0.8148506 0.5091622
0.2062965 0.7879586 0.5925265
0.1791456 0.8145497 0.5132729
0.2237308 0.7705679 0.6115886
0.3416846 0.6550182 0.5849237
0.2345674 0.7597482 0.6194154
0.2064817 0.7859164 0.5940404
0.3480771 0.6478013 0.5722961
0.2637206 0.7295264 0.6296591
0.3474295 0.6481255 0.5733173
0.2578794 0.7349846 0.62883
0.19397 0.7963679 0.5752392
0.1788376 0.8108501 0.5279498
0.3466166 0.6483568 0.5743961
0.2292483 0.7618548 0.6170017
0.2847485 0.7079494 0.6283402
0.3630259 0.63195 0.5070492
0.3481536 0.6461109 0.5704226
0.1757415 0.8116822 0.5077983
0.3333473 0.660132 0.5948679
0.3535537 0.6407077 0.5568494
0.2768953 0.7141497 0.6295548
0.2838751 0.7070931 0.628346
0.1895147 0.7974063 0.5693713
0.174973 0.8110433 0.5056233
0.2076466 0.7788179 0.5992233
0.2216689 0.7651265 0.6129299
0.3507558 0.6419854 0.5624717
0.3412213 0.6510261 0.5820121
0.1769264 0.806832 0.5336904
0.300712 0.6892147 0.6218911
0.2897964 0.6991494 0.6263863
0.2254528 0.7600892 0.6162528
0.3596572 0.6328487 0.5288789
0.3061126 0.6831666 0.6185824
0.2870373 0.7008928 0.627115
0.359532 0.632413 0.5279497
0.2382862 0.7466111 0.6238223
0.2290676 0.754999 0.6191206
0.1971689 0.7842249 0.5883977
0.217603 0.7647808 0.6113362
0.3364816 0.6531395 0.5876925
0.2880237 0.6984769 0.6265832
0.2342825 0.7487757 0.6223279
0.3490902 0.6412492 0.5637434
0.3442944 0.6455505 0.5740352
0.2928338 0.6933952 0.6247436
0.3446253 0.6449095 0.5730449
0.2538203 0.7295867 0.628933
0.1708691 0.8068753 0.5003081
0.2420027 0.7404011 0.6258356
0.1723498 0.8050985 0.5243196
0.2540421 0.7289258 0.6290104
0.1706802 0.8064911 0.5056785
0.352284 0.6373174 0.5538621
0.2203042 0.7597198 0.6144327
0.3257682 0.6617401 0.6006578
0.317428 0.669278 0.6088815
0.2557481 0.7260603 0.6293674
0.3160627 0.6701655 0.6099116
0.3599688 0.6294723 0.5136057
0.3376871 0.6494341 0.5838147
0.3128619 0.6721213 0.6121508
0.1901931 0.7848777 0.5820017
0.1857544 0.7881594 0.5747444
0.351052 0.636451 0.5545549
0.2729341 0.7077726 0.6294243
0.3228511 0.6619068 0.6024623
0.2105103 0.7643549 0.6082202
0.2081029 0.7660829 0.6062025
0.208344 0.7650411 0.606818
0.208648 0.7643032 0.6073146
0.359069 0.6275434 0.5044433
0.3207424 0.6620579 0.6037387
0.2443417 0.7304748 0.627726
0.1778941 0.790171 0.5633254
0.29952 0.6804163 0.6198778
0.2319242 0.7404726 0.6236519
0.1746214 0.7910097 0.5576274
0.1755867 0.7899414 0.5604361
0.3565682 0.6280998 0.5243859
0.1674306 0.7962855 0.5342497
0.3458306 0.6371632 0.5631233
0.1825425 0.7824167 0.5767879
0.265606 0.7081954 0.6298377
0.1840898 0.7805268 0.5799787
0.3578113 0.6262292 0.5059305
0.3498444 0.6325322 0.5506634
0.2097512 0.7560997 0.6113561
0.2111549 0.7537862 0.6128715
0.2688073 0.7028395 0.6294035
0.3044227 0.6711518 0.6152689
0.3522252 0.6292837 0.5401202
0.3275962 0.6507429 0.5928503
0.2478759 0.7202656 0.6291561
0.3500305 0.6308603 0.5476199
0.1912674 0.7686635 0.5945103
0.2163764 0.746598 0.6173981
0.1620194 0.7937654 0.52379
0.1847409 0.7740127 0.5857623
0.3197319 0.6566773 0.6015529
0.1894575 0.7696931 0.5925395
0.1621488 0.7930576 0.5266318
0.1958035 0.7638054 0.6003425
0.1869462 0.7700015 0.5904187
0.1637946 0.7880949 0.5427902
0.1629184 0.7884978 0.54003
0.3549944 0.6239589 0.5141099
0.2306392 0.7298919 0.6254408
0.2674181 0.6980785 0.6291887
0.1699636 0.7809756 0.5634909
0.3230315 0.6503406 0.5958771
0.2508397 0.7116566 0.6298155
0.3038964 0.6663864 0.6138135
0.1943123 0.7592669 0.6018165
0.1627622 0.7839713 0.5478508
0.2780009 0.6866834 0.6265051
0.3328913 0.6403128 0.5808553
0.3538685 0.622686 0.5144384
0.2744872 0.6887991 0.627396
0.3438672 0.6306242 0.5578248
0.3411428 0.6327335 0.5642931
0.2613908 0.698689 0.6296526
0.3166305 0.6525278 0.6012921
0.3163578 0.6525273 0.6014602
0.2843127 0.6786879 0.6237222
0.1597809 0.7801569 0.5482278
0.3338498 0.6366885 0.576854
0.1544999 0.7840716 0.5264132
0.3483807 0.6237249 0.5380537
0.1601209 0.7761541 0.5547132
0.3524112 0.6198642 0.5058383
0.2837712 0.675534 0.6232009
0.2569212 0.6972339 0.6298131
0.222058 0.7250131 0.6244416
0.3420789 0.627677 0.5568254
0.338726 0.6303746 0.5649378
0.3194063 0.6459495 0.5958676
0.3050885 0.657473 0.6099104
0.2373961 0.7116894 0.6288434
0.3054969 0.6566646 0.6093846
0.1521818 0.7799929 0.5299088
0.2944438 0.6651131 0.6171563
0.1588872 0.7739648 0.5556011
0.3188789 0.6452305 0.5958309
0.2784279 0.6775343 0.624894
0.2798213 0.6762287 0.6243283
0.1483701 0.7806745 0.5047552
0.2374082 0.7095094 0.6290203
0.1920345 0.7453331 0.6070627
0.3505586 0.6188071 0.5153819
0.220204 0.7224323 0.6244925
0.1538975 0.7751389 0.5445158
0.2246001 0.7189069 0.6260499
0.15139 0.7770096 0.5347567
0.3037421 0.6559454 0.6099706
0.3063803 0.6536736 0.607699
0.1678604 0.76328 0.5782242
0.2630613 0.6874155 0.6287618
0.2900162 0.665931 0.6189852
0.1571319 0.7707068 0.5569678
0.350767 0.6176518 0.502915
0.1802339 0.7519943 0.5964836
0.3429912 0.623255 0.5490498
        </DataArray>
      </Points>
      <Verts>
        <DataArray type="Int64" Name="connectivity" format="ascii">
0
1
2
3
4
5
6
7
8
9
10
11
12
13
14
15
16
17
18
19
20
21
22
23
24
25
26
27
28
29
30
31
32
33
34
35
36
37
38
39
40
41
42
43
44
45
46
47
48
49
50
51
52
53
54
55
56
57
58
59
60
61
62
63
64
65
66
67
68
69
70
71
72
73
74
75
76
77
78
79
80
81
82
83
84
85
86
87
88
89
90
91
92
93
94
95
96
97
98
99
100
101
102
103
104
105
106
107
108
109
110
111
112
113
114
115
116
117
118
119
120
121
122
123
124
125
126
127
128
129
130
131
132
133
134
135
136
137
138
139
140
141
142
143
144
145
146
147
148
149
150
151
152
153
154
155
156
157
158
159
160
161
162
163
164
165
166
167
168
169
170
171
172
173
174
175
176
177
178
179
180
181
182
183
184
185
186
187
188
189
190
191
192
193
194
195
196
197
198
199
200
201
202
203
204
205
206
207
208
209
210
211
212
213
214
215
216
217
218
219
220
221
222
223
224
225
226
227
228
229
230
231
232
233
234
235
236
237
238
239
240
241
242
243
244
245
246
247
248
249
250
251
252
253
254
255
256
257
258
259
260
261
262
263
264
265
266
267
268
269
270
271
272
273
274
275
276
277
278
279
280
281
282
283
284
285
286
287
288
289
290
291
292
293
294
295
296
297
298
299
300
301
302
303
304
305
306
307
308
309
310
311
312
313
314
315
316
317
318
319
320
321
322
323
324
325
326
327
328
329
330
331
332
333
334
335
336
337
338
339
340
341
342
343
344
345
346
347
348
349
350
351
352
353
354
355
356
357
358
359
360
361
362
363
364
365
366
367
368
369
370
371
372
373
374
375
376
377
378
379
380
381
382
383
384
385
386
387
388
389
390
391
392
393
394
395
396
397
398
399
400
401
402
403
404
405
406
407
408
409
410
411
412
413
414
415
416
417
418
419
420
421
422
423
424
425
426
427
428
429
430
431
432
433
434
435
436
437
438
439
440
441
442
443
444
445
446
447
448
449
450
451
452
453
454
455
456
457
458
459
460
461
462
463
464
465
466
467
468
469
470
471
472
473
474
475
476
477
478
479
480
481
482
483
484
485
486
487
488
489
490
491
492
493
494
495
496
497
498
499
500
501
502
503
504
505
506
507
508
509
510
511
512
513
514
515
516
517
518
519
520
521
522
523
524
525
526
527
528
529
530
531
532
533
534
535
536
537
538
539
540
541
542
543
544
545
546
547
548
549
550
551
552
553
554
555
556
557
558
559
560
561
562
563
564
565
566
567
568
569
570
571
572
573
574
575
576
577
578
579
580
581
582
583
584
585
586
587
588
589
590
591
592
593
594
595
596
597
598
599
600
601
602
603
604
605
606
607
608
609
610
611
612
613
614
615
616
617
618
619
620
621
622
623
624
625
626
627
628
629
630
631
632
633
634
635
636
637
638
639
640
641
642
643
644
645
646
647
648
649
650
651
652
653
654
655
656
657
658
659
660
661
662
663
664
665
666
667
668
669
670
671
672
673
674
675
676
677
678
679
680
681
682
683
684
685
686
687
688
689
690
691
692
693
694
695
696
697
698
699
700
701
702
703
704
705
706
707
708
709
710
711
712
713
714
715
716
717
718
719
720
721
722
723
724
725
726
727
728
729
730
731
732
733
734
735
736
737
738
739
740
741
742
743
744
745
746
747
748
749
750
751
752
753
754
755
756
757
758
759
760
761
762
763
764
765
766
767
768
769
770
771
772
773
774
775
776
777
778
779
780
781
782
783
784
785
786
787
788
789
790
791
792
793
794
795
796
797
798
799
800
801
802
803
804
805
806
807
808
809
810
811
812
813
814
815
816
817
818
819
820
821
822
823
824
825
826
827
828
829
830
831
832
833
834
835
836
837
838
839
840
841
842
843
844
845
846
847
848
849
850
851
852
853
854
855
856
857
858
859
860
861
862
863
864
865
866
867
868
869
870
871
872
873
874
875
876
877
878
879
880
881
882
883
884
885
886
887
888
889
890
891
892
893
894
895
896
897
898
899
900
901
902
903
904
905
906
907
908
909
910
911
912
913
914
915
916
917
918
919
920
921
922
923
924
925
926
927
928
929
930
931
932
933
934
935
936
937
938
939
940
941
942
943
944
945
946
947
948
949
950
951
952
953
954
955
956
957
958
959
960
961
962
963
964
965
966
967
968
969
970
971
972
973
974
975
976
977
978
979
980
981
982
983
984
985
986
987
988
989
990
991
992
993
994
995
996
997
998
999
1000
1001
1002
1003
1004
1005
1006
1007
1008
1009
1010
1011
1012
1013
1014
1015
1016
1017
1018
1019
1020
1021
1022
1023
1024
1025
1026
1027
1028
1029
1030
1031
1032
1033
1034
1035
1036
1037
1038
1039
1040
1041
1042
1043
1044
1045
1046
1047
1048
1049
1050
1051
1052
1053
1054
1055
1056
1057
1058
1059
1060
1061
1062
1063
1064
1065
1066
1067
1068
1069
1070
1071
1072
1073
1074
1075
1076
1077
1078
1079
1080
1081
1082
1083
1084
1085
1086
1087
1088
1089
1090
1091
1092
1093
1094
1095
1096
1097
1098
1099
1100
1101
1102
1103
1104
1105
1106
1107
1108
1109
1110
1111
1112
1113
1114
1115
1116
1117
1118
1119
1120
1121
1122
1123
1124
1125
1126
1127
1128
1129
1130
1131
1132
1133
1134
1135
1136
1137
1138
1139
1140
1141
1142
1143
1144
1145
1146
1147
1148
1149
1150
1151
1152
1153
1154
1155
1156
1157
1158
1159
1160
1161
1162
1163
1164
1165
1166
1167
1168
1169
1170
1171
1172
1173
1174
1175
1176
1177
1178
1179
1180
1181
1182
1183
1184
1185
1186
1187
1188
1189
1190
1191
1192
1193
1194
1195
1196
1197
1198
1199
1200
1201
1202
1203
1204
1205
1206
1207
1208
1209
1210
1211
1212
1213
1214
1215
1216
1217
1218
1219
1220
1221
1222
1223
1224
1225
1226
1227
1228
1229
1230
1231
1232
1233
1234
1235
1236
1237
1238
1239
1240
1241
1242
1243
1244
1245
1246
1247
1248
1249
1250
1251
1252
1253
1254
1255
1256
1257
1258
1259
1260
1261
1262
1263
1264
1265
1266
1267
1268
1269
1270
1271
1272
1273
1274
1275
1276
1277
1278
1279
1280
1281
1282
1283
1284
1285
1286
1287
1288
1289
1290
1291
1292
1293
1294
1295
1296
1297
1298
1299
1300
1301
1302
1303
1304
1305
1306
1307
1308
1309
1310
1311
1312
1313
1314
1315
1316
1317
1318
1319
1320
1321
1322
1323
1324
1325
1326
1327
1328
1329
1330
1331
1332
1333
1334
1335
1336
1337
1338
1339
1340
1341
1342
1343
1344
1345
1346
1347
1348
1349
1350
1351
1352
1353
1354
1355
1356
1357
1358
1359
1360
1361
1362
1363
1364
1365
1366
1367
1368
1369
1370
1371
1372
1373
1374
1375
1376
1377
1378
1379
1380
1381
1382
1383
1384
1385
1386
1387
1388
1389
1390
1391
1392
1393
1394
1395
1396
1397
1398
1399
1400
1401
1402
1403
1404
1405
1406
1407
1408
1409
1410
1411
1412
1413
1414
1415
1416
1417
1418
1419
1420
1421
1422
1423
1424
1425
1426
1427
1428
1429
1430
1431
1432
1433
1434
1435
1436
1437
1438
1439
1440
1441
1442
1443
1444
1445
1446
1447
1448
1449
1450
1451
1452
1453
1454
1455
1456
1457
1458
1459
1460
1461
1462
1463
1464
1465
1466
1467
1468
1469
1470
1471
1472
1473
1474
1475
1476
1477
1478
1479
1480
1481
1482
1483
1484
1485
1486
1487
1488
1489
1490
1491
1492
1493
1494
1495
1496
1497
1498
1499
1500
1501
1502
1503
1504
1505
1506
1507
1508
1509
1510
1511
1512
1513
1514
1515
1516
1517
1518
1519
1520
1521
1522
1523
1524
1525
1526
1527
1528
1529
1530
1531
1532
1533
1534
1535
1536
1537
1538
1539
1540
1541
1542
1543
1544
1545
1546
1547
1548
1549
1550
1551
1552
1553
1554
1555
1556
1557
1558
1559
1560
1561
1562
1563
1564
1565
1566
1567
1568
1569
1570
1571
1572
1573
1574
1575
1576
1577
1578
1579
1580
1581
1582
1583
1584
1585
1586
1587
1588
1589
1590
1591
1592
1593
1594
1595
1596
1597
1598
1599
1600
1601
1602
1603
1604
1605
1606
1607
1608
1609
1610
1611
1612
1613
1614
1615
1616
1617
1618
1619
1620
1621
1622
1623
1624
1625
1626
1627
1628
1629
1630
1631
1632
1633
1634
1635
1636
1637
1638
1639
1640
1641
1642
1643
1644
1645
1646
1647
1648
1649
1650
1651
1652
1653
1654
1655
1656
1657
1658
1659
1660
1661
1662
1663
1664
1665
1666
1667
1668
1669
1670
1671
1672
1673
1674
1675
1676
1677
1678
1679
1680
1681
1682
1683
1684
1685
1686
1687
1688
1689
1690
1691
1692
1693
1694
1695
1696
1697
1698
1699
1700
1701
1702
1703
1704
1705
1706
1707
1708
1709
1710
1711
1712
1713
1714
1715
1716
1717
1718
1719
1720
1721
1722
1723
1724
1725
1726
1727
1728
1729
1730
1731
1732
1733
1734
1735
1736
1737
1738
1739
1740
1741
1742
1743
1744
1745
1746
1747
1748
1749
1750
1751
1752
1753
1754
1755
1756
1757
1758
1759
1760
1761
1762
1763
1764
1765
1766
1767
1768
1769
1770
1771
1772
1773
1774
1775
1776
1777
1778
1779
1780
1781
1782
1783
1784
1785
1786
1787
1788
1789
1790
1791
1792
1793
1794
1795
1796
1797
1798
1799
1800
1801
1802
1803
1804
1805
1806
1807
1808
1809
1810
1811
1812
1813
1814
1815
1816
1817
1818
1819
1820
1821
1822
1823
1824
1825
1826
1827
1828
1829
1830
1831
1832
1833
1834
1835
1836
1837
1838
1839
1840
1841
1842
1843
1844
1845
1846
1847
1848
1849
1850
1851
1852
1853
1854
1855
1856
1857
1858
1859
1860
1861
1862
1863
1864
1865
1866
1867
1868
1869
1870
1871
1872
1873
1874
1875
1876
1877
1878
1879
1880
1881
1882
1883
1884
1885
1886
1887
1888
1889
1890
1891
1892
1893
1894
1895
1896
1897
1898
1899
1900
1901
1902
1903
1904
1905
1906
1907
1908
1909
1910
1911
1912
1913
1914
1915
1916
1917
1918
1919
1920
1921
1922
1923
1924
1925
1926
1927
1928
1929
1930
1931
1932
1933
1934
1935
1936
1937
1938
1939
1940
1941
1942
1943
1944
1945
1946
1947
1948
1949
1950
1951
1952
1953
1954
1955
1956
1957
1958
1959
1960
1961
1962
1963
1964
1965
1966
1967
1968
1969
1970
1971
1972
1973
1974
1975
1976
1977
1978
1979
1980
1981
1982
1983
1984
1985
1986
1987
1988
1989
1990
1991
1992
1993
1994
1995
1996
1997
1998
1999
2000
2001
2002
2003
2004
2005
2006
2007
2008
2009
2010
2011
2012
2013
2014
2015
2016
2017
2018
2019
2020
2021
2022
2023
2024
2025
2026
2027
2028
2029
2030
2031
2032
2033
2034
2035
2036
2037
2038
2039
2040
2041
2042
2043
2044
2045
2046
2047
2048
2049
2050
2051
2052
2053
2054
2055
2056
2057
2058
2059
2060
2061
2062
2063
2064
2065
2066
2067
2068
2069
2070
2071
2072
2073
2074
2075
2076
2077
2078
2079
2080
2081
2082
2083
2084
2085
2086
2087
2088
2089
2090
2091
2092
2093
2094
2095
2096
2097
2098
2099
2100
2101
2102
2103
2104
2105
2106
2107
2108
2109
2110
2111
2112
2113
2114
2115
2116
2117
2118
2119
2120
2121
2122
2123
2124
2125
2126
2127
2128
2129
2130
2131
2132
2133
2134
2135
2136
2137
2138
2139
2140
2141
2142
2143
2144
2145
2146
2147
2148
2149
2150
2151
2152
2153
2154
2155
2156
2157
2158
2159
2160
2161
2162
2163
2164
2165
2166
2167
2168
2169
2170
2171
2172
2173
2174
2175
2176
2177
2178
2179
2180
2181
2182
2183
2184
2185
2186
2187
2188
2189
2190
2191
2192
2193
2194
2195
2196
2197
2198
2199
2200
2201
2202
2203
2204
2205
2206
2207
2208
2209
2210
2211
2212
2213
2214
2215
2216
2217
2218
2219
2220
2221
2222
2223
2224
2225
2226
2227
2228
2229
2230
2231
2232
2233
2234
2235
2236
2237
2238
2239
2240
2241
2242
2243
2244
2245
2246
2247
2248
2249
2250
2251
2252
2253
2254
2255
2256
2257
2258
2259
2260
2261
2262
2263
2264
2265
2266
2267
2268
2269
2270
2271
2272
2273
2274
2275
2276
2277
2278
2279
2280
2281
2282
2283
2284
2285
2286
2287
2288
2289
2290
2291
2292
2293
2294
2295
2296
2297
2298
2299
2300
2301
2302
2303
2304
2305
2306
2307
2308
2309
2310
2311
2312
2313
2314
2315
2316
2317
2318
2319
2320
2321
2322
2323
2324
2325
2326
2327
2328
2329
2330
2331
2332
2333
2334
2335
2336
2337
2338
2339
2340
2341
2342
2343
2344
2345
2346
2347
2348
2349
2350
2351
2352
2353
2354
2355
2356
2357
2358
2359
2360
2361
2362
2363
2364
2365
2366
2367
2368
2369
2370
2371
2372
2373
2374
2375
2376
2377
2378
2379
2380
2381
2382
2383
2384
2385
2386
2387
2388
2389
2390
2391
2392
2393
2394
2395
2396
2397
2398
2399
2400
2401
2402
2403
2404
2405
2406
2407
2408
2409
2410
2411
2412
2413
2414
2415
2416
2417
2418
2419
2420
2421
2422
2423
2424
2425
2426
2427
2428
2429
2430
2431
2432
2433
2434
2435
2436
2437
2438
2439
2440
2441
2442
2443
2444
2445
2446
2447
2448
2449
2450
2451
2452
2453
2454
2455
2456
2457
2458
2459
2460
2461
2462
2463
2464
2465
2466
2467
2468
2469
2470
2471
2472
2473
2474
2475
2476
2477
2478
2479
2480
2481
2482
2483
2484
2485
2486
2487
2488
2489
2490
2491
2492
2493
2494
2495
2496
2497
2498
2499
2500
2501
2502
2503
2504
2505
2506
2507
2508
2509
2510
2511
2512
2513
2514
2515
2516
2517
2518
2519
2520
2521
2522
2523
2524
2525
2526
2527
2528
2529
2530
2531
2532
2533
2534
2535
2536
2537
2538
2539
2540
2541
2542
2543
2544
2545
2546
2547
2548
2549
2550
2551
2552
2553
2554
2555
2556
2557
2558
2559
2560
2561
2562
2563
2564
2565
2566
2567
2568
2569
2570
2571
2572
2573
2574
2575
2576
2577
2578
2579
2580
2581
2582
2583
2584
2585
2586
2587
2588
2589
2590
2591
2592
2593
2594
2595
2596
2597
2598
2599
2600
2601
2602
2603
2604
2605
2606
2607
2608
2609
2610
2611
2612
2613
2614
2615
2616
2617
2618
2619
2620
2621
2622
2623
2624
2625
2626
2627
2628
2629
2630
2631
2632
2633
2634
2635
2636
2637
2638
2639
2640
2641
2642
2643
2644
2645
2646
2647
2648
2649
2650
2651
2652
2653
2654
2655
2656
2657
2658
2659
2660
2661
2662
2663
2664
2665
2666
2667
2668
2669
2670
2671
2672
2673
2674
2675
2676
2677
2678
2679
2680
2681
2682
2683
2684
2685
2686
2687
2688
2689
2690
2691
2692
2693
2694
2695
2696
2697
2698
2699
2700
2701
2702
2703
2704
2705
2706
2707
2708
2709
2710
2711
2712
2713
2714
2715
2716
2717
2718
2719
2720
2721
2722
2723
2724
2725
2726
2727
2728
2729
2730
2731
2732
2733
2734
2735
2736
2737
2738
2739
2740
2741
2742
2743
2744
2745
2746
2747
2748
2749
2750
2751
2752
2753
2754
2755
2756
2757
2758
2759
2760
2761
2762
2763
2764
2765
2766
2767
2768
2769
2770
2771
2772
2773
2774
2775
2776
2777
2778
2779
2780
2781
2782
2783
2784
2785
2786
2787
2788
2789
2790
2791
2792
2793
2794
2795
2796
2797
2798
2799
2800
2801
2802
2803
2804
2805
2806
2807
2808
2809
2810
2811
2812
2813
2814
2815
2816
2817
2818
2819
2820
2821
2822
2823
2824
2825
2826
2827
2828
2829
2830
2831
2832
2833
2834
2835
2836
2837
2838
2839
2840
2841
2842
2843
2844
2845
2846
2847
2848
2849
2850
2851
2852
2853
2854
2855
2856
2857
2858
2859
2860
2861
2862
2863
2864
2865
2866
2867
2868
2869
2870
2871
2872
2873
2874
2875
2876
2877
2878
2879
2880
2881
2882
2883
2884
2885
2886
2887
2888
2889
2890
2891
2892
2893
2894
2895
2896
2897
2898
2899
2900
2901
2902
2903
2904
2905
2906
2907
2908
2909
2910
2911
2912
2913
2914
2915
2916
2917
2918
2919
2920
2921
2922
2923
2924
2925
2926
2927
2928
2929
2930
2931
2932
2933
2934
2935
2936
2937
2938
2939
2940
2941
2942
2943
2944
2945
2946
2947
2948
2949
2950
2951
2952
2953
2954
2955
2956
2957
2958
2959
2960
2961
2962
2963
2964
2965
2966
2967
2968
2969
2970
2971
2972
2973
2974
2975
2976
2977
2978
2979
2980
2981
2982
2983
2984
2985
2986
2987
2988
2989
2990
2991
2992
2993
2994
2995
2996
2997
2998
2999
3000
3001
3002
3003
3004
3005
3006
3007
3008
3009
3010
3011
3012
3013
3014
3015
3016
3017
3018
3019
3020
3021
3022
3023
3024
3025
3026
3027
3028
3029
3030
3031
3032
3033
3034
3035
3036
3037
3038
3039
3040
3041
3042
3043
3044
3045
3046
3047
3048
3049
3050
3051
3052
3053
3054
3055
3056
3057
3058
3059
3060
3061
3062
3063
3064
3065
3066
3067
3068
3069
3070
3071
3072
3073
3074
3075
3076
3077
3078
3079
3080
3081
3082
3083
3084
3085
3086
3087
3088
3089
3090
3091
3092
3093
3094
3095
3096
3097
3098
3099
3100
3101
3102
3103
3104
3105
3106
3107
3108
3109
3110
3111
3112
3113
3114
3115
3116
3117
3118
3119
3120
3121
3122
3123
3124
3125
3126
3127
3128
3129
3130
3131
3132
3133
3134
3135
3136
3137
3138
3139
3140
3141
3142
3143
3144
3145
3146
3147
3148
3149
3150
3151
3152
3153
3154
3155
3156
3157
3158
3159
3160
3161
3162
3163
3164
3165
3166
3167
3168
3169
3170
3171
3172
3173
3174
3175
3176
3177
3178
3179
3180
3181
3182
3183
3184
3185
3186
3187
3188
3189
3190
3191
3192
3193
3194
3195
3196
3197
3198
3199
3200
3201
3202
3203
3204
3205
3206
3207
3208
3209
3210
3211
3212
3213
3214
3215
3216
3217
3218
3219
3220
3221
3222
3223
3224
3225
3226
3227
3228
3229
3230
3231
3232
3233
3234
3235
3236
3237
3238
3239
3240
3241
3242
3243
3244
3245
3246
3247
3248
3249
3250
3251
3252
3253
3254
3255
3256
3257
3258
3259
3260
3261
3262
3263
3264
3265
3266
3267
3268
3269
3270
3271
3272
3273
3274
3275
3276
3277
3278
3279
3280
3281
3282
3283
3284
3285
3286
3287
3288
3289
3290
3291
3292
3293
3294
3295
3296
3297
3298
3299
3300
3301
3302
3303
3304
3305
3306
3307
3308
3309
3310
3311
3312
3313
3314
3315
3316
3317
3318
3319
3320
3321
3322
3323
3324
3325
3326
3327
3328
3329
3330
3331
3332
3333
3334
3335
3336
3337
3338
3339
3340
3341
3342
3343
3344
3345
3346
3347
3348
3349
3350
3351
3352
3353
3354
3355
3356
3357
3358
3359
3360
3361
3362
3363
3364
3365
3366
3367
3368
3369
3370
3371
3372
3373
3374
3375
3376
3377
3378
3379
3380
3381
3382
3383
3384
3385
3386
3387
3388
3389
3390
3391
3392
3393
3394
3395
3396
3397
3398
3399
3400
3401
3402
3403
3404
3405
3406
3407
3408
3409
3410
3411
3412
3413
3414
3415
3416
3417
3418
3419
3420
3421
3422
3423
3424
3425
3426
3427
3428
3429
3430
3431
3432
3433
3434
3435
3436
3437
3438
3439
3440
3441
3442
3443
3444
3445
3446
3447
3448
3449
3450
3451
3452
3453
3454
3455
3456
3457
3458
3459
3460
3461
3462
3463
3464
3465
3466
3467
3468
3469
3470
3471
3472
3473
3474
3475
3476
3477
3478
3479
3480
3481
3482
3483
3484
3485
3486
3487
3488
3489
3490
3491
3492
3493
3494
3495
3496
3497
3498
3499
3500
3501
3502
3503
3504
3505
3506
3507
3508
3509
3510
3511
3512
3513
3514
3515
3516
3517
3518
3519
3520
3521
3522
3523
3524
3525
3526
3527
3528
3529
3530
3531
3532
3533
3534
3535
3536
3537
3538
3539
3540
3541
3542
3543
3544
3545
3546
3547
3548
3549
3550
3551
3552
3553
3554
3555
3556
3557
3558
3559
3560
3561
3562
3563
3564
3565
3566
3567
3568
3569
3570
3571
3572
3573
3574
3575
3576
3577
3578
3579
3580
3581
3582
3583
3584
3585
3586
3587
3588
3589
3590
3591
3592
3593
3594
3595
3596
3597
3598
3599
3600
3601
3602
3603
3604
3605
3606
3607
3608
3609
3610
3611
3612
3613
3614
3615
3616
3617
3618
3619
3620
3621
3622
3623
3624
3625
3626
3627
3628
3629
3630
3631
3632
3633
3634
3635
3636
3637
3638
3639
3640
3641
3642
3643
3644
3645
3646
3647
3648
3649
3650
3651
3652
3653
3654
3655
3656
3657
3658
3659
3660
3661
3662
3663
3664
3665
3666
3667
3668
3669
3670
3671
3672
3673
3674
3675
3676
3677
3678
3679
3680
3681
3682
3683
3684
3685
3686
3687
3688
3689
3690
3691
3692
3693
3694
3695
3696
3697
3698
3699
3700
3701
3702
3703
3704
3705
3706
3707
3708
3709
3710
3711
3712
3713
3714
3715
3716
3717
3718
3719
3720
3721
3722
3723
3724
3725
3726
3727
3728
3729
3730
3731
3732
3733
3734
3735
3736
3737
3738
3739
3740
3741
3742
3743
3744
3745
3746
3747
3748
3749
3750
3751
3752
3753
3754
3755
3756
3757
3758
3759
3760
3761
3762
3763
3764
3765
3766
3767
3768
3769
3770
3771
3772
3773
3774
3775
3776
3777
3778
3779
3780
3781
3782
3783
3784
3785
3786
3787
3788
3789
3790
3791
3792
3793
3794
3795
3796
3797
3798
3799
3800
3801
3802
3803
3804
3805
3806
3807
3808
3809
3810
3811
3812
3813
3814
3815
3816
3817
3818
3819
3820
3821
3822
3823
3824
3825
3826
3827
3828
3829
3830
3831
3832
3833
3834
3835
3836
3837
3838
3839
3840
3841
3842
3843
3844
3845
3846
3847
3848
3849
3850
3851
3852
3853
3854
3855
3856
3857
3858
3859
3860
3861
3862
3863
3864
3865
3866
3867
3868
3869
3870
3871
3872
3873
3874
3875
3876
3877
3878
3879
3880
3881
3882
3883
3884
3885
3886
3887
3888
3889
3890
3891
3892
3893
3894
3895
3896
3897
3898
3899
3900
3901
3902
3903
3904
3905
3906
3907
3908
3909
3910
3911
3912
3913
3914
3915
3916
3917
3918
3919
3920
3921
3922
3923
3924
3925
3926
3927
3928
3929
3930
3931
3932
3933
3934
3935
3936
3937
3938
3939
3940
3941
3942
3943
3944
3945
3946
3947
3948
3949
3950
3951
3952
3953
3954
3955
3956
3957
3958
3959
3960
3961
3962
3963
3964
3965
3966
3967
3968
3969
3970
3971
3972
3973
3974
3975
3976
3977
3978
3979
3980
3981
3982
3983
3984
3985
3986
3987
3988
3989
3990
3991
3992
3993
3994
3995
3996
3997
3998
3999
4000
4001
4002
4003
4004
4005
4006
4007
4008
4009
4010
4011
4012
4013
4014
4015
4016
4017
4018
4019
4020
4021
4022
4023
4024
4025
4026
4027
4028
4029
4030
4031
4032
4033
4034
4035
4036
4037
4038
4039
4040
4041
4042
4043
4044
4045
4046
4047
4048
4049
4050
4051
4052
4053
4054
4055
4056
4057
4058
4059
4060
4061
4062
4063
4064
4065
4066
4067
4068
4069
4070
4071
4072
4073
4074
4075
4076
4077
4078
4079
4080
4081
4082
4083
4084
4085
4086
4087
4088
4089
4090
4091
4092
4093
4094
4095
4096
4097
4098
4099
4100
4101
4102
4103
4104
4105
4106
4107
4108
4109
4110
4111
4112
4113
4114
4115
4116
4117
4118
4119
4120
4121
4122
4123
4124
4125
4126
4127
4128
4129
4130
4131
4132
4133
4134
4135
4136
4137
4138
4139
4140
4141
4142
4143
4144
4145
4146
4147
4148
4149
4150
4151
4152
4153
4154
4155
4156
4157
4158
4159
4160
4161
4162
4163
4164
4165
4166
4167
4168
4169
4170
4171
4172
4173
4174
4175
4176
4177
4178
4179
4180
4181
4182
4183
4184
4185
4186
4187
4188
4189
4190
4191
4192
4193
4194
4195
4196
4197
4198
4199
4200
4201
4202
4203
4204
4205
4206
4207
4208
4209
4210
4211
4212
4213
4214
4215
4216
4217
4218
4219
4220
4221
4222
4223
4224
4225
4226
4227
4228
4229
4230
4231
4232
4233
4234
4235
4236
4237
4238
4239
4240
4241
4242
4243
4244
4245
4246
4247
4248
4249
4250
4251
4252
4253
4254
4255
4256
4257
4258
4259
4260
4261
4262
4263
4264
4265
4266
4267
4268
4269
4270
4271
4272
4273
4274
4275
4276
4277
4278
4279
4280
4281
4282
4283
4284
4285
4286
4287
4288
4289
4290
4291
4292
4293
4294
4295
4296
4297
4298
4299
4300
4301
4302
4303
4304
4305
4306
4307
4308
4309
4310
4311
4312
4313
4314
4315
4316
4317
4318
4319
4320
4321
4322
4323
4324
4325
4326
4327
4328
4329
4330
4331
4332
4333
4334
4335
4336
4337
4338
4339
4340
4341
4342
4343
4344
4345
4346
4347
4348
4349
4350
4351
4352
4353
4354
4355
4356
4357
4358
4359
4360
4361
4362
4363
4364
4365
4366
4367
4368
4369
4370
4371
4372
4373
4374
4375
4376
4377
4378
4379
4380
4381
4382
4383
4384
4385
4386
4387
4388
4389
4390
4391
4392
4393
4394
4395
4396
4397
4398
4399
4400
4401
4402
4403
4404
4405
4406
4407
4408
4409
4410
4411
4412
4413
4414
4415
4416
4417
4418
4419
4420
4421
4422
4423
4424
4425
4426
4427
4428
4429
4430
4431
4432
4433
4434
4435
4436
4437
4438
4439
4440
4441
4442
4443
4444
4445
4446
4447
4448
4449
4450
4451
4452
4453
4454
4455
4456
4457
4458
4459
4460
4461
4462
4463
4464
4465
4466
4467
4468
4469
4470
4471
4472
4473
4474
4475
4476
4477
4478
4479
4480
4481
4482
4483
4484
4485
4486
4487
4488
4489
4490
4491
4492
4493
4494
4495
4496
4497
4498
4499
4500
4501
4502
4503
4504
4505
4506
4507
4508
4509
4510
4511
4512
4513
4514
4515
4516
4517
4518
4519
4520
4521
4522
4523
4524
4525
4526
4527
4528
4529
4530
4531
4532
4533
4534
4535
4536
4537
4538
4539
4540
4541
4542
4543
4544
4545
4546
4547
4548
4549
4550
4551
4552
4553
4554
4555
4556
4557
4558
4559
4560
4561
4562
4563
4564
4565
4566
4567
4568
4569
4570
4571
4572
4573
4574
4575
4576
4577
4578
4579
4580
4581
4582
4583
4584
4585
4586
4587
4588
4589
4590
4591
4592
4593
4594
4595
4596
4597
4598
4599
4600
4601
4602
4603
4604
4605
4606
4607
4608
4609
4610
4611
4612
4613
4614
4615
4616
4617
4618
4619
4620
4621
4622
4623
4624
4625
4626
4627
4628
4629
4630
4631
4632
4633
4634
4635
4636
4637
4638
4639
4640
4641
4642
4643
4644
4645
4646
4647
4648
4649
4650
4651
4652
4653
4654
4655
4656
4657
4658
4659
4660
4661
4662
4663
4664
4665
4666
4667
4668
4669
4670
4671
4672
4673
4674
4675
4676
4677
4678
4679
4680
4681
4682
4683
4684
4685
4686
4687
4688
4689
4690
4691
4692
4693
4694
4695
4696
4697
4698
4699
4700
4701
4702
4703
4704
4705
4706
4707
4708
4709
4710
4711
4712
4713
4714
4715
4716
4717
4718
4719
4720
4721
4722
4723
4724
4725
4726
4727
4728
4729
4730
4731
4732
4733
4734
4735
4736
4737
4738
4739
4740
4741
4742
4743
4744
4745
4746
4747
4748
4749
4750
4751
4752
4753
4754
4755
4756
4757
4758
4759
4760
4761
4762
4763
4764
4765
4766
4767
4768
4769
4770
4771
4772
4773
4774
4775
4776
4777
4778
4779
4780
4781
4782
4783
4784
4785
4786
4787
4788
4789
4790
4791
4792
4793
4794
4795
4796
4797
4798
4799
4800
4801
4802
4803
4804
4805
4806
4807
4808
4809
4810
4811
4812
4813
4814
4815
4816
4817
4818
4819
4820
4821
4822
4823
4824
4825
4826
4827
4828
4829
4830
4831
4832
4833
4834
4835
4836
4837
4838
4839
4840
4841
4842
4843
4844
4845
4846
4847
4848
4849
4850
4851
4852
4853
4854
4855
4856
4857
4858
4859
4860
4861
4862
4863
4864
4865
4866
4867
4868
4869
4870
4871
4872
4873
4874
4875
4876
4877
4878
4879
4880
4881
4882
4883
4884
4885
4886
4887
4888
4889
4890
4891
4892
4893
4894
4895
4896
4897
4898
4899
4900
4901
4902
4903
4904
4905
4906
4907
4908
4909
4910
4911
4912
4913
4914
4915
4916
4917
4918
4919
4920
4921
4922
4923
4924
4925
4926
4927
4928
4929
4930
4931
4932
4933
4934
4935
4936
4937
4938
4939
4940
4941
4942
4943
4944
4945
4946
4947
4948
4949
4950
4951
4952
4953
4954
4955
4956
4957
4958
4959
4960
4961
4962
4963
4964
4965
4966
4967
4968
4969
4970
4971
4972
4973
4974
4975
4976
4977
4978
4979
4980
4981
4982
4983
4984
4985
4986
4987
4988
4989
4990
4991
4992
4993
4994
4995
4996
4997
4998
4999
5000
5001
5002
5003
5004
5005
5006
5007
5008
5009
5010
5011
5012
5013
5014
5015
5016
5017
5018
5019
5020
5021
5022
5023
5024
5025
5026
5027
5028
5029
5030
5031
5032
5033
5034
5035
5036
5037
5038
5039
5040
5041
5042
5043
5044
5045
5046
5047
5048
5049
5050
5051
5052
5053
5054
5055
5056
5057
5058
5059
5060
5061
5062
5063
5064
5065
5066
5067
5068
5069
5070
5071
5072
5073
5074
5075
5076
5077
5078
5079
5080
5081
5082
5083
5084
5085
5086
5087
5088
5089
5090
5091
5092
5093
5094
5095
5096
5097
5098
5099
5100
5101
5102
5103
5104
5105
5106
5107
5108
5109
5110
5111
5112
5113
5114
5115
5116
5117
5118
5119
5120
5121
5122
5123
5124
5125
5126
5127
5128
5129
5130
5131
5132
5133
5134
5135
5136
5137
5138
5139
5140
5141
5142
5143
5144
5145
5146
5147
5148
5149
5150
5151
5152
5153
5154
5155
5156
5157
5158
5159
5160
5161
5162
5163
5164
5165
5166
5167
5168
5169
5170
5171
5172
5173
5174
5175
5176
5177
5178
5179
5180
5181
5182
5183
5184
5185
5186
5187
5188
5189
5190
5191
5192
5193
5194
5195
5196
5197
5198
5199
5200
5201
5202
5203
5204
5205
5206
5207
5208
5209
5210
5211
5212
5213
5214
5215
5216
5217
5218
5219
5220
5221
5222
5223
5224
5225
5226
5227
5228
5229
5230
5231
5232
5233
5234
5235
5236
5237
5238
5239
5240
5241
5242
5243
5244
5245
5246
5247
5248
5249
5250
5251
5252
5253
5254
5255
5256
5257
5258
5259
5260
5261
5262
5263
5264
5265
5266
5267
5268
5269
5270
5271
5272
5273
5274
5275
5276
5277
5278
5279
5280
5281
5282
5283
5284
5285
5286
5287
5288
5289
5290
5291
5292
5293
5294
5295
5296
5297
5298
5299
5300
5301
5302
5303
5304
5305
5306
5307
5308
5309
5310
5311
5312
5313
5314
5315
5316
5317
5318
5319
5320
5321
5322
5323
5324
5325
5326
5327
5328
5329
5330
5331
5332
5333
5334
5335
5336
5337
5338
5339
5340
5341
5342
5343
5344
5345
5346
5347
5348
5349
5350
5351
5352
5353
5354
5355
5356
5357
5358
5359
5360
5361
5362
5363
5364
5365
5366
5367
5368
5369
5370
5371
5372
5373
5374
5375
5376
5377
5378
5379
5380
5381
5382
5383
5384
5385
5386
5387
5388
5389
5390
5391
5392
5393
5394
5395
5396
5397
5398
5399
5400
5401
5402
5403
5404
5405
5406
5407
5408
5409
5410
5411
5412
5413
5414
5415
5416
5417
5418
5419
5420
5421
5422
5423
5424
5425
5426
5427
5428
5429
5430
5431
5432
5433
5434
5435
5436
5437
5438
5439
5440
5441
5442
5443
5444
5445
5446
5447
5448
5449
5450
5451
5452
5453
5454
5455
5456
5457
5458
5459
5460
5461
5462
5463
5464
5465
5466
5467
5468
5469
5470
5471
5472
5473
5474
5475
5476
5477
5478
5479
5480
5481
5482
5483
5484
5485
5486
5487
5488
5489
5490
5491
5492
5493
5494
5495
5496
5497
5498
5499
5500
5501
5502
5503
5504
5505
5506
5507
5508
5509
5510
5511
5512
5513
5514
5515
5516
5517
5518
5519
5520
5521
5522
5523
5524
5525
5526
5527
5528
5529
5530
5531
5532
5533
5534
5535
5536
5537
5538
5539
5540
5541
5542
5543
5544
5545
5546
5547
5548
5549
5550
5551
5552
5553
5554
5555
5556
5557
5558
5559
5560
5561
5562
5563
5564
5565
5566
5567
5568
5569
5570
5571
5572
5573
5574
5575
5576
5577
5578
5579
5580
5581
5582
5583
5584
5585
5586
5587
5588
5589
5590
5591
5592
5593
5594
5595
5596
5597
5598
5599
5600
5601
5602
5603
5604
5605
5606
5607
5608
5609
5610
5611
5612
5613
5614
5615
5616
5617
5618
5619
5620
5621
5622
5623
5624
5625
5626
5627
5628
5629
5630
5631
5632
5633
5634
5635
5636
5637
5638
5639
5640
5641
5642
5643
5644
5645
5646
5647
5648
5649
5650
5651
5652
5653
5654
5655
5656
5657
5658
5659
5660
5661
5662
5663
5664
5665
5666
5667
5668
5669
5670
5671
5672
5673
5674
5675
5676
5677
5678
5679
5680
5681
5682
5683
5684
5685
5686
5687
5688
5689
5690
5691
5692
5693
5694
5695
5696
5697
5698
5699
5700
5701
5702
5703
5704
5705
5706
5707
5708
5709
5710
5711
5712
5713
5714
5715
5716
5717
5718
5719
5720
5721
5722
5723
5724
5725
5726
5727
5728
5729
5730
5731
5732
5733
5734
5735
5736
5737
5738
5739
5740
5741
5742
5743
5744
5745
5746
5747
5748
5749
5750
5751
5752
5753
5754
5755
5756
5757
5758
5759
5760
5761
5762
5763
5764
5765
5766
5767
5768
5769
5770
5771
5772
5773
5774
5775
5776
5777
5778
5779
5780
5781
5782
5783
5784
5785
5786
5787
5788
5789
5790
5791
5792
5793
5794
5795
5796
5797
5798
5799
5800
5801
5802
5803
5804
5805
5806
5807
5808
5809
5810
5811
5812
5813
5814
5815
5816
5817
5818
5819
5820
5821
5822
5823
5824
5825
5826
5827
5828
5829
5830
5831
5832
5833
5834
5835
5836
5837
5838
5839
5840
5841
5842
5843
5844
5845
5846
5847
5848
5849
5850
5851
5852
5853
5854
5855
5856
5857
5858
5859
5860
5861
5862
5863
5864
5865
5866
5867
5868
5869
5870
5871
5872
5873
5874
5875
5876
5877
5878
5879
5880
5881
5882
5883
5884
5885
5886
5887
5888
5889
5890
5891
5892
5893
5894
5895
5896
5897
5898
5899
5900
5901
5902
5903
5904
5905
5906
5907
5908
5909
5910
5911
5912
5913
5914
5915
5916
5917
5918
5919
5920
5921
5922
5923
5924
5925
5926
5927
5928
5929
5930
5931
5932
5933
5934
5935
5936
5937
5938
5939
5940
5941
5942
5943
5944
5945
5946
5947
5948
5949
5950
5951
5952
5953
5954
5955
5956
5957
5958
5959
5960
5961
5962
5963
5964
5965
5966
5967
5968
5969
5970
5971
5972
5973
5974
5975
5976
5977
5978
5979
5980
5981
5982
5983
5984
5985
5986
5987
5988
5989
5990
5991
5992
5993
5994
5995
5996
5997
5998
5999
6000
6001
6002
6003
6004
6005
6006
6007
6008
6009
6010
6011
6012
6013
6014
6015
6016
6017
6018
6019
6020
6021
6022
6023
6024
6025
6026
6027
6028
6029
6030
6031
6032
6033
6034
6035
6036
6037
6038
6039
6040
6041
6042
6043
6044
6045
6046
6047
6048
6049
6050
6051
6052
6053
6054
6055
6056
6057
6058
6059
6060
6061
6062
6063
6064
6065
6066
6067
6068
6069
6070
6071
6072
6073
6074
6075
6076
6077
6078
6079
6080
6081
6082
6083
6084
6085
6086
6087
6088
6089
6090
6091
6092
6093
6094
6095
6096
6097
6098
6099
6100
6101
6102
6103
6104
6105
6106
6107
6108
6109
6110
6111
6112
6113
6114
6115
6116
6117
6118
6119
6120
6121
6122
6123
6124
6125
6126
6127
6128
6129
6130
6131
6132
6133
6134
6135
6136
6137
6138
6139
6140
6141
6142
6143
6144
6145
6146
6147
6148
6149
6150
6151
6152
6153
6154
6155
6156
6157
6158
6159
6160
6161
6162
6163
6164
6165
6166
6167
6168
6169
6170
6171
6172
6173
6174
6175
6176
6177
6178
6179
6180
6181
6182
6183
6184
6185
6186
6187
6188
6189
6190
6191
6192
6193
6194
6195
6196
6197
6198
6199
6200
6201
6202
6203
6204
6205
6206
6207
6208
6209
6210
6211
6212
6213
6214
6215
6216
6217
6218
6219
6220
6221
6222
6223
6224
6225
6226
6227
6228
6229
6230
6231
6232
6233
6234
6235
6236
6237
6238
6239
6240
6241
6242
6243
6244
6245
6246
6247
6248
6249
6250
6251
6252
6253
6254
6255
6256
6257
6258
6259
6260
6261
6262
6263
6264
6265
6266
6267
6268
6269
6270
6271
6272
6273
6274
6275
6276
6277
6278
6279
6280
6281
6282
6283
6284
6285
6286
6287
6288
6289
6290
6291
6292
6293
6294
6295
6296
6297
6298
6299
6300
6301
6302
6303
6304
6305
6306
6307
6308
6309
6310
6311
6312
6313
6314
6315
6316
6317
6318
6319
6320
6321
6322
6323
6324
6325
6326
6327
6328
6329
6330
6331
6332
6333
6334
6335
6336
6337
6338
6339
6340
6341
6342
6343
6344
6345
6346
6347
6348
6349
6350
6351
6352
6353
6354
6355
6356
6357
6358
6359
6360
6361
6362
6363
6364
6365
6366
6367
6368
6369
6370
6371
6372
6373
6374
6375
6376
6377
6378
6379
6380
6381
6382
6383
6384
6385
6386
6387
6388
6389
6390
6391
6392
6393
6394
6395
6396
6397
6398
6399
6400
6401
6402
6403
6404
6405
6406
6407
6408
6409
6410
6411
6412
6413
6414
6415
6416
6417
6418
6419
6420
6421
6422
6423
6424
6425
6426
6427
6428
6429
6430
6431
6432
6433
6434
6435
6436
6437
6438
6439
6440
6441
6442
6443
6444
6445
6446
6447
6448
6449
6450
6451
6452
6453
6454
6455
6456
6457
6458
6459
6460
6461
6462
6463
6464
6465
6466
6467
6468
6469
6470
6471
6472
6473
6474
6475
6476
6477
6478
6479
6480
6481
6482
6483
6484
6485
6486
6487
6488
6489
6490
6491
6492
6493
6494
6495
6496
6497
6498
6499
6500
6501
6502
6503
6504
6505
6506
6507
6508
6509
6510
6511
6512
6513
6514
6515
6516
6517
6518
6519
6520
6521
6522
6523
6524
6525
6526
6527
6528
6529
6530
6531
6532
6533
6534
6535
6536
6537
6538
6539
6540
6541
6542
6543
6544
6545
6546
6547
6548
6549
6550
6551
6552
6553
6554
6555
6556
6557
6558
6559
6560
6561
6562
6563
6564
6565
6566
6567
6568
6569
6570
6571
6572
6573
6574
6575
6576
6577
6578
6579
6580
6581
6582
6583
6584
6585
6586
6587
6588
6589
6590
6591
6592
6593
6594
6595
6596
6597
6598
6599
6600
6601
6602
6603
6604
6605
6606
6607
6608
6609
6610
6611
6612
6613
6614
6615
6616
6617
6618
6619
6620
6621
6622
6623
6624
6625
6626
6627
6628
6629
6630
6631
6632
6633
6634
6635
6636
6637
6638
6639
6640
6641
6642
6643
6644
6645
6646
6647
6648
6649
6650
6651
6652
6653
6654
6655
6656
6657
6658
6659
6660
6661
6662
6663
6664
6665
6666
6667
6668
6669
6670
6671
6672
6673
6674
6675
6676
6677
6678
6679
6680
6681
6682
6683
6684
6685
6686
6687
6688
6689
6690
6691
6692
6693
6694
6695
6696
6697
6698
6699
6700
6701
6702
6703
6704
6705
6706
6707
6708
6709
6710
6711
6712
6713
6714
6715
6716
6717
6718
6719
6720
6721
6722
6723
6724
6725
6726
6727
6728
6729
6730
6731
6732
6733
6734
6735
6736
6737
6738
6739
6740
6741
6742
6743
6744
6745
6746
6747
6748
6749
6750
6751
6752
6753
6754
6755
6756
6757
6758
6759
6760
6761
6762
6763
6764
6765
6766
6767
6768
6769
6770
6771
6772
6773
6774
6775
6776
6777
6778
6779
6780
6781
6782
6783
6784
6785
6786
6787
6788
6789
6790
6791
6792
6793
6794
6795
6796
6797
6798
6799
6800
6801
6802
6803
6804
6805
6806
6807
6808
6809
6810
6811
6812
6813
6814
6815
6816
6817
6818
6819
6820
6821
6822
6823
6824
6825
6826
6827
6828
6829
6830
6831
6832
6833
6834
6835
6836
6837
6838
6839
6840
6841
6842
6843
6844
6845
6846
6847
6848
6849
6850
6851
6852
6853
6854
6855
6856
6857
6858
6859
6860
6861
6862
6863
6864
6865
6866
6867
6868
6869
6870
6871
6872
6873
6874
6875
6876
6877
6878
6879
6880
6881
6882
6883
6884
6885
6886
6887
6888
6889
6890
6891
6892
6893
6894
6895
6896
6897
6898
6899
6900
6901
6902
6903
6904
6905
6906
6907
6908
6909
6910
6911
6912
6913
6914
6915
6916
6917
6918
6919
6920
6921
6922
6923
6924
6925
6926
6927
6928
6929
6930
6931
6932
6933
6934
6935
6936
6937
6938
6939
6940
6941
6942
6943
6944
6945
6946
6947
6948
6949
6950
6951
6952
6953
6954
6955
6956
6957
6958
6959
6960
6961
6962
6963
6964
6965
6966
6967
6968
6969
6970
6971
6972
6973
6974
6975
6976
6977
6978
6979
6980
6981
6982
6983
6984
6985
6986
6987
6988
6989
6990
6991
6992
6993
6994
6995
6996
6997
6998
6999
7000
7001
7002
7003
7004
7005
7006
7007
7008
7009
7010
7011
7012
7013
7014
7015
7016
7017
7018
7019
7020
7021
7022
7023
7024
7025
7026
7027
7028
7029
7030
7031
7032
7033
7034
7035
7036
7037
7038
7039
7040
7041
7042
7043
7044
7045
7046
7047
7048
7049
7050
7051
7052
7053
7054
7055
7056
7057
7058
7059
7060
7061
7062
7063
7064
7065
7066
7067
7068
7069
7070
7071
7072
7073
7074
7075
7076
7077
7078
7079
7080
7081
7082
7083
7084
7085
7086
7087
7088
7089
7090
7091
7092
7093
7094
7095
7096
7097
7098
7099
7100
7101
7102
7103
7104
7105
7106
7107
7108
7109
7110
7111
7112
7113
7114
7115
7116
7117
7118
7119
7120
7121
7122
7123
7124
7125
7126
7127
7128
7129
7130
7131
7132
7133
7134
7135
7136
7137
7138
7139
7140
7141
7142
7143
7144
7145
7146
7147
7148
7149
7150
7151
7152
7153
7154
7155
7156
7157
7158
7159
7160
7161
7162
7163
7164
7165
7166
7167
7168
7169
7170
7171
7172
7173
7174
7175
7176
7177
7178
7179
7180
7181
7182
7183
7184
7185
7186
7187
7188
7189
7190
7191
7192
7193
7194
7195
7196
7197
7198
7199
7200
7201
7202
7203
7204
7205
7206
7207
7208
7209
7210
7211
7212
7213
7214
7215
7216
7217
7218
7219
7220
7221
7222
7223
7224
7225
7226
7227
7228
7229
7230
7231
7232
7233
7234
7235
7236
7237
7238
7239
7240
7241
7242
7243
7244
7245
7246
7247
7248
7249
7250
7251
7252
7253
7254
7255
7256
7257
7258
7259
7260
7261
7262
7263
7264
7265
7266
7267
7268
7269
7270
7271
7272
7273
7274
7275
7276
7277
7278
7279
7280
7281
7282
7283
7284
7285
7286
7287
7288
7289
7290
7291
7292
7293
7294
7295
7296
7297
7298
7299
7300
7301
7302
7303
7304
7305
7306
7307
7308
7309
7310
7311
7312
7313
7314
7315
7316
7317
7318
7319
7320
7321
7322
7323
7324
7325
7326
7327
7328
7329
7330
7331
7332
7333
7334
7335
7336
7337
7338
7339
7340
7341
7342
7343
7344
7345
7346
7347
7348
7349
7350
7351
7352
7353
7354
7355
7356
7357
7358
7359
7360
7361
7362
7363
7364
7365
7366
7367
7368
7369
7370
7371
7372
7373
7374
7375
7376
7377
7378
7379
7380
7381
7382
7383
7384
7385
7386
7387
7388
7389
7390
7391
7392
7393
7394
7395
7396
7397
7398
7399
7400
7401
7402
7403
7404
7405
7406
7407
7408
7409
7410
7411
7412
7413
7414
7415
7416
7417
7418
7419
7420
7421
7422
7423
7424
7425
7426
7427
7428
7429
7430
7431
7432
7433
7434
7435
7436
7437
7438
7439
7440
7441
7442
7443
7444
7445
7446
7447
7448
7449
7450
7451
7452
7453
7454
7455
7456
7457
7458
7459
7460
7461
7462
7463
7464
7465
7466
7467
7468
7469
7470
7471
7472
7473
7474
7475
7476
7477
7478
7479
7480
7481
7482
7483
7484
7485
7486
7487
7488
7489
7490
7491
7492
7493
7494
7495
7496
7497
7498
7499
7500
7501
7502
7503
7504
7505
7506
7507
7508
7509
7510
7511
7512
7513
7514
7515
7516
7517
7518
7519
7520
7521
7522
7523
7524
7525
7526
7527
7528
7529
7530
7531
7532
7533
7534
7535
7536
7537
7538
7539
7540
7541
7542
7543
7544
7545
7546
7547
7548
7549
7550
7551
7552
7553
7554
7555
7556
7557
7558
7559
7560
7561
7562
7563
7564
7565
7566
7567
7568
7569
7570
7571
7572
7573
7574
7575
7576
7577
7578
7579
7580
7581
7582
7583
7584
7585
7586
7587
7588
7589
7590
7591
7592
7593
7594
7595
7596
7597
7598
7599
7600
7601
7602
7603
7604
7605
7606
7607
7608
7609
7610
7611
7612
7613
7614
7615
7616
7617
7618
7619
7620
7621
7622
7623
7624
7625
7626
7627
7628
7629
7630
7631
7632
7633
7634
7635
7636
7637
7638
7639
7640
7641
7642
7643
7644
7645
7646
7647
7648
7649
7650
7651
7652
7653
7654
7655
7656
7657
7658
7659
7660
7661
7662
7663
7664
7665
7666
7667
7668
7669
7670
7671
7672
7673
7674
7675
7676
7677
7678
7679
7680
7681
7682
7683
7684
7685
7686
7687
7688
7689
7690
7691
7692
7693
7694
7695
7696
7697
7698
7699
7700
7701
7702
7703
7704
7705
7706
7707
7708
7709
7710
7711
7712
7713
7714
7715
7716
7717
7718
7719
7720
7721
7722
7723
7724
7725
7726
7727
7728
7729
7730
7731
7732
7733
7734
7735
7736
7737
7738
7739
7740
7741
7742
7743
7744
7745
7746
7747
7748
7749
7750
7751
7752
7753
7754
7755
7756
7757
7758
7759
7760
7761
7762
7763
7764
7765
7766
7767
7768
7769
7770
7771
7772
7773
7774
7775
7776
7777
7778
7779
7780
7781
7782
7783
7784
7785
7786
7787
7788
7789
7790
7791
7792
7793
7794
7795
7796
7797
7798
7799
7800
7801
7802
7803
7804
7805
7806
7807
7808
7809
7810
7811
7812
7813
7814
7815
7816
7817
7818
7819
7820
7821
7822
7823
7824
7825
7826
7827
7828
7829
7830
7831
7832
7833
7834
7835
7836
7837
7838
7839
7840
7841
7842
7843
7844
7845
7846
7847
7848
7849
7850
7851
7852
7853
7854
7855
7856
7857
7858
7859
7860
7861
7862
7863
7864
7865
7866
7867
7868
7869
7870
7871
7872
7873
7874
7875
7876
7877
7878
7879
7880
7881
7882
7883
7884
7885
7886
7887
7888
7889
7890
7891
7892
7893
7894
7895
7896
7897
7898
7899
7900
7901
7902
7903
7904
7905
7906
7907
7908
7909
7910
7911
7912
7913
7914
7915
7916
7917
7918
7919
7920
7921
7922
7923
7924
7925
7926
7927
7928
7929
7930
7931
7932
7933
7934
7935
7936
7937
7938
7939
7940
7941
7942
7943
7944
7945
7946
7947
7948
7949
7950
7951
7952
7953
7954
7955
7956
7957
7958
7959
7960
7961
7962
7963
7964
7965
7966
7967
7968
7969
7970
7971
7972
7973
7974
7975
7976
7977
7978
7979
7980
7981
7982
7983
7984
7985
7986
7987
7988
7989
7990
7991
7992
7993
7994
7995
7996
7997
7998
7999
8000
8001
8002
8003
8004
8005
8006
8007
8008
8009
8010
8011
8012
8013
8014
8015
8016
8017
8018
8019
8020
8021
8022
        </DataArray>
                <DataArray type="Int64" Name="offsets" format="ascii">
1
2
3
4
5
6
7
8
9
10
11
12
13
14
15
16
17
18
19
20
21
22
23
24
25
26
27
28
29
30
31
32
33
34
35
36
37
38
39
40
41
42
43
44
45
46
47
48
49
50
51
52
53
54
55
56
57
58
59
60
61
62
63
64
65
66
67
68
69
70
71
72
73
74
75
76
77
78
79
80
81
82
83
84
85
86
87
88
89
90
91
92
93
94
95
96
97
98
99
100
101
102
103
104
105
106
107
108
109
110
111
112
113
114
115
116
117
118
119
120
121
122
123
124
125
126
127
128
129
130
131
132
133
134
135
136
137
138
139
140
141
142
143
144
145
146
147
148
149
150
151
152
153
154
155
156
157
158
159
160
161
162
163
164
165
166
167
168
169
170
171
172
173
174
175
176
177
178
179
180
181
182
183
184
185
186
187
188
189
190
191
192
193
194
195
196
197
198
199
200
201
202
203
204
205
206
207
208
209
210
211
212
213
214
215
216
217
218
219
220
221
222
223
224
225
226
227
228
229
230
231
232
233
234
235
236
237
238
239
240
241
242
243
244
245
246
247
248
249
250
251
252
253
254
255
256
257
258
259
260
261
262
263
264
265
266
267
268
269
270
271
272
273
274
275
276
277
278
279
280
281
282
283
284
285
286
287
288
289
290
291
292
293
294
295
296
297
298
299
300
301
302
303
304
305
306
307
308
309
310
311
312
313
314
315
316
317
318
319
320
321
322
323
324
325
326
327
328
329
330
331
332
333
334
335
336
337
338
339
340
341
342
343
344
345
346
347
348
349
350
351
352
353
354
355
356
357
358
359
360
361
362
363
364
365
366
367
368
369
370
371
372
373
374
375
376
377
378
379
380
381
382
383
384
385
386
387
388
389
390
391
392
393
394
395
396
397
398
399
400
401
402
403
404
405
406
407
408
409
410
411
412
413
414
415
416
417
418
419
420
421
422
423
424
425
426
427
428
429
430
431
432
433
434
435
436
437
438
439
440
441
442
443
444
445
446
447
448
449
450
451
452
453
454
455
456
457
458
459
460
461
462
463
464
465
466
467
468
469
470
471
472
473
474
475
476
477
478
479
480
481
482
483
484
485
486
487
488
489
490
491
492
493
494
495
496
497
498
499
500
501
502
503
504
505
506
507
508
509
510
511
512
513
514
515
516
517
518
519
520
521
522
523
524
525
526
527
528
529
530
531
532
533
534
535
536
537
538
539
540
541
542
543
544
545
546
547
548
549
550
551
552
553
554
555
556
557
558
559
560
561
562
563
564
565
566
567
568
569
570
571
572
573
574
575
576
577
578
579
580
581
582
583
584
585
586
587
588
589
590
591
592
593
594
595
596
597
598
599
600
601
602
603
604
605
606
607
608
609
610
611
612
613
614
615
616
617
618
619
620
621
622
623
624
625
626
627
628
629
630
631
632
633
634
635
636
637
638
639
640
641
642
643
644
645
646
647
648
649
650
651
652
653
654
655
656
657
658
659
660
661
662
663
664
665
666
667
668
669
670
671
672
673
674
675
676
677
678
679
680
681
682
683
684
685
686
687
688
689
690
691
692
693
694
695
696
697
698
699
700
701
702
703
704
705
706
707
708
709
710
711
712
713
714
715
716
717
718
719
720
721
722
723
724
725
726
727
728
729
730
731
732
733
734
735
736
737
738
739
740
741
742
743
744
745
746
747
748
749
750
751
752
753
754
755
756
757
758
759
760
761
762
763
764
765
766
767
768
769
770
771
772
773
774
775
776
777
778
779
780
781
782
783
784
785
786
787
788
789
790
791
792
793
794
795
796
797
798
799
800
801
802
803
804
805
806
807
808
809
810
811
812
813
814
815
816
817
818
819
820
821
822
823
824
825
826
827
828
829
830
831
832
833
834
835
836
837
838
839
840
841
842
843
844
845
846
847
848
849
850
851
852
853
854
855
856
857
858
859
860
861
862
863
864
865
866
867
868
869
870
871
872
873
874
875
876
877
878
879
880
881
882
883
884
885
886
887
888
889
890
891
892
893
894
895
896
897
898
899
900
901
902
903
904
905
906
907
908
909
910
911
912
913
914
915
916
917
918
919
920
921
922
923
924
925
926
927
928
929
930
931
932
933
934
935
936
937
938
939
940
941
942
943
944
945
946
947
948
949
950
951
952
953
954
955
956
957
958
959
960
961
962
963
964
965
966
967
968
969
970
971
972
973
974
975
976
977
978
979
980
981
982
983
984
985
986
987
988
989
990
991
992
993
994
995
996
997
998
999
1000
1001
1002
1003
1004
1005
1006
1007
1008
1009
1010
1011
1012
1013
1014
1015
1016
1017
1018
1019
1020
1021
1022
1023
1024
1025
1026
1027
1028
1029
1030
1031
1032
1033
1034
1035
1036
1037
1038
1039
1040
1041
1042
1043
1044
1045
1046
1047
1048
1049
1050
1051
1052
1053
1054
1055
1056
1057
1058
1059
1060
1061
1062
1063
1064
1065
1066
1067
1068
1069
1070
1071
1072
1073
1074
1075
1076
1077
1078
1079
1080
1081
1082
1083
1084
1085
1086
1087
1088
1089
1090
1091
1092
1093
1094
1095
1096
1097
1098
1099
1100
1101
1102
1103
1104
1105
1106
1107
1108
1109
1110
1111
1112
1113
1114
1115
1116
1117
1118
1119
1120
1121
1122
1123
1124
1125
1126
1127
1128
1129
1130
1131
1132
1133
1134
1135
1136
1137
1138
1139
1140
1141
1142
1143
1144
1145
1146
1147
1148
1149
1150
1151
1152
1153
1154
1155
1156
1157
1158
1159
1160
1161
1162
1163
1164
1165
1166
1167
1168
1169
1170
1171
1172
1173
1174
1175
1176
1177
1178
1179
1180
1181
1182
1183
1184
1185
1186
1187
1188
1189
1190
1191
1192
1193
1194
1195
1196
1197
1198
1199
1200
1201
1202
1203
1204
1205
1206
1207
1208
1209
1210
1211
1212
1213
1214
1215
1216
1217
1218
1219
1220
1221
1222
1223
1224
1225
1226
1227
1228
1229
1230
1231
1232
1233
1234
1235
1236
1237
1238
1239
1240
1241
1242
1243
1244
1245
1246
1247
1248
1249
1250
1251
1252
1253
1254
1255
1256
1257
1258
1259
1260
1261
1262
1263
1264
1265
1266
1267
1268
1269
1270
1271
1272
1273
1274
1275
1276
1277
1278
1279
1280
1281
1282
1283
1284
1285
1286
1287
1288
1289
1290
1291
1292
1293
1294
1295
1296
1297
1298
1299
1300
1301
1302
1303
1304
1305
1306
1307
1308
1309
1310
1311
1312
1313
1314
1315
1316
1317
1318
1319
1320
1321
1322
1323
1324
1325
1326
1327
1328
1329
1330
1331
1332
1333
1334
1335
1336
1337
1338
1339
1340
1341
1342
1343
1344
1345
1346
1347
1348
1349
1350
1351
1352
1353
1354
1355
1356
1357
1358
1359
1360
1361
1362
1363
1364
1365
1366
1367
1368
1369
1370
1371
1372
1373
1374
1375
1376
1377
1378
1379
1380
1381
1382
1383
1384
1385
1386
1387
1388
1389
1390
1391
1392
1393
1394
1395
1396
1397
1398
1399
1400
1401
1402
1403
1404
1405
1406
1407
1408
1409
1410
1411
1412
1413
1414
1415
1416
1417
1418
1419
1420
1421
1422
1423
1424
1425
1426
1427
1428
1429
1430
1431
1432
1433
1434
1435
1436
1437
1438
1439
1440
1441
1442
1443
1444
1445
1446
1447
1448
1449
1450
1451
1452
1453
1454
1455
1456
1457
1458
1459
1460
1461
1462
1463
1464
1465
1466
1467
1468
1469
1470
1471
1472
1473
1474
1475
1476
1477
1478
1479
1480
1481
1482
1483
1484
1485
1486
1487
1488
1489
1490
1491
1492
1493
1494
1495
1496
1497
1498
1499
1500
1501
1502
1503
1504
1505
1506
1507
1508
1509
1510
1511
1512
1513
1514
1515
1516
1517
1518
1519
1520
1521
1522
1523
1524
1525
1526
1527
1528
1529
1530
1531
1532
1533
1534
1535
1536
1537
1538
1539
1540
1541
1542
1543
1544
1545
1546
1547
1548
1549
1550
1551
1552
1553
1554
1555
1556
1557
1558
1559
1560
1561
1562
1563
1564
1565
1566
1567
1568
1569
1570
1571
1572
1573
1574
1575
1576
1577
1578
1579
1580
1581
1582
1583
1584
1585
1586
1587
1588
1589
1590
1591
1592
1593
1594
1595
1596
1597
1598
1599
1600
1601
1602
1603
1604
1605
1606
1607
1608
1609
1610
1611
1612
1613
1614
1615
1616
1617
1618
1619
1620
1621
1622
1623
1624
1625
1626
1627
1628
1629
1630
1631
1632
1633
1634
1635
1636
1637
1638
1639
1640
1641
1642
1643
1644
1645
1646
1647
1648
1649
1650
1651
1652
1653
1654
1655
1656
1657
1658
1659
1660
1661
1662
1663
1664
1665
1666
1667
1668
1669
1670
1671
1672
1673
1674
1675
1676
1677
1678
1679
1680
1681
1682
1683
1684
1685
1686
1687
1688
1689
1690
1691
1692
1693
1694
1695
1696
1697
1698
1699
1700
1701
1702
1703
1704
1705
1706
1707
1708
1709
1710
1711
1712
1713
1714
1715
1716
1717
1718
1719
1720
1721
1722
1723
1724
1725
1726
1727
1728
1729
1730
1731
1732
1733
1734
1735
1736
1737
1738
1739
1740
1741
1742
1743
1744
1745
1746
1747
1748
1749
1750
1751
1752
1753
1754
1755
1756
1757
1758
1759
1760
1761
1762
1763
1764
1765
1766
1767
1768
1769
1770
1771
1772
1773
1774
1775
1776
1777
1778
1779
1780
1781
1782
1783
1784
1785
1786
1787
1788
1789
1790
1791
1792
1793
1794
1795
1796
1797
1798
1799
1800
1801
1802
1803
1804
1805
1806
1807
1808
1809
1810
1811
1812
1813
1814
1815
1816
1817
1818
1819
1820
1821
1822
1823
1824
1825
1826
1827
1828
1829
1830
1831
1832
1833
1834
1835
1836
1837
1838
1839
1840
1841
1842
1843
1844
1845
1846
1847
1848
1849
1850
1851
1852
1853
1854
1855
1856
1857
1858
1859
1860
1861
1862
1863
1864
1865
1866
1867
1868
1869
1870
1871
1872
1873
1874
1875
1876
1877
1878
1879
1880
1881
1882
1883
1884
1885
1886
1887
1888
1889
1890
1891
1892
1893
1894
1895
1896
1897
1898
1899
1900
1901
1902
1903
1904
1905
1906
1907
1908
1909
1910
1911
1912
1913
1914
1915
1916
1917
1918
1919
1920
1921
1922
1923
1924
1925
1926
1927
1928
1929
1930
1931
1932
1933
1934
1935
1936
1937
1938
1939
1940
1941
1942
1943
1944
1945
1946
1947
1948
1949
1950
1951
1952
1953
1954
1955
1956
1957
1958
1959
1960
1961
1962
1963
1964
1965
1966
1967
1968
1969
1970
1971
1972
1973
1974
1975
1976
1977
1978
1979
1980
1981
1982
1983
1984
1985
1986
1987
1988
1989
1990
1991
1992
1993
1994
1995
1996
1997
1998
1999
2000
2001
2002
2003
2004
2005
2006
2007
2008
2009
2010
2011
2012
2013
2014
2015
2016
2017
2018
2019
2020
2021
2022
2023
2024
2025
2026
2027
2028
2029
2030
2031
2032
2033
2034
2035
2036
2037
2038
2039
2040
2041
2042
2043
2044
2045
2046
2047
2048
2049
2050
2051
2052
2053
2054
2055
2056
2057
2058
2059
2060
2061
2062
2063
2064
2065
2066
2067
2068
2069
2070
2071
2072
2073
2074
2075
2076
2077
2078
2079
2080
2081
2082
2083
2084
2085
2086
2087
2088
2089
2090
2091
2092
2093
2094
2095
2096
2097
2098
2099
2100
2101
2102
2103
2104
2105
2106
2107
2108
2109
2110
2111
2112
2113
2114
2115
2116
2117
2118
2119
2120
2121
2122
2123
2124
2125
2126
2127
2128
2129
2130
2131
2132
2133
2134
2135
2136
2137
2138
2139
2140
2141
2142
2143
2144
2145
2146
2147
2148
2149
2150
2151
2152
2153
2154
2155
2156
2157
2158
2159
2160
2161
2162
2163
2164
2165
2166
2167
2168
2169
2170
2171
2172
2173
2174
2175
2176
2177
2178
2179
2180
2181
2182
2183
2184
2185
2186
2187
2188
2189
2190
2191
2192
2193
2194
2195
2196
2197
2198
2199
2200
2201
2202
2203
2204
2205
2206
2207
2208
2209
2210
2211
2212
2213
2214
2215
2216
2217
2218
2219
2220
2221
2222
2223
2224
2225
2226
2227
2228
2229
2230
2231
2232
2233
2234
2235
2236
2237
2238
2239
2240
2241
2242
2243
2244
2245
2246
2247
2248
2249
2250
2251
2252
2253
2254
2255
2256
2257
2258
2259
2260
2261
2262
2263
2264
2265
2266
2267
2268
2269
2270
2271
2272
2273
2274
2275
2276
2277
2278
2279
2280
2281
2282
2283
2284
2285
2286
2287
2288
2289
2290
2291
2292
2293
2294
2295
2296
2297
2298
2299
2300
2301
2302
2303
2304
2305
2306
2307
2308
2309
2310
2311
2312
2313
2314
2315
2316
2317
2318
2319
2320
2321
2322
2323
2324
2325
2326
2327
2328
2329
2330
2331
2332
2333
2334
2335
2336
2337
2338
2339
2340
2341
2342
2343
2344
2345
2346
2347
2348
2349
2350
2351
2352
2353
2354
2355
2356
2357
2358
2359
2360
2361
2362
2363
2364
2365
2366
2367
2368
2369
2370
2371
2372
2373
2374
2375
2376
2377
2378
2379
2380
2381
2382
2383
2384
2385
2386
2387
2388
2389
2390
2391
2392
2393
2394
2395
2396
2397
2398
2399
2400
2401
2402
2403
2404
2405
2406
2407
2408
2409
2410
2411
2412
2413
2414
2415
2416
2417
2418
2419
2420
2421
2422
2423
2424
2425
2426
2427
2428
2429
2430
2431
2432
2433
2434
2435
2436
2437
2438
2439
2440
2441
2442
2443
2444
2445
2446
2447
2448
2449
2450
2451
2452
2453
2454
2455
2456
2457
2458
2459
2460
2461
2462
2463
2464
2465
2466
2467
2468
2469
2470
2471
2472
2473
2474
2475
2476
2477
2478
2479
2480
2481
2482
2483
2484
2485
2486
2487
2488
2489
2490
2491
2492
2493
2494
2495
2496
2497
2498
2499
2500
2501
2502
2503
2504
2505
2506
2507
2508
2509
2510
2511
2512
2513
2514
2515
2516
2517
2518
2519
2520
2521
2522
2523
2524
2525
2526
2527
2528
2529
2530
2531
2532
2533
2534
2535
2536
2537
2538
2539
2540
2541
2542
2543
2544
2545
2546
2547
2548
2549
2550
2551
2552
2553
2554
2555
2556
2557
2558
2559
2560
2561
2562
2563
2564
2565
2566
2567
2568
2569
2570
2571
2572
2573
2574
2575
2576
2577
2578
2579
2580
2581
2582
2583
2584
2585
2586
2587
2588
2589
2590
2591
2592
2593
2594
2595
2596
2597
2598
2599
2600
2601
2602
2603
2604
2605
2606
2607
2608
2609
2610
2611
2612
2613
2614
2615
2616
2617
2618
2619
2620
2621
2622
2623
2624
2625
2626
2627
2628
2629
2630
2631
2632
2633
2634
2635
2636
2637
2638
2639
2640
2641
2642
2643
2644
2645
2646
2647
2648
2649
2650
2651
2652
2653
2654
2655
2656
2657
2658
2659
2660
2661
2662
2663
2664
2665
2666
2667
2668
2669
2670
2671
2672
2673
2674
2675
2676
2677
2678
2679
2680
2681
2682
2683
2684
2685
2686
2687
2688
2689
2690
2691
2692
2693
2694
2695
2696
2697
2698
2699
2700
2701
2702
2703
2704
2705
2706
2707
2708
2709
2710
2711
2712
2713
2714
2715
2716
2717
2718
2719
2720
2721
2722
2723
2724
2725
2726
2727
2728
2729
2730
2731
2732
2733
2734
2735
2736
2737
2738
2739
2740
2741
2742
2743
2744
2745
2746
2747
2748
2749
2750
2751
2752
2753
2754
2755
2756
2757
2758
2759
2760
2761
2762
2763
2764
2765
2766
2767
2768
2769
2770
2771
2772
2773
2774
2775
2776
2777
2778
2779
2780
2781
2782
2783
2784
2785
2786
2787
2788
2789
2790
2791
2792
2793
2794
2795
2796
2797
2798
2799
2800
2801
2802
2803
2804
2805
2806
2807
2808
2809
2810
2811
2812
2813
2814
2815
2816
2817
2818
2819
2820
2821
2822
2823
2824
2825
2826
2827
2828
2829
2830
2831
2832
2833
2834
2835
2836
2837
2838
2839
2840
2841
2842
2843
2844
2845
2846
2847
2848
2849
2850
2851
2852
2853
2854
2855
2856
2857
2858
2859
2860
2861
2862
2863
2864
2865
2866
2867
2868
2869
2870
2871
2872
2873
2874
2875
2876
2877
2878
2879
2880
2881
2882
2883
2884
2885
2886
2887
2888
2889
2890
2891
2892
2893
2894
2895
2896
2897
2898
2899
2900
2901
2902
2903
2904
2905
2906
2907
2908
2909
2910
2911
2912
2913
2914
2915
2916
2917
2918
2919
2920
2921
2922
2923
2924
2925
2926
2927
2928
2929
2930
2931
2932
2933
2934
2935
2936
2937
2938
2939
2940
2941
2942
2943
2944
2945
2946
2947
2948
2949
2950
2951
2952
2953
2954
2955
2956
2957
2958
2959
2960
2961
2962
2963
2964
2965
2966
2967
2968
2969
2970
2971
2972
2973
2974
2975
2976
2977
2978
2979
2980
2981
2982
2983
2984
2985
2986
2987
2988
2989
2990
2991
2992
2993
2994
2995
2996
2997
2998
2999
3000
3001
3002
3003
3004
3005
3006
3007
3008
3009
3010
3011
3012
3013
3014
3015
3016
3017
3018
3019
3020
3021
3022
3023
3024
3025
3026
3027
3028
3029
3030
3031
3032
3033
3034
3035
3036
3037
3038
3039
3040
3041
3042
3043
3044
3045
3046
3047
3048
3049
3050
3051
3052
3053
3054
3055
3056
3057
3058
3059
3060
3061
3062
3063
3064
3065
3066
3067
3068
3069
3070
3071
3072
3073
3074
3075
3076
3077
3078
3079
3080
3081
3082
3083
3084
3085
3086
3087
3088
3089
3090
3091
3092
3093
3094
3095
3096
3097
3098
3099
3100
3101
3102
3103
3104
3105
3106
3107
3108
3109
3110
3111
3112
3113
3114
3115
3116
3117
3118
3119
3120
3121
3122
3123
3124
3125
3126
3127
3128
3129
3130
3131
3132
3133
3134
3135
3136
3137
3138
3139
3140
3141
3142
3143
3144
3145
3146
3147
3148
3149
3150
3151
3152
3153
3154
3155
3156
3157
3158
3159
3160
3161
3162
3163
3164
3165
3166
3167
3168
3169
3170
3171
3172
3173
3174
3175
3176
3177
3178
3179
3180
3181
3182
3183
3184
3185
3186
3187
3188
3189
3190
3191
3192
3193
3194
3195
3196
3197
3198
3199
3200
3201
3202
3203
3204
3205
3206
3207
3208
3209
3210
3211
3212
3213
3214
3215
3216
3217
3218
3219
3220
3221
3222
3223
3224
3225
3226
3227
3228
3229
3230
3231
3232
3233
3234
3235
3236
3237
3238
3239
3240
3241
3242
3243
3244
3245
3246
3247
3248
3249
3250
3251
3252
3253
3254
3255
3256
3257
3258
3259
3260
3261
3262
3263
3264
3265
3266
3267
3268
3269
3270
3271
3272
3273
3274
3275
3276
3277
3278
3279
3280
3281
3282
3283
3284
3285
3286
3287
3288
3289
3290
3291
3292
3293
3294
3295
3296
3297
3298
3299
3300
3301
3302
3303
3304
3305
3306
3307
3308
3309
3310
3311
3312
3313
3314
3315
3316
3317
3318
3319
3320
3321
3322
3323
3324
3325
3326
3327
3328
3329
3330
3331
3332
3333
3334
3335
3336
3337
3338
3339
3340
3341
3342
3343
3344
3345
3346
3347
3348
3349
3350
3351
3352
3353
3354
3355
3356
3357
3358
3359
3360
3361
3362
3363
3364
3365
3366
3367
3368
3369
3370
3371
3372
3373
3374
3375
3376
3377
3378
3379
3380
3381
3382
3383
3384
3385
3386
3387
3388
3389
3390
3391
3392
3393
3394
3395
3396
3397
3398
3399
3400
3401
3402
3403
3404
3405
3406
3407
3408
3409
3410
3411
3412
3413
3414
3415
3416
3417
3418
3419
3420
3421
3422
3423
3424
3425
3426
3427
3428
3429
3430
3431
3432
3433
3434
3435
3436
3437
3438
3439
3440
3441
3442
3443
3444
3445
3446
3447
3448
3449
3450
3451
3452
3453
3454
3455
3456
3457
3458
3459
3460
3461
3462
3463
3464
3465
3466
3467
3468
3469
3470
3471
3472
3473
3474
3475
3476
3477
3478
3479
3480
3481
3482
3483
3484
3485
3486
3487
3488
3489
3490
3491
3492
3493
3494
3495
3496
3497
3498
3499
3500
3501
3502
3503
3504
3505
3506
3507
3508
3509
3510
3511
3512
3513
3514
3515
3516
3517
3518
3519
3520
3521
3522
3523
3524
3525
3526
3527
3528
3529
3530
3531
3532
3533
3534
3535
3536
3537
3538
3539
3540
3541
3542
3543
3544
3545
3546
3547
3548
3549
3550
3551
3552
3553
3554
3555
3556
3557
3558
3559
3560
3561
3562
3563
3564
3565
3566
3567
3568
3569
3570
3571
3572
3573
3574
3575
3576
3577
3578
3579
3580
3581
3582
3583
3584
3585
3586
3587
3588
3589
3590
3591
3592
3593
3594
3595
3596
3597
3598
3599
3600
3601
3602
3603
3604
3605
3606
3607
3608
3609
3610
3611
3612
3613
3614
3615
3616
3617
3618
3619
3620
3621
3622
3623
3624
3625
3626
3627
3628
3629
3630
3631
3632
3633
3634
3635
3636
3637
3638
3639
3640
3641
3642
3643
3644
3645
3646
3647
3648
3649
3650
3651
3652
3653
3654
3655
3656
3657
3658
3659
3660
3661
3662
3663
3664
3665
3666
3667
3668
3669
3670
3671
3672
3673
3674
3675
3676
3677
3678
3679
3680
3681
3682
3683
3684
3685
3686
3687
3688
3689
3690
3691
3692
3693
3694
3695
3696
3697
3698
3699
3700
3701
3702
3703
3704
3705
3706
3707
3708
3709
3710
3711
3712
3713
3714
3715
3716
3717
3718
3719
3720
3721
3722
3723
3724
3725
3726
3727
3728
3729
3730
3731
3732
3733
3734
3735
3736
3737
3738
3739
3740
3741
3742
3743
3744
3745
3746
3747
3748
3749
3750
3751
3752
3753
3754
3755
3756
3757
3758
3759
3760
3761
3762
3763
3764
3765
3766
3767
3768
3769
3770
3771
3772
3773
3774
3775
3776
3777
3778
3779
3780
3781
3782
3783
3784
3785
3786
3787
3788
3789
3790
3791
3792
3793
3794
3795
3796
3797
3798
3799
3800
3801
3802
3803
3804
3805
3806
3807
3808
3809
3810
3811
3812
3813
3814
3815
3816
3817
3818
3819
3820
3821
3822
3823
3824
3825
3826
3827
3828
3829
3830
3831
3832
3833
3834
3835
3836
3837
3838
3839
3840
3841
3842
3843
3844
3845
3846
3847
3848
3849
3850
3851
3852
3853
3854
3855
3856
3857
3858
3859
3860
3861
3862
3863
3864
3865
3866
3867
3868
3869
3870
3871
3872
3873
3874
3875
3876
3877
3878
3879
3880
3881
3882
3883
3884
3885
3886
3887
3888
3889
3890
3891
3892
3893
3894
3895
3896
3897
3898
3899
3900
3901
3902
3903
3904
3905
3906
3907
3908
3909
3910
3911
3912
3913
3914
3915
3916
3917
3918
3919
3920
3921
3922
3923
3924
3925
3926
3927
3928
3929
3930
3931
3932
3933
3934
3935
3936
3937
3938
3939
3940
3941
3942
3943
3944
3945
3946
3947
3948
3949
3950
3951
3952
3953
3954
3955
3956
3957
3958
3959
3960
3961
3962
3963
3964
3965
3966
3967
3968
3969
3970
3971
3972
3973
3974
3975
3976
3977
3978
3979
3980
3981
3982
3983
3984
3985
3986
3987
3988
3989
3990
3991
3992
3993
3994
3995
3996
3997
3998
3999
4000
4001
4002
4003
4004
4005
4006
4007
4008
4009
4010
4011
4012
4013
4014
4015
4016
4017
4018
4019
4020
4021
4022
4023
4024
4025
4026
4027
4028
4029
4030
4031
4032
4033
4034
4035
4036
4037
4038
4039
4040
4041
4042
4043
4044
4045
4046
4047
4048
4049
4050
4051
4052
4053
4054
4055
4056
4057
4058
4059
4060
4061
4062
4063
4064
4065
4066
4067
4068
4069
4070
4071
4072
4073
4074
4075
4076
4077
4078
4079
4080
4081
4082
4083
4084
4085
4086
4087
4088
4089
4090
4091
4092
4093
4094
4095
4096
4097
4098
4099
4100
4101
4102
4103
4104
4105
4106
4107
4108
4109
4110
4111
4112
4113
4114
4115
4116
4117
4118
4119
4120
4121
4122
4123
4124
4125
4126
4127
4128
4129
4130
4131
4132
4133
4134
4135
4136
4137
4138
4139
4140
4141
4142
4143
4144
4145
4146
4147
4148
4149
4150
4151
4152
4153
4154
4155
4156
4157
4158
4159
4160
4161
4162
4163
4164
4165
4166
4167
4168
4169
4170
4171
4172
4173
4174
4175
4176
4177
4178
4179
4180
4181
4182
4183
4184
4185
4186
4187
4188
4189
4190
4191
4192
4193
4194
4195
4196
4197
4198
4199
4200
4201
4202
4203
4204
4205
4206
4207
4208
4209
4210
4211
4212
4213
4214
4215
4216
4217
4218
4219
4220
4221
4222
4223
4224
4225
4226
4227
4228
4229
4230
4231
4232
4233
4234
4235
4236
4237
4238
4239
4240
4241
4242
4243
4244
4245
4246
4247
4248
4249
4250
4251
4252
4253
4254
4255
4256
4257
4258
4259
4260
4261
4262
4263
4264
4265
4266
4267
4268
4269
4270
4271
4272
4273
4274
4275
4276
4277
4278
4279
4280
4281
4282
4283
4284
4285
4286
4287
4288
4289
4290
4291
4292
4293
4294
4295
4296
4297
4298
4299
4300
4301
4302
4303
4304
4305
4306
4307
4308
4309
4310
4311
4312
4313
4314
4315
4316
4317
4318
4319
4320
4321
4322
4323
4324
4325
4326
4327
4328
4329
4330
4331
4332
4333
4334
4335
4336
4337
4338
4339
4340
4341
4342
4343
4344
4345
4346
4347
4348
4349
4350
4351
4352
4353
4354
4355
4356
4357
4358
4359
4360
4361
4362
4363
4364
4365
4366
4367
4368
4369
4370
4371
4372
4373
4374
4375
4376
4377
4378
4379
4380
4381
4382
4383
4384
4385
4386
4387
4388
4389
4390
4391
4392
4393
4394
4395
4396
4397
4398
4399
4400
4401
4402
4403
4404
4405
4406
4407
4408
4409
4410
4411
4412
4413
4414
4415
4416
4417
4418
4419
4420
4421
4422
4423
4424
4425
4426
4427
4428
4429
4430
4431
4432
4433
4434
4435
4436
4437
4438
4439
4440
4441
4442
4443
4444
4445
4446
4447
4448
4449
4450
4451
4452
4453
4454
4455
4456
4457
4458
4459
4460
4461
4462
4463
4464
4465
4466
4467
4468
4469
4470
4471
4472
4473
4474
4475
4476
4477
4478
4479
4480
4481
4482
4483
4484
4485
4486
4487
4488
4489
4490
4491
4492
4493
4494
4495
4496
4497
4498
4499
4500
4501
4502
4503
4504
4505
4506
4507
4508
4509
4510
4511
4512
4513
4514
4515
4516
4517
4518
4519
4520
4521
4522
4523
4524
4525
4526
4527
4528
4529
4530
4531
4532
4533
4534
4535
4536
4537
4538
4539
4540
4541
4542
4543
4544
4545
4546
4547
4548
4549
4550
4551
4552
4553
4554
4555
4556
4557
4558
4559
4560
4561
4562
4563
4564
4565
4566
4567
4568
4569
4570
4571
4572
4573
4574
4575
4576
4577
4578
4579
4580
4581
4582
4583
4584
4585
4586
4587
4588
4589
4590
4591
4592
4593
4594
4595
4596
4597
4598
4599
4600
4601
4602
4603
4604
4605
4606
4607
4608
4609
4610
4611
4612
4613
4614
4615
4616
4617
4618
4619
4620
4621
4622
4623
4624
4625
4626
4627
4628
4629
4630
4631
4632
4633
4634
4635
4636
4637
4638
4639
4640
4641
4642
4643
4644
4645
4646
4647
4648
4649
4650
4651
4652
4653
4654
4655
4656
4657
4658
4659
4660
4661
4662
4663
4664
4665
4666
4667
4668
4669
4670
4671
4672
4673
4674
4675
4676
4677
4678
4679
4680
4681
4682
4683
4684
4685
4686
4687
4688
4689
4690
4691
4692
4693
4694
4695
4696
4697
4698
4699
4700
4701
4702
4703
4704
4705
4706
4707
4708
4709
4710
4711
4712
4713
4714
4715
4716
4717
4718
4719
4720
4721
4722
4723
4724
4725
4726
4727
4728
4729
4730
4731
4732
4733
4734
4735
4736
4737
4738
4739
4740
4741
4742
4743
4744
4745
4746
4747
4748
4749
4750
4751
4752
4753
4754
4755
4756
4757
4758
4759
4760
4761
4762
4763
4764
4765
4766
4767
4768
4769
4770
4771
4772
4773
4774
4775
4776
4777
4778
4779
4780
4781
4782
4783
4784
4785
4786
4787
4788
4789
4790
4791
4792
4793
4794
4795
4796
4797
4798
4799
4800
4801
4802
4803
4804
4805
4806
4807
4808
4809
4810
4811
4812
4813
4814
4815
4816
4817
4818
4819
4820
4821
4822
4823
4824
4825
4826
4827
4828
4829
4830
4831
4832
4833
4834
4835
4836
4837
4838
4839
4840
4841
4842
4843
4844
4845
4846
4847
4848
4849
4850
4851
4852
4853
4854
4855
4856
4857
4858
4859
4860
4861
4862
4863
4864
4865
4866
4867
4868
4869
4870
4871
4872
4873
4874
4875
4876
4877
4878
4879
4880
4881
4882
4883
4884
4885
4886
4887
4888
4889
4890
4891
4892
4893
4894
4895
4896
4897
4898
4899
4900
4901
4902
4903
4904
4905
4906
4907
4908
4909
4910
4911
4912
4913
4914
4915
4916
4917
4918
4919
4920
4921
4922
4923
4924
4925
4926
4927
4928
4929
4930
4931
4932
4933
4934
4935
4936
4937
4938
4939
4940
4941
4942
4943
4944
4945
4946
4947
4948
4949
4950
4951
4952
4953
4954
4955
4956
4957
4958
4959
4960
4961
4962
4963
4964
4965
4966
4967
4968
4969
4970
4971
4972
4973
4974
4975
4976
4977
4978
4979
4980
4981
4982
4983
4984
4985
4986
4987
4988
4989
4990
4991
4992
4993
4994
4995
4996
4997
4998
4999
5000
5001
5002
5003
5004
5005
5006
5007
5008
5009
5010
5011
5012
5013
5014
5015
5016
5017
5018
5019
5020
5021
5022
5023
5024
5025
5026
5027
5028
5029
5030
5031
5032
5033
5034
5035
5036
5037
5038
5039
5040
5041
5042
5043
5044
5045
5046
5047
5048
5049
5050
5051
5052
5053
5054
5055
5056
5057
5058
5059
5060
5061
5062
5063
5064
5065
5066
5067
5068
5069
5070
5071
5072
5073
5074
5075
5076
5077
5078
5079
5080
5081
5082
5083
5084
5085
5086
5087
5088
5089
5090
5091
5092
5093
5094
5095
5096
5097
5098
5099
5100
5101
5102
5103
5104
5105
5106
5107
5108
5109
5110
5111
5112
5113
5114
5115
5116
5117
5118
5119
5120
5121
5122
5123
5124
5125
5126
5127
5128
5129
5130
5131
5132
5133
5134
5135
5136
5137
5138
5139
5140
5141
5142
5143
5144
5145
5146
5147
5148
5149
5150
5151
5152
5153
5154
5155
5156
5157
5158
5159
5160
5161
5162
5163
5164
5165
5166
5167
5168
5169
5170
5171
5172
5173
5174
5175
5176
5177
5178
5179
5180
5181
5182
5183
5184
5185
5186
5187
5188
5189
5190
5191
5192
5193
5194
5195
5196
5197
5198
5199
5200
5201
5202
5203
5204
5205
5206
5207
5208
5209
5210
5211
5212
5213
5214
5215
5216
5217
5218
5219
5220
5221
5222
5223
5224
5225
5226
5227
5228
5229
5230
5231
5232
5233
5234
5235
5236
5237
5238
5239
5240
5241
5242
5243
5244
5245
5246
5247
5248
5249
5250
5251
5252
5253
5254
5255
5256
5257
5258
5259
5260
5261
5262
5263
5264
5265
5266
5267
5268
5269
5270
5271
5272
5273
5274
5275
5276
5277
5278
5279
5280
5281
5282
5283
5284
5285
5286
5287
5288
5289
5290
5291
5292
5293
5294
5295
5296
5297
5298
5299
5300
5301
5302
5303
5304
5305
5306
5307
5308
5309
5310
5311
5312
5313
5314
5315
5316
5317
5318
5319
5320
5321
5322
5323
5324
5325
5326
5327
5328
5329
5330
5331
5332
5333
5334
5335
5336
5337
5338
5339
5340
5341
5342
5343
5344
5345
5346
5347
5348
5349
5350
5351
5352
5353
5354
5355
5356
5357
5358
5359
5360
5361
5362
5363
5364
5365
5366
5367
5368
5369
5370
5371
5372
5373
5374
5375
5376
5377
5378
5379
5380
5381
5382
5383
5384
5385
5386
5387
5388
5389
5390
5391
5392
5393
5394
5395
5396
5397
5398
5399
5400
5401
5402
5403
5404
5405
5406
5407
5408
5409
5410
5411
5412
5413
5414
5415
5416
5417
5418
5419
5420
5421
5422
5423
5424
5425
5426
5427
5428
5429
5430
5431
5432
5433
5434
5435
5436
5437
5438
5439
5440
5441
5442
5443
5444
5445
5446
5447
5448
5449
5450
5451
5452
5453
5454
5455
5456
5457
5458
5459
5460
5461
5462
5463
5464
5465
5466
5467
5468
5469
5470
5471
5472
5473
5474
5475
5476
5477
5478
5479
5480
5481
5482
5483
5484
5485
5486
5487
5488
5489
5490
5491
5492
5493
5494
5495
5496
5497
5498
5499
5500
5501
5502
5503
5504
5505
5506
5507
5508
5509
5510
5511
5512
5513
5514
5515
5516
5517
5518
5519
5520
5521
5522
5523
5524
5525
5526
5527
5528
5529
5530
5531
5532
5533
5534
5535
5536
5537
5538
5539
5540
5541
5542
5543
5544
5545
5546
5547
5548
5549
5550
5551
5552
5553
5554
5555
5556
5557
5558
5559
5560
5561
5562
5563
5564
5565
5566
5567
5568
5569
5570
5571
5572
5573
5574
5575
5576
5577
5578
5579
5580
5581
5582
5583
5584
5585
5586
5587
5588
5589
5590
5591
5592
5593
5594
5595
5596
5597
5598
5599
5600
5601
5602
5603
5604
5605
5606
5607
5608
5609
5610
5611
5612
5613
5614
5615
5616
5617
5618
5619
5620
5621
5622
5623
5624
5625
5626
5627
5628
5629
5630
5631
5632
5633
5634
5635
5636
5637
5638
5639
5640
5641
5642
5643
5644
5645
5646
5647
5648
5649
5650
5651
5652
5653
5654
5655
5656
5657
5658
5659
5660
5661
5662
5663
5664
5665
5666
5667
5668
5669
5670
5671
5672
5673
5674
5675
5676
5677
5678
5679
5680
5681
5682
5683
5684
5685
5686
5687
5688
5689
5690
5691
5692
5693
5694
5695
5696
5697
5698
5699
5700
5701
5702
5703
5704
5705
5706
5707
5708
5709
5710
5711
5712
5713
5714
5715
5716
5717
5718
5719
5720
5721
5722
5723
5724
5725
5726
5727
5728
5729
5730
5731
5732
5733
5734
5735
5736
5737
5738
5739
5740
5741
5742
5743
5744
5745
5746
5747
5748
5749
5750
5751
5752
5753
5754
5755
5756
5757
5758
5759
5760
5761
5762
5763
5764
5765
5766
5767
5768
5769
5770
5771
5772
5773
5774
5775
5776
5777
5778
5779
5780
5781
5782
5783
5784
5785
5786
5787
5788
5789
5790
5791
5792
5793
5794
5795
5796
5797
5798
5799
5800
5801
5802
5803
5804
5805
5806
5807
5808
5809
5810
5811
5812
5813
5814
5815
5816
5817
5818
5819
5820
5821
5822
5823
5824
5825
5826
5827
5828
5829
5830
5831
5832
5833
5834
5835
5836
5837
5838
5839
5840
5841
5842
5843
5844
5845
5846
5847
5848
5849
5850
5851
5852
5853
5854
5855
5856
5857
5858
5859
5860
5861
5862
5863
5864
5865
5866
5867
5868
5869
5870
5871
5872
5873
5874
5875
5876
5877
5878
5879
5880
5881
5882
5883
5884
5885
5886
5887
5888
5889
5890
5891
5892
5893
5894
5895
5896
5897
5898
5899
5900
5901
5902
5903
5904
5905
5906
5907
5908
5909
5910
5911
5912
5913
5914
5915
5916
5917
5918
5919
5920
5921
5922
5923
5924
5925
5926
5927
5928
5929
5930
5931
5932
5933
5934
5935
5936
5937
5938
5939
5940
5941
5942
5943
5944
5945
5946
5947
5948
5949
5950
5951
5952
5953
5954
5955
5956
5957
5958
5959
5960
5961
5962
5963
5964
5965
5966
5967
5968
5969
5970
5971
5972
5973
5974
5975
5976
5977
5978
5979
5980
5981
5982
5983
5984
5985
5986
5987
5988
5989
5990
5991
5992
5993
5994
5995
5996
5997
5998
5999
6000
6001
6002
6003
6004
6005
6006
6007
6008
6009
6010
6011
6012
6013
6014
6015
6016
6017
6018
6019
6020
6021
6022
6023
6024
6025
6026
6027
6028
6029
6030
6031
6032
6033
6034
6035
6036
6037
6038
6039
6040
6041
6042
6043
6044
6045
6046
6047
6048
6049
6050
6051
6052
6053
6054
6055
6056
6057
6058
6059
6060
6061
6062
6063
6064
6065
6066
6067
6068
6069
6070
6071
6072
6073
6074
6075
6076
6077
6078
6079
6080
6081
6082
6083
6084
6085
6086
6087
6088
6089
6090
6091
6092
6093
6094
6095
6096
6097
6098
6099
6100
6101
6102
6103
6104
6105
6106
6107
6108
6109
6110
6111
6112
6113
6114
6115
6116
6117
6118
6119
6120
6121
6122
6123
6124
6125
6126
6127
6128
6129
6130
6131
6132
6133
6134
6135
6136
6137
6138
6139
6140
6141
6142
6143
6144
6145
6146
6147
6148
6149
6150
6151
6152
6153
6154
6155
6156
6157
6158
6159
6160
6161
6162
6163
6164
6165
6166
6167
6168
6169
6170
6171
6172
6173
6174
6175
6176
6177
6178
6179
6180
6181
6182
6183
6184
6185
6186
6187
6188
6189
6190
6191
6192
6193
6194
6195
6196
6197
6198
6199
6200
6201
6202
6203
6204
6205
6206
6207
6208
6209
6210
6211
6212
6213
6214
6215
6216
6217
6218
6219
6220
6221
6222
6223
6224
6225
6226
6227
6228
6229
6230
6231
6232
6233
6234
6235
6236
6237
6238
6239
6240
6241
6242
6243
6244
6245
6246
6247
6248
6249
6250
6251
6252
6253
6254
6255
6256
6257
6258
6259
6260
6261
6262
6263
6264
6265
6266
6267
6268
6269
6270
6271
6272
6273
6274
6275
6276
6277
6278
6279
6280
6281
6282
6283
6284
6285
6286
6287
6288
6289
6290
6291
6292
6293
6294
6295
6296
6297
6298
6299
6300
6301
6302
6303
6304
6305
6306
6307
6308
6309
6310
6311
6312
6313
6314
6315
6316
6317
6318
6319
6320
6321
6322
6323
6324
6325
6326
6327
6328
6329
6330
6331
6332
6333
6334
6335
6336
6337
6338
6339
6340
6341
6342
6343
6344
6345
6346
6347
6348
6349
6350
6351
6352
6353
6354
6355
6356
6357
6358
6359
6360
6361
6362
6363
6364
6365
6366
6367
6368
6369
6370
6371
6372
6373
6374
6375
6376
6377
6378
6379
6380
6381
6382
6383
6384
6385
6386
6387
6388
6389
6390
6391
6392
6393
6394
6395
6396
6397
6398
6399
6400
6401
6402
6403
6404
6405
6406
6407
6408
6409
6410
6411
6412
6413
6414
6415
6416
6417
6418
6419
6420
6421
6422
6423
6424
6425
6426
6427
6428
6429
6430
6431
6432
6433
6434
6435
6436
6437
6438
6439
6440
6441
6442
6443
6444
6445
6446
6447
6448
6449
6450
6451
6452
6453
6454
6455
6456
6457
6458
6459
6460
6461
6462
6463
6464
6465
6466
6467
6468
6469
6470
6471
6472
6473
6474
6475
6476
6477
6478
6479
6480
6481
6482
6483
6484
6485
6486
6487
6488
6489
6490
6491
6492
6493
6494
6495
6496
6497
6498
6499
6500
6501
6502
6503
6504
6505
6506
6507
6508
6509
6510
6511
6512
6513
6514
6515
6516
6517
6518
6519
6520
6521
6522
6523
6524
6525
6526
6527
6528
6529
6530
6531
6532
6533
6534
6535
6536
6537
6538
6539
6540
6541
6542
6543
6544
6545
6546
6547
6548
6549
6550
6551
6552
6553
6554
6555
6556
6557
6558
6559
6560
6561
6562
6563
6564
6565
6566
6567
6568
6569
6570
6571
6572
6573
6574
6575
6576
6577
6578
6579
6580
6581
6582
6583
6584
6585
6586
6587
6588
6589
6590
6591
6592
6593
6594
6595
6596
6597
6598
6599
6600
6601
6602
6603
6604
6605
6606
6607
6608
6609
6610
6611
6612
6613
6614
6615
6616
6617
6618
6619
6620
6621
6622
6623
6624
6625
6626
6627
6628
6629
6630
6631
6632
6633
6634
6635
6636
6637
6638
6639
6640
6641
6642
6643
6644
6645
6646
6647
6648
6649
6650
6651
6652
6653
6654
6655
6656
6657
6658
6659
6660
6661
6662
6663
6664
6665
6666
6667
6668
6669
6670
6671
6672
6673
6674
6675
6676
6677
6678
6679
6680
6681
6682
6683
6684
6685
6686
6687
6688
6689
6690
6691
6692
6693
6694
6695
6696
6697
6698
6699
6700
6701
6702
6703
6704
6705
6706
6707
6708
6709
6710
6711
6712
6713
6714
6715
6716
6717
6718
6719
6720
6721
6722
6723
6724
6725
6726
6727
6728
6729
6730
6731
6732
6733
6734
6735
6736
6737
6738
6739
6740
6741
6742
6743
6744
6745
6746
6747
6748
6749
6750
6751
6752
6753
6754
6755
6756
6757
6758
6759
6760
6761
6762
6763
6764
6765
6766
6767
6768
6769
6770
6771
6772
6773
6774
6775
6776
6777
6778
6779
6780
6781
6782
6783
6784
6785
6786
6787
6788
6789
6790
6791
6792
6793
6794
6795
6796
6797
6798
6799
6800
6801
6802
6803
6804
6805
6806
6807
6808
6809
6810
6811
6812
6813
6814
6815
6816
6817
6818
6819
6820
6821
6822
6823
6824
6825
6826
6827
6828
6829
6830
6831
6832
6833
6834
6835
6836
6837
6838
6839
6840
6841
6842
6843
6844
6845
6846
6847
6848
6849
6850
6851
6852
6853
6854
6855
6856
6857
6858
6859
6860
6861
6862
6863
6864
6865
6866
6867
6868
6869
6870
6871
6872
6873
6874
6875
6876
6877
6878
6879
6880
6881
6882
6883
6884
6885
6886
6887
6888
6889
6890
6891
6892
6893
6894
6895
6896
6897
6898
6899
6900
6901
6902
6903
6904
6905
6906
6907
6908
6909
6910
6911
6912
6913
6914
6915
6916
6917
6918
6919
6920
6921
6922
6923
6924
6925
6926
6927
6928
6929
6930
6931
6932
6933
6934
6935
6936
6937
6938
6939
6940
6941
6942
6943
6944
6945
6946
6947
6948
6949
6950
6951
6952
6953
6954
6955
6956
6957
6958
6959
6960
6961
6962
6963
6964
6965
6966
6967
6968
6969
6970
6971
6972
6973
6974
6975
6976
6977
6978
6979
6980
6981
6982
6983
6984
6985
6986
6987
6988
6989
6990
6991
6992
6993
6994
6995
6996
6997
6998
6999
7000
7001
7002
7003
7004
7005
7006
7007
7008
7009
7010
7011
7012
7013
7014
7015
7016
7017
7018
7019
7020
7021
7022
7023
7024
7025
7026
7027
7028
7029
7030
7031
7032
7033
7034
7035
7036
7037
7038
7039
7040
7041
7042
7043
7044
7045
7046
7047
7048
7049
7050
7051
7052
7053
7054
7055
7056
7057
7058
7059
7060
7061
7062
7063
7064
7065
7066
7067
7068
7069
7070
7071
7072
7073
7074
7075
7076
7077
7078
7079
7080
7081
7082
7083
7084
7085
7086
7087
7088
7089
7090
7091
7092
7093
7094
7095
7096
7097
7098
7099
7100
7101
7102
7103
7104
7105
7106
7107
7108
7109
7110
7111
7112
7113
7114
7115
7116
7117
7118
7119
7120
7121
7122
7123
7124
7125
7126
7127
7128
7129
7130
7131
7132
7133
7134
7135
7136
7137
7138
7139
7140
7141
7142
7143
7144
7145
7146
7147
7148
7149
7150
7151
7152
7153
7154
7155
7156
7157
7158
7159
7160
7161
7162
7163
7164
7165
7166
7167
7168
7169
7170
7171
7172
7173
7174
7175
7176
7177
7178
7179
7180
7181
7182
7183
7184
7185
7186
7187
7188
7189
7190
7191
7192
7193
7194
7195
7196
7197
7198
7199
7200
7201
7202
7203
7204
7205
7206
7207
7208
7209
7210
7211
7212
7213
7214
7215
7216
7217
7218
7219
7220
7221
7222
7223
7224
7225
7226
7227
7228
7229
7230
7231
7232
7233
7234
7235
7236
7237
7238
7239
7240
7241
7242
7243
7244
7245
7246
7247
7248
7249
7250
7251
7252
7253
7254
7255
7256
7257
7258
7259
7260
7261
7262
7263
7264
7265
7266
7267
7268
7269
7270
7271
7272
7273
7274
7275
7276
7277
7278
7279
7280
7281
7282
7283
7284
7285
7286
7287
7288
7289
7290
7291
7292
7293
7294
7295
7296
7297
7298
7299
7300
7301
7302
7303
7304
7305
7306
7307
7308
7309
7310
7311
7312
7313
7314
7315
7316
7317
7318
7319
7320
7321
7322
7323
7324
7325
7326
7327
7328
7329
7330
7331
7332
7333
7334
7335
7336
7337
7338
7339
7340
7341
7342
7343
7344
7345
7346
7347
7348
7349
7350
7351
7352
7353
7354
7355
7356
7357
7358
7359
7360
7361
7362
7363
7364
7365
7366
7367
7368
7369
7370
7371
7372
7373
7374
7375
7376
7377
7378
7379
7380
7381
7382
7383
7384
7385
7386
7387
7388
7389
7390
7391
7392
7393
7394
7395
7396
7397
7398
7399
7400
7401
7402
7403
7404
7405
7406
7407
7408
7409
7410
7411
7412
7413
7414
7415
7416
7417
7418
7419
7420
7421
7422
7423
7424
7425
7426
7427
7428
7429
7430
7431
7432
7433
7434
7435
7436
7437
7438
7439
7440
7441
7442
7443
7444
7445
7446
7447
7448
7449
7450
7451
7452
7453
7454
7455
7456
7457
7458
7459
7460
7461
7462
7463
7464
7465
7466
7467
7468
7469
7470
7471
7472
7473
7474
7475
7476
7477
7478
7479
7480
7481
7482
7483
7484
7485
7486
7487
7488
7489
7490
7491
7492
7493
7494
7495
7496
7497
7498
7499
7500
7501
7502
7503
7504
7505
7506
7507
7508
7509
7510
7511
7512
7513
7514
7515
7516
7517
7518
7519
7520
7521
7522
7523
7524
7525
7526
7527
7528
7529
7530
7531
7532
7533
7534
7535
7536
7537
7538
7539
7540
7541
7542
7543
7544
7545
7546
7547
7548
7549
7550
7551
7552
7553
7554
7555
7556
7557
7558
7559
7560
7561
7562
7563
7564
7565
7566
7567
7568
7569
7570
7571
7572
7573
7574
7575
7576
7577
7578
7579
7580
7581
7582
7583
7584
7585
7586
7587
7588
7589
7590
7591
7592
7593
7594
7595
7596
7597
7598
7599
7600
7601
7602
7603
7604
7605
7606
7607
7608
7609
7610
7611
7612
7613
7614
7615
7616
7617
7618
7619
7620
7621
7622
7623
7624
7625
7626
7627
7628
7629
7630
7631
7632
7633
7634
7635
7636
7637
7638
7639
7640
7641
7642
7643
7644
7645
7646
7647
7648
7649
7650
7651
7652
7653
7654
7655
7656
7657
7658
7659
7660
7661
7662
7663
7664
7665
7666
7667
7668
7669
7670
7671
7672
7673
7674
7675
7676
7677
7678
7679
7680
7681
7682
7683
7684
7685
7686
7687
7688
7689
7690
7691
7692
7693
7694
7695
7696
7697
7698
7699
7700
7701
7702
7703
7704
7705
7706
7707
7708
7709
7710
7711
7712
7713
7714
7715
7716
7717
7718
7719
7720
7721
7722
7723
7724
7725
7726
7727
7728
7729
7730
7731
7732
7733
7734
7735
7736
7737
7738
7739
7740
7741
7742
7743
7744
7745
7746
7747
7748
7749
7750
7751
7752
7753
7754
7755
7756
7757
7758
7759
7760
7761
7762
7763
7764
7765
7766
7767
7768
7769
7770
7771
7772
7773
7774
7775
7776
7777
7778
7779
7780
7781
7782
7783
7784
7785
7786
7787
7788
7789
7790
7791
7792
7793
7794
7795
7796
7797
7798
7799
7800
7801
7802
7803
7804
7805
7806
7807
7808
7809
7810
7811
7812
7813
7814
7815
7816
7817
7818
7819
7820
7821
7822
7823
7824
7825
7826
7827
7828
7829
7830
7831
7832
7833
7834
7835
7836
7837
7838
7839
7840
7841
7842
7843
7844
7845
7846
7847
7848
7849
7850
7851
7852
7853
7854
7855
7856
7857
7858
7859
7860
7861
7862
7863
7864
7865
7866
7867
7868
7869
7870
7871
7872
7873
7874
7875
7876
7877
7878
7879
7880
7881
7882
7883
7884
7885
7886
7887
7888
7889
7890
7891
7892
7893
7894
7895
7896
7897
7898
7899
7900
7901
7902
7903
7904
7905
7906
7907
7908
7909
7910
7911
7912
7913
7914
7915
7916
7917
7918
7919
7920
7921
7922
7923
7924
7925
7926
7927
7928
7929
7930
7931
7932
7933
7934
7935
7936
7937
7938
7939
7940
7941
7942
7943
7944
7945
7946
7947
7948
7949
7950
7951
7952
7953
7954
7955
7956
7957
7958
7959
7960
7961
7962
7963
7964
7965
7966
7967
7968
7969
7970
7971
7972
7973
7974
7975
7976
7977
7978
7979
7980
7981
7982
7983
7984
7985
7986
7987
7988
7989
7990
7991
7992
7993
7994
7995
7996
7997
7998
7999
8000
8001
8002
8003
8004
8005
8006
8007
8008
8009
8010
8011
8012
8013
8014
8015
8016
8017
8018
8019
8020
8021
8022
8023
        </DataArray>
      </Verts>
      <PointData>
        <DataArray type="Float32" Name="color" format="ascii">
0.3942387
0.797715
0.7976586
0.3943352
0.7975556
0.3944037
0.3944255
0.7972918
0.7968062
0.7963185
0.3945065
0.7962512
0.3945224
0.3945526
0.394671
0.3947028
0.3947268
0.7962033
0.7961578
0.7960914
0.3952181
0.795962
0.395375
0.3954114
0.7958728
0.39553
0.7957884
0.3955358
0.7956573
0.395674
0.79519
0.7951456
0.3957545
0.3958038
0.794786
0.39584
0.7947485
0.7946535
0.396045
0.7944435
0.3961674
0.3961778
0.7941744
0.396193
0.3962052
0.7941093
0.3963614
0.7939727
0.7938785
0.3964705
0.3965552
0.7938603
0.793537
0.3967294
0.7935318
0.3967727
0.396784
0.3968131
0.7933565
0.7932509
0.396911
0.7929989
0.7928866
0.7926891
0.792291
0.3972161
0.791889
0.3973604
0.7917576
0.7914924
0.3974326
0.3974965
0.3975134
0.7913172
0.3975846
0.3975956
0.3975988
0.3976338
0.3976968
0.7912609
0.7911767
0.7910981
0.7909123
0.7908911
0.3979217
0.7905195
0.3980469
0.7904781
0.3981305
0.7904584
0.7901753
0.3982897
0.7899389
0.789876
0.7898446
0.7896849
0.7895411
0.7895049
0.3987203
0.3987755
0.3987954
0.3988156
0.7894583
0.3988754
0.3990021
0.7894282
0.7892436
0.3991446
0.7890717
0.3992432
0.3992999
0.7890211
0.3993259
0.3993363
0.3993681
0.7889701
0.788901
0.3994966
0.7888917
0.7885904
0.3996657
0.3999127
0.399918
0.3999671
0.3999744
0.4000151
0.4000476
0.7884652
0.4000737
0.7883992
0.7883008
0.4001841
0.7882885
0.7882314
0.7881876
0.7881476
0.7881365
0.7881225
0.4009854
0.788063
0.7880567
0.4011564
0.7878718
0.787817
0.7878084
0.7877868
0.7877018
0.4013213
0.7874793
0.7873939
0.4014072
0.7872905
0.4015108
0.4015733
0.4015752
0.4016078
0.4016986
0.7872012
0.4017485
0.401808
0.7871357
0.4018861
0.7870715
0.4020825
0.7869572
0.4021856
0.7867957
0.4022124
0.402264
0.4022896
0.4023253
0.4024268
0.4025533
0.4026379
0.4027033
0.4027927
0.7866713
0.7866552
0.4029657
0.402968
0.7865395
0.7864991
0.4030502
0.4030621
0.7863491
0.4031161
0.7863262
0.4032375
0.7863192
0.4033258
0.4034084
0.7861603
0.7861145
0.4035406
0.4037286
0.7861108
0.7860596
0.7860407
0.4039141
0.4039175
0.7860022
0.7859854
0.785825
0.4041229
0.4041358
0.7856424
0.7855829
0.7854003
0.7851731
0.7851651
0.4044611
0.4044653
0.4045745
0.7849476
0.7848027
0.4046772
0.4046931
0.4048051
0.7847877
0.7845255
0.7844961
0.7843772
0.7842358
0.4050887
0.7842222
0.4051774
0.4052302
0.4052674
0.7841747
0.4054614
0.4055101
0.7841422
0.784133
0.7840217
0.7840108
0.4056648
0.4057386
0.4057438
0.4058318
0.7840027
0.4059173
0.7838506
0.4060243
0.4060939
0.4060957
0.7836919
0.4061182
0.4061872
0.7834961
0.40633
0.7833726
0.4063393
0.7830666
0.4065483
0.4066637
0.4068222
0.7828621
0.7825974
0.406902
0.4069253
0.4069323
0.7820919
0.4070567
0.4070874
0.7820322
0.4071215
0.7819538
0.4075487
0.4075834
0.4076174
0.4076263
0.4077142
0.7816367
0.4077878
0.7814925
0.407815
0.407846
0.4078895
0.7813864
0.781383
0.7813758
0.7813472
0.7813414
0.4085445
0.4085941
0.4086347
0.7813367
0.7811221
0.4087872
0.7810304
0.4088579
0.4089728
0.408978
0.4089983
0.4090922
0.4091266
0.7809872
0.4093159
0.4094307
0.409463
0.7809722
0.4094895
0.4095801
0.7806492
0.7806198
0.7805958
0.4097774
0.4099103
0.4100113
0.4100257
0.7805729
0.4101128
0.7804941
0.7804824
0.7803921
0.7803833
0.7803648
0.4104696
0.4105427
0.4105631
0.4106266
0.410704
0.4107053
0.7802829
0.4107798
0.4107879
0.7801872
0.4109468
0.780153
0.4111126
0.7800146
0.7796146
0.4112301
0.7792978
0.7791979
0.4113132
0.7791964
0.7789913
0.7788776
0.4114576
0.4115149
0.4115226
0.4116583
0.7787256
0.7786425
0.4117824
0.4118702
0.7786107
0.7784293
0.4120838
0.7783538
0.7783031
0.4122974
0.7782113
0.7780721
0.7780383
0.7779069
0.7778745
0.4124759
0.7778277
0.4125189
0.4125529
0.4126953
0.7778062
0.4127146
0.4128447
0.4128451
0.7777531
0.7775695
0.777505
0.7772648
0.4130052
0.7772489
0.41328
0.4133211
0.4133928
0.4134094
0.4134215
0.4134868
0.7771087
0.4135155
0.7770962
0.413554
0.7770929
0.4137283
0.7768902
0.4138113
0.4138536
0.4139011
0.4139538
0.7768166
0.4140496
0.7768078
0.4141257
0.414163
0.7767889
0.7767351
0.7764825
0.7764786
0.7763814
0.4144391
0.776254
0.7762136
0.776155
0.776129
0.4147208
0.7760501
0.4147487
0.4148732
0.7758629
0.4148879
0.7758569
0.7757673
0.7756654
0.7756413
0.7756154
0.4153205
0.4153704
0.7755246
0.7753452
0.4155261
0.7752566
0.7750968
0.7750658
0.7749531
0.4157918
0.7749315
0.7748405
0.7746161
0.7744664
0.4159507
0.7743688
0.7743131
0.7739925
0.4160212
0.4160731
0.7739065
0.773828
0.4161912
0.7738146
0.4162644
0.7737835
0.4163924
0.7735743
0.4165886
0.7735718
0.4168718
0.41696
0.4171149
0.7735503
0.4171536
0.4171556
0.7734831
0.4173161
0.7734484
0.4174611
0.7734196
0.7733975
0.7733029
0.7733009
0.4178602
0.4178722
0.7731732
0.7731568
0.7730401
0.418018
0.7729668
0.7729514
0.7728357
0.4181418
0.7728093
0.4181967
0.4181979
0.7727059
0.4182474
0.772553
0.4183415
0.7723261
0.7717677
0.7717411
0.4184346
0.7715568
0.4186086
0.7714187
0.7713872
0.7710998
0.7710887
0.7709535
0.4188123
0.4188217
0.7709071
0.7708518
0.7707738
0.7705968
0.7704442
0.7702286
0.7700942
0.7699913
0.7699178
0.7698851
0.4194848
0.7698618
0.7696762
0.4197855
0.7696155
0.4201548
0.4202511
0.4202613
0.769448
0.4203674
0.7693641
0.4204288
0.4204567
0.4205872
0.4207397
0.4207469
0.4207873
0.4208259
0.4210347
0.4210559
0.4210629
0.7693617
0.7692596
0.4212649
0.7692347
0.4213351
0.7690874
0.7687312
0.768414
0.4214417
0.7682056
0.4216061
0.7680785
0.4217087
0.7679737
0.4218402
0.7679154
0.4220862
0.7678429
0.7678009
0.4225406
0.7676538
0.4226113
0.4226367
0.4228818
0.4229668
0.423102
0.4231254
0.423207
0.7676463
0.4232177
0.4232969
0.4233749
0.4233823
0.7676352
0.4235159
0.42359
0.4236263
0.4237618
0.4237729
0.7676151
0.4237765
0.4237931
0.4238356
0.4239288
0.7675204
0.424059
0.7675172
0.4242592
0.7674684
0.7673772
0.767217
0.4244254
0.4245073
0.7670314
0.4245923
0.424602
0.4246054
0.7669134
0.766769
0.7666876
0.7666651
0.4247616
0.7666551
0.4247774
0.4248163
0.4248378
0.7666168
0.4250152
0.7665162
0.7664811
0.4253808
0.4253925
0.7663997
0.7662221
0.7661235
0.7660991
0.4257138
0.4257962
0.7659388
0.4258145
0.7659364
0.4258797
0.765933
0.7658871
0.4261436
0.7658702
0.4264232
0.7656953
0.4265545
0.7656453
0.7655058
0.4267651
0.4269354
0.4269651
0.7654822
0.4270751
0.4271938
0.7653551
0.4272435
0.7652985
0.7652134
0.7650581
0.4273322
0.7650414
0.7647029
0.7643136
0.4273937
0.7642162
0.7640045
0.4275529
0.4276244
0.4276572
0.4276687
0.7638773
0.7638115
0.763718
0.7636465
0.7635507
0.4279112
0.4280321
0.4281124
0.4282054
0.7633356
0.7632524
0.4286056
0.7630331
0.4287508
0.7629684
0.4290341
0.7629657
0.429123
0.7628515
0.4291615
0.7626787
0.762602
0.7624642
0.7622801
0.7620175
0.7619572
0.7619463
0.4292916
0.4293036
0.4293886
0.7619359
0.4296803
0.4297087
0.4297334
0.4298271
0.7618495
0.4299832
0.4300226
0.7618128
0.7617552
0.7616941
0.4303545
0.7613804
0.7613794
0.7613
0.4304124
0.7612516
0.7610761
0.4305453
0.4305712
0.4305845
0.7609416
0.7609376
0.4306619
0.7608621
0.4307491
0.4307649
0.4307732
0.4308361
0.4308492
0.7608437
0.7608312
0.7607135
0.4310356
0.4310514
0.7607108
0.4310749
0.4311038
0.4311972
0.431216
0.431251
0.4312519
0.4313302
0.4313306
0.4313426
0.4314958
0.431507
0.431536
0.4316098
0.760578
0.760456
0.4317023
0.4320331
0.4320806
0.7604226
0.4321785
0.7600951
0.7600798
0.7599272
0.4323162
0.7598592
0.7596912
0.4323638
0.759432
0.7593901
0.4324516
0.7589251
0.4325875
0.7588782
0.4326551
0.758866
0.7587429
0.4327662
0.7586788
0.4328724
0.4329387
0.7586097
0.7585594
0.4331991
0.4332126
0.7583638
0.4332298
0.4332346
0.4333306
0.7580269
0.4334938
0.4335964
0.757785
0.7576613
0.7575706
0.7575501
0.7574995
0.4338171
0.433858
0.7572286
0.7570963
0.757096
0.4340745
0.7570359
0.4340938
0.4342846
0.4343791
0.434408
0.4344396
0.4344479
0.4344765
0.4345133
0.7570161
0.4345559
0.4345995
0.4346362
0.7570145
0.7570086
0.4348204
0.4348204
0.7570041
0.4350281
0.7568331
0.4351158
0.7564312
0.7564089
0.7563172
0.7562506
0.7561329
0.435295
0.4353084
0.7560794
0.4353583
0.4354
0.75603
0.7557921
0.7555711
0.435565
0.4355676
0.755565
0.4357214
0.7555138
0.7554957
0.4359134
0.4360362
0.4360372
0.4360955
0.4361318
0.7554942
0.4362476
0.4363294
0.4364794
0.4364937
0.7554738
0.4365849
0.4366494
0.7554466
0.4368595
0.4368723
0.4368728
0.4368885
0.4369809
0.4370504
0.4370761
0.437097
0.437142
0.4372815
0.7553341
0.4373414
0.4373558
0.7553052
0.4375023
0.4375688
0.7550361
0.7550307
0.4376417
0.4377207
0.7549979
0.7549925
0.7547755
0.7547434
0.7546706
0.4382592
0.7546299
0.7542399
0.4384511
0.7539318
0.4385131
0.4385438
0.7539012
0.4385989
0.4386402
0.7538934
0.4386522
0.7538468
0.7536102
0.7534785
0.4389195
0.4389289
0.4389322
0.7534457
0.7533234
0.4390701
0.4391324
0.753249
0.7532447
0.753157
0.4393379
0.439349
0.4394162
0.7531048
0.7530165
0.4395402
0.7527953
0.7527812
0.7527484
0.4396234
0.7524787
0.4396508
0.4396803
0.4396985
0.7524115
0.7522442
0.4398704
0.4400683
0.7522174
0.7521209
0.4401528
0.7521018
0.4402626
0.4403272
0.752101
0.7520771
0.4404124
0.4406102
0.7520609
0.4407309
0.7519268
0.4407532
0.7518474
0.4409129
0.7515526
0.4409704
0.4410157
0.7515036
0.7514497
0.4410995
0.4411133
0.4411454
0.7514391
0.7513413
0.7513341
0.4414524
0.4414904
0.7509234
0.7506241
0.4415976
0.4416497
0.4416519
0.7503802
0.4417073
0.7503603
0.4417854
0.4417937
0.4418015
0.7502406
0.4419211
0.4419341
0.7502323
0.7500961
0.7497709
0.7497488
0.749743
0.7496896
0.4421943
0.7495602
0.442211
0.4422426
0.4422576
0.7494432
0.4423273
0.7494223
0.7492427
0.74923
0.7489495
0.4426399
0.7488673
0.4428349
0.4429307
0.4430426
0.4431399
0.4431752
0.7487916
0.7487409
0.4432939
0.4433151
0.7486784
0.4433389
0.4433607
0.4434006
0.4435229
0.4435971
0.4436608
0.4438643
0.7486055
0.4439418
0.4440003
0.4440821
0.7485584
0.7484229
0.7484038
0.4442433
0.4442671
0.4443444
0.7483714
0.7483131
0.7481315
0.7481219
0.4446923
0.4447574
0.4447726
0.4448049
0.7479698
0.7479421
0.7478108
0.4449544
0.7475494
0.4450549
0.7472862
0.445164
0.4451938
0.7472306
0.4453083
0.7468959
0.4454201
0.445538
0.4455611
0.4456348
0.4457334
0.7468876
0.4458554
0.4458609
0.4458916
0.7468556
0.4459684
0.746773
0.7467303
0.7465922
0.4462145
0.7465888
0.4463562
0.4463853
0.7465658
0.4464246
0.7465182
0.7462208
0.4465297
0.7461451
0.7461023
0.4466447
0.4466555
0.7460745
0.7460718
0.4469166
0.4469427
0.7460178
0.4470336
0.7459198
0.4473408
0.4475635
0.4476104
0.745906
0.4476254
0.4477007
0.7457494
0.4477732
0.7457376
0.4478132
0.7454997
0.7454963
0.4478886
0.4478971
0.7454182
0.4479193
0.7452918
0.448039
0.7451648
0.7450307
0.7449871
0.7449604
0.7449074
0.4481848
0.4482073
0.7448415
0.744798
0.4482261
0.4482291
0.7447264
0.4483236
0.4483957
0.4484023
0.4484228
0.448486
0.4485815
0.4486204
0.4488808
0.448941
0.7445992
0.4490471
0.4490532
0.7445274
0.4490896
0.4491808
0.4492697
0.449302
0.7444541
0.4494119
0.7444084
0.7443981
0.4495307
0.7443362
0.4495783
0.449684
0.7442389
0.7441643
0.7440766
0.7440562
0.4500533
0.7440423
0.4502476
0.450321
0.7439839
0.4503675
0.4503735
0.7439612
0.7439114
0.7437997
0.7437679
0.450594
0.7436325
0.7435559
0.7432511
0.4507842
0.4509927
0.7431383
0.4511567
0.4512016
0.7431285
0.7430867
0.7429075
0.4513816
0.742668
0.7426134
0.4515428
0.7425929
0.7425637
0.4518495
0.4519736
0.7425477
0.4521078
0.7423757
0.4521926
0.7423374
0.4524038
0.7420185
0.452492
0.7418976
0.4526498
0.7417944
0.741725
0.7416844
0.4527034
0.4527902
0.7413249
0.7412389
0.4529049
0.4529255
0.7412288
0.4529645
0.7410913
0.4529842
0.7409564
0.4529928
0.453
0.7408525
0.4530265
0.7404504
0.4531037
0.7404385
0.7404128
0.4531092
0.740396
0.4531494
0.4531634
0.4532586
0.7402901
0.7401901
0.7401574
0.453526
0.7399498
0.7397856
0.4536869
0.7395519
0.4537577
0.4538004
0.739513
0.7394667
0.739351
0.4540119
0.4540206
0.4540805
0.7393474
0.7391151
0.7390478
0.7388887
0.4544409
0.4544681
0.7388797
0.7387905
0.7387598
0.4545687
0.4546925
0.7387428
0.7387275
0.4547948
0.7386721
0.7386709
0.7386196
0.7385423
0.4550879
0.738389
0.4551116
0.4551377
0.7381245
0.4553065
0.738106
0.4554109
0.7380232
0.7379385
0.7378927
0.7378919
0.7378863
0.7378262
0.4555433
0.4556015
0.7376114
0.4556411
0.7374079
0.4556818
0.7373995
0.7372396
0.7369849
0.7369008
0.736791
0.7367588
0.4559475
0.7365142
0.7364553
0.4561391
0.4561514
0.456396
0.4564144
0.4565142
0.7364134
0.4566039
0.7363113
0.7361789
0.7360103
0.4567727
0.4567867
0.4569044
0.7359044
0.4570144
0.7356911
0.4570597
0.4571055
0.4571514
0.4571923
0.735482
0.4573146
0.7354665
0.4574915
0.7354575
0.7353745
0.4577017
0.457714
0.7351474
0.4579026
0.4579456
0.735103
0.7348308
0.4581399
0.4581463
0.4581704
0.4582844
0.7347944
0.7347219
0.4584238
0.7347056
0.7346658
0.7342818
0.4586546
0.4587319
0.4587646
0.7341529
0.4587806
0.4588062
0.4589135
0.7340567
0.7339861
0.7337339
0.7337045
0.733691
0.4591284
0.7335747
0.4591636
0.4593007
0.73356
0.4594623
0.45956
0.4596511
0.7335106
0.7334611
0.7334385
0.4597256
0.4597698
0.4597752
0.7333738
0.7333239
0.4598387
0.7333182
0.4598467
0.4598652
0.733317
0.4598978
0.4599127
0.7331775
0.7331722
0.7330478
0.4600801
0.4601248
0.4602002
0.4603094
0.7330432
0.4603938
0.7330067
0.732619
0.7325678
0.4605918
0.7324638
0.7322757
0.7321171
0.4606516
0.7320778
0.4607683
0.7320056
0.7319949
0.7319385
0.460959
0.4609764
0.4611061
0.7318761
0.7316067
0.731603
0.4613322
0.731577
0.4613503
0.7315083
0.4613698
0.7314882
0.7313992
0.7312297
0.7311858
0.7310213
0.4615052
0.4615371
0.7310057
0.4615502
0.4616021
0.7309542
0.7309079
0.4617058
0.7307293
0.461832
0.7305431
0.4618694
0.7303763
0.4619122
0.4619745
0.7301744
0.4620172
0.462065
0.4621104
0.4621476
0.7301208
0.7300862
0.7300771
0.4623247
0.7298526
0.4624085
0.7298099
0.7298086
0.4625382
0.4625391
0.7296961
0.7295939
0.4627041
0.7295606
0.7294781
0.4627205
0.4627244
0.7293977
0.4627842
0.7293192
0.4629086
0.7292514
0.4630715
0.7292087
0.463081
0.7292049
0.4631951
0.7291603
0.7290139
0.4635181
0.7286547
0.7286545
0.4636914
0.4636948
0.7283931
0.7283911
0.4638697
0.7283829
0.4639464
0.4640463
0.7282957
0.4642399
0.4642504
0.4643275
0.4643532
0.7282117
0.7281615
0.4644821
0.7279065
0.7278837
0.4646151
0.7276965
0.7276911
0.7275503
0.4649381
0.7275126
0.7274563
0.7272621
0.7270824
0.7270685
0.4653014
0.7270612
0.4653811
0.465385
0.4653894
0.7270586
0.7265568
0.7263693
0.7263005
0.4657352
0.726253
0.7261849
0.4659406
0.4660107
0.72615
0.7261146
0.7258912
0.7258814
0.4660976
0.4661659
0.4662026
0.7258345
0.7257865
0.7253648
0.7253339
0.466425
0.4664768
0.7252883
0.7250435
0.7249686
0.7248812
0.4667857
0.7248755
0.4669694
0.4669749
0.7248198
0.4670276
0.7247587
0.4671231
0.7247228
0.4672071
0.7245868
0.4672782
0.4674146
0.7245585
0.4674709
0.7245424
0.7245306
0.4675297
0.7245247
0.467572
0.7244794
0.7243809
0.4678928
0.7243626
0.7242751
0.4679872
0.4679997
0.7242696
0.7242217
0.4682115
0.724205
0.4683352
0.4684781
0.4684884
0.4685777
0.7241107
0.7240617
0.7239753
0.4687247
0.7238944
0.7238449
0.4687992
0.4688171
0.7238382
0.7237732
0.4689049
0.4689391
0.4690068
0.469019
0.7237554
0.46905
0.469097
0.7237355
0.4693401
0.469381
0.4695577
0.7235962
0.4695997
0.723236
0.7230393
0.469656
0.469673
0.7229844
0.4698786
0.4698826
0.4699502
0.7228136
0.7223016
0.4701442
0.4701682
0.7222381
0.4702849
0.4702983
0.4703248
0.7220826
0.7219521
0.4705642
0.721849
0.7218224
0.7217969
0.470674
0.4707105
0.4707189
0.4707613
0.721754
0.4707811
0.7216394
0.7215654
0.7214889
0.7214457
0.4712007
0.7210233
0.4713814
0.7206244
0.4714335
0.4714507
0.7205251
0.7205057
0.4715786
0.720349
0.4718243
0.7201978
0.4719285
0.7200537
0.7199238
0.4720993
0.7198666
0.4721254
0.7197996
0.7197531
0.4722718
0.4723634
0.7197431
0.7197213
0.4725247
0.4725409
0.7197012
0.4726925
0.4727583
0.4728208
0.4728316
0.4728324
0.4728413
0.7195959
0.7194136
0.472894
0.4729162
0.4729361
0.4730097
0.4730548
0.473127
0.4731514
0.473252
0.4733109
0.7193443
0.4733618
0.7192686
0.7191911
0.4734322
0.4735009
0.7191385
0.4735726
0.7190037
0.4737105
0.4737218
0.7189432
0.7188599
0.4739722
0.7188485
0.4740301
0.4740497
0.71868
0.7186365
0.7184576
0.7183511
0.7183
0.718143
0.4742628
0.7180994
0.4744355
0.4744585
0.4745496
0.4745543
0.7180569
0.4745982
0.4745983
0.7180117
0.7179507
0.7179359
0.4749167
0.4749284
0.4750171
0.4750836
0.7178941
0.4751639
0.7175666
0.7175145
0.7175124
0.4755507
0.7173823
0.7173414
0.7173293
0.4756373
0.7173124
0.7172989
0.4757649
0.4758056
0.7171885
0.7171015
0.7170915
0.4759039
0.7170473
0.7169769
0.7168089
0.4760109
0.7167061
0.4760746
0.7166521
0.4761155
0.7165957
0.7163363
0.4761746
0.4761807
0.476203
0.4762316
0.7161843
0.4763458
0.7161694
0.7159434
0.476442
0.7158924
0.4765846
0.4766445
0.7158782
0.7157992
0.715705
0.7156681
0.4772283
0.7156353
0.4773122
0.7154989
0.7154467
0.715423
0.7152951
0.715283
0.4774682
0.477564
0.4776161
0.7152031
0.7150647
0.4776699
0.4777246
0.7150044
0.4779248
0.477943
0.4779609
0.7149859
0.7149264
0.478145
0.4782442
0.4782695
0.4782959
0.4783772
0.4784317
0.714806
0.4787861
0.7147658
0.4789349
0.7146286
0.478968
0.4789869
0.479015
0.7145922
0.4791632
0.7144119
0.7143414
0.4793096
0.4793154
0.7142385
0.7141806
0.4794551
0.4794866
0.4795179
0.7141429
0.4796661
0.4797585
0.4797771
0.4798674
0.7141318
0.4799649
0.7141171
0.4800495
0.7141069
0.480247
0.7140115
0.713784
0.480389
0.4804797
0.4805465
0.4805865
0.4806152
0.4806169
0.4806465
0.7136039
0.4807952
0.7135786
0.4808687
0.7133896
0.713266
0.4809975
0.7132097
0.7130143
0.4812442
0.7126639
0.4813373
0.7126009
0.7124592
0.7123165
0.7123007
0.4817334
0.4817469
0.481787
0.4819321
0.4819358
0.7121314
0.7120873
0.7120373
0.7120305
0.7118695
0.7118292
0.7115541
0.4823352
0.4823503
0.7114859
0.4824342
0.4824907
0.4825132
0.7114749
0.7110411
0.7110187
0.4828263
0.7109316
0.4828383
0.4829133
0.7107049
0.4829454
0.7106559
0.4829698
0.7105899
0.4830831
0.4831344
0.7105345
0.7105129
0.7104298
0.7104115
0.4835684
0.4836199
0.4836307
0.483648
0.4836531
0.4836759
0.7100941
0.7100545
0.4838011
0.7100311
0.4840396
0.4840824
0.7097303
0.7096484
0.7094999
0.7094898
0.7094342
0.7093879
0.4846075
0.7093225
0.7093158
0.4849029
0.7087023
0.4849859
0.7086412
0.7084662
0.4852566
0.7084416
0.4853172
0.7083497
0.4854207
0.4854601
0.7082363
0.4854743
0.485501
0.4855019
0.4855164
0.485544
0.4857263
0.4858496
0.4858658
0.7081883
0.4860948
0.4861585
0.4861662
0.708095
0.4862371
0.4862466
0.4863341
0.4863457
0.7074768
0.4865153
0.4865599
0.7074491
0.7071784
0.7070873
0.7070254
0.4869563
0.7068806
0.706811
0.4870612
0.4871156
0.4871245
0.7067505
0.7066647
0.4871687
0.4872289
0.7065226
0.4872403
0.4872497
0.4874269
0.4874844
0.7064453
0.7063532
0.4875698
0.7060636
0.7059979
0.705505
0.7053474
0.7053375
0.4878578
0.4878691
0.4878694
0.4879115
0.4879537
0.4879542
0.4879758
0.4879778
0.4879959
0.7052999
0.4881678
0.4881799
0.7052308
0.7049291
0.48837
0.4884416
0.7047266
0.7046478
0.7045278
0.7044988
0.7044138
0.4887403
0.7043755
0.7041391
0.7041389
0.4891049
0.4892172
0.7041191
0.7040653
0.7039602
0.4895216
0.7039215
0.4895957
0.4896234
0.4896559
0.4896727
0.4896927
0.7038999
0.4899053
0.4899306
0.7037515
0.7036754
0.7036697
0.7035706
0.703447
0.4901569
0.4901992
0.7031863
0.7031407
0.4902579
0.703096
0.7030761
0.7030053
0.4905192
0.7028259
0.4905648
0.7028024
0.7026631
0.490666
0.4907199
0.7026447
0.4908915
0.4909574
0.490992
0.7025704
0.7022297
0.7022039
0.4912138
0.7021434
0.7020693
0.4912469
0.4912848
0.4914235
0.7020245
0.7019696
0.7019541
0.7015414
0.7014087
0.4916877
0.7013658
0.7013519
0.7012548
0.4920676
0.7011516
0.7011302
0.492095
0.4921379
0.4921528
0.701071
0.7008911
0.7008608
0.7008305
0.7007592
0.492542
0.4925721
0.7006384
0.49265
0.492732
0.4927425
0.49277
0.7006199
0.4928631
0.4928718
0.700613
0.7003915
0.4931062
0.4931962
0.7001098
0.4934168
0.7001068
0.6997871
0.4935563
0.6997218
0.4935752
0.6996751
0.6995968
0.6995065
0.4936106
0.6994393
0.6994086
0.4937077
0.4937211
0.4937278
0.6992272
0.4938314
0.6991889
0.6990524
0.6990368
0.4940109
0.4940555
0.494177
0.6989821
0.4942446
0.4943037
0.4943074
0.6988601
0.4943968
0.6988453
0.6988233
0.4946062
0.4946275
0.4946341
0.4946902
0.4946987
0.6986169
0.6985729
0.4949959
0.6981788
0.6978482
0.4951448
0.4951493
0.4952965
0.4953346
0.495408
0.697664
0.4955007
0.4955629
0.6976068
0.4957604
0.697499
0.4957896
0.697323
0.4959729
0.4959774
0.6969191
0.4960744
0.4960953
0.6967599
0.6966622
0.4962392
0.6965402
0.6961462
0.4964793
0.6960973
0.4966125
0.6957982
0.4966657
0.4966689
0.4968262
0.6957757
0.6957172
0.4969652
0.4969874
0.4970741
0.695674
0.4971963
0.6955045
0.497443
0.6954926
0.6954702
0.4977046
0.4977872
0.4978468
0.6953371
0.4978645
0.6952991
0.4980491
0.6949859
0.6949344
0.694768
0.4981848
0.6947163
0.6945667
0.4985255
0.4986323
0.6945652
0.4988559
0.4988822
0.4988857
0.4988893
0.6945254
0.4989954
0.4990633
0.6944823
0.6944725
0.6944598
0.694235
0.6941798
0.6939697
0.4992261
0.6936679
0.4993947
0.4994814
0.4995251
0.6935871
0.6934649
0.4997007
0.6933703
0.6931211
0.6926123
0.4997637
0.6925423
0.6925241
0.6924877
0.6924278
0.6921453
0.5000186
0.5000196
0.6920764
0.5000483
0.6919219
0.6918667
0.6916428
0.6915252
0.50028
0.5002904
0.6912592
0.5005659
0.6909999
0.6909006
0.5007327
0.5007352
0.5008978
0.6907315
0.5009411
0.6907306
0.5011491
0.6906693
0.5011777
0.5012581
0.5013878
0.5013918
0.5014166
0.6906235
0.5016477
0.5017032
0.5017511
0.6905755
0.690394
0.5018568
0.6903926
0.6903408
0.6902165
0.6901549
0.6901361
0.5021071
0.6900769
0.689964
0.6899428
0.5022948
0.6899071
0.5023717
0.6898898
0.5024132
0.5024888
0.5025746
0.6898286
0.5028255
0.6895913
0.502947
0.6895086
0.5030289
0.689362
0.5031481
0.6893314
0.5032867
0.689194
0.6890317
0.5035805
0.5036478
0.6890122
0.5040169
0.6889316
0.6888068
0.5041533
0.6887756
0.504241
0.6886512
0.5044804
0.6885578
0.688399
0.5047767
0.6883852
0.6883568
0.5048233
0.5048453
0.6881028
0.6879565
0.6878648
0.6878613
0.5052816
0.5052983
0.6874415
0.5053094
0.5053186
0.6874187
0.5053719
0.6873888
0.5054491
0.6873874
0.6873155
0.6870477
0.5056944
0.6869934
0.5059777
0.6869252
0.686692
0.6864181
0.68634
0.6861249
0.5062577
0.5062699
0.6861126
0.5063896
0.5064048
0.6860281
0.6860094
0.6859853
0.5065006
0.5066097
0.5066918
0.6858904
0.5068831
0.685855
0.5069942
0.6857501
0.5070539
0.5070782
0.507089
0.6857018
0.6856978
0.5071499
0.5071924
0.5074662
0.685672
0.5077664
0.6855392
0.5077981
0.6855091
0.6852652
0.5079332
0.6852617
0.6850328
0.5080013
0.6850322
0.685025
0.6849937
0.684893
0.6848749
0.508535
0.6847985
0.6846368
0.5086579
0.6845611
0.5087989
0.684445
0.5088426
0.5089986
0.6843274
0.6842506
0.6842299
0.5090969
0.5091439
0.6842141
0.5092047
0.6841295
0.6839443
0.5093224
0.5093625
0.6839257
0.5094147
0.6838328
0.509536
0.5096262
0.6838048
0.6835231
0.6834839
0.5101232
0.5102119
0.510243
0.6834319
0.5102655
0.5103356
0.510349
0.5103633
0.6833032
0.5104017
0.6830316
0.5104437
0.6830027
0.682959
0.6827841
0.5105712
0.5106555
0.682736
0.6826313
0.682564
0.510767
0.5108073
0.5108603
0.6825466
0.6825213
0.6824718
0.5110806
0.5111187
0.5111281
0.6823861
0.6819476
0.5112627
0.68194
0.6818753
0.6818659
0.5115414
0.6817473
0.6816892
0.5118015
0.6816562
0.5118982
0.5119371
0.5120974
0.6816338
0.6814833
0.5121582
0.6813315
0.5122248
0.6808912
0.680838
0.5124739
0.6808228
0.6807528
0.5126023
0.6804401
0.5126252
0.512682
0.6803394
0.5127853
0.6801701
0.6801674
0.5128525
0.680088
0.6800135
0.679859
0.6797884
0.5130754
0.6795227
0.6793719
0.5132897
0.6790866
0.5134392
0.6790855
0.513449
0.513545
0.5135666
0.679038
0.6788871
0.5136894
0.5137441
0.5137467
0.5138113
0.6788784
0.6786717
0.6786467
0.5141281
0.5141935
0.6783587
0.5143517
0.6782709
0.678198
0.5143711
0.6780205
0.6779475
0.514569
0.5145739
0.5145901
0.6779203
0.514648
0.6778611
0.5147374
0.6778448
0.677776
0.6777755
0.6777697
0.6777098
0.6774081
0.6773928
0.6770903
0.6770694
0.6770674
0.6769835
0.6769789
0.676915
0.5155318
0.6768505
0.5155593
0.5156419
0.6766623
0.6766576
0.5157237
0.6765808
0.676494
0.6763611
0.5160307
0.6763092
0.6762757
0.5161139
0.6762264
0.516139
0.6761879
0.5162004
0.5162029
0.6761301
0.5163717
0.5163745
0.516377
0.676014
0.5164981
0.675855
0.5167268
0.6757002
0.6756594
0.5169885
0.5170861
0.5170985
0.675476
0.517127
0.5172055
0.517242
0.675135
0.6751109
0.5173602
0.6751007
0.5173907
0.6750191
0.5174949
0.5175198
0.5175592
0.5176499
0.6750126
0.6748316
0.5176746
0.5176871
0.5177147
0.6743633
0.5177363
0.5178559
0.517885
0.6741953
0.6739756
0.5181683
0.673959
0.5182055
0.6737175
0.6737086
0.6737065
0.5182825
0.5183015
0.5183052
0.5183061
0.6736482
0.5183443
0.5184119
0.6733977
0.5185149
0.5185969
0.6733801
0.6732694
0.5188816
0.6732419
0.6731288
0.518931
0.6730222
0.6727443
0.6726996
0.6726555
0.5190589
0.6725933
0.5191792
0.6724849
0.6722934
0.6721897
0.6721007
0.6719736
0.5194317
0.5194543
0.5194651
0.6718714
0.6718408
0.6716098
0.5196397
0.6715748
0.5197051
0.6715682
0.5198219
0.5199318
0.5199449
0.6715567
0.5200382
0.6715041
0.5200723
0.5201101
0.6712202
0.5201203
0.5201534
0.5201696
0.5201861
0.5202101
0.6710495
0.6709973
0.6709924
0.520312
0.6707605
0.5205302
0.670602
0.5205981
0.520636
0.6705287
0.5209017
0.6705014
0.5209781
0.5209979
0.6703878
0.6701519
0.6701085
0.5211287
0.5211578
0.6699799
0.5212608
0.5212625
0.6699611
0.6699342
0.5216449
0.5217621
0.5218329
0.669878
0.6698069
0.6697876
0.5219413
0.5219489
0.6697367
0.669519
0.5221168
0.6694363
0.5221455
0.5221608
0.6691099
0.5222604
0.5222896
0.5223134
0.5224177
0.5224314
0.5225205
0.6690043
0.5225529
0.6689492
0.6688545
0.6687237
0.6687139
0.5228103
0.6686515
0.5228852
0.5229273
0.5229359
0.66856
0.5230604
0.6685323
0.523078
0.5231513
0.6683553
0.6682748
0.6682628
0.5233235
0.5233632
0.5234795
0.5235059
0.6682307
0.6682245
0.5236564
0.5236591
0.6681843
0.5237454
0.6681636
0.66798
0.6677722
0.6675444
0.5239893
0.6675039
0.6672734
0.5240774
0.6670601
0.5241326
0.6670004
0.5242403
0.5242437
0.5242658
0.5243085
0.666881
0.6668803
0.524456
0.5244619
0.6668652
0.5245559
0.5245625
0.6667244
0.5246747
0.5246779
0.6666648
0.5248784
0.5249373
0.6665987
0.5250663
0.6665566
0.5253407
0.5254338
0.525848
0.525848
0.6665217
0.5259044
0.5259562
0.5259954
0.5260534
0.6664595
0.526062
0.5260803
0.5261146
0.5261439
0.666452
0.5262905
0.5262939
0.5263103
0.6663947
0.6660376
0.5264503
0.5265008
0.6658791
0.5265521
0.6658034
0.6657541
0.6656836
0.5266544
0.6656609
0.5267574
0.526827
0.6655127
0.6654384
0.6653938
0.5270749
0.5270892
0.5270929
0.6653371
0.5271457
0.6652433
0.5272983
0.5273137
0.6648568
0.5275083
0.5275173
0.5275763
0.5275967
0.6646721
0.6644344
0.5278181
0.6643162
0.6639727
0.6638938
0.6638145
0.6637819
0.5280787
0.5281843
0.6637576
0.5282377
0.6636493
0.6635889
0.6635069
0.6634608
0.6633369
0.6631474
0.5285057
0.5285351
0.5285825
0.6630986
0.5286675
0.6630494
0.5288165
0.5288788
0.5288921
0.662978
0.5289879
0.5289931
0.662885
0.6628067
0.6627805
0.5291311
0.5291582
0.6626441
0.6624359
0.6617053
0.6614761
0.6614465
0.6613181
0.6612458
0.5297199
0.5297472
0.6611443
0.529757
0.6611399
0.661112
0.6610873
0.5298765
0.6610412
0.660736
0.5299697
0.6605664
0.6605257
0.6604802
0.6602046
0.6600991
0.6600596
0.6595612
0.65952
0.6594794
0.530831
0.530833
0.6593872
0.6592389
0.6591461
0.6588666
0.5309518
0.6586929
0.6586595
0.6586125
0.658506
0.6585057
0.6584336
0.5310813
0.5310979
0.6584026
0.6583846
0.6581525
0.658072
0.6578027
0.5312862
0.6577976
0.5313244
0.5314041
0.531535
0.6576899
0.5315831
0.5316064
0.5316505
0.5317346
0.6574931
0.6574879
0.6573412
0.6570743
0.6570331
0.6568998
0.5321535
0.6568746
0.6568257
0.6566476
0.5322267
0.6565959
0.6565755
0.6563848
0.6561943
0.5324344
0.532441
0.5324717
0.6561427
0.6560984
0.5326748
0.532739
0.6557088
0.532846
0.5328944
0.6556367
0.5329973
0.6555773
0.655539
0.6552698
0.6549369
0.6548554
0.6547216
0.5331286
0.5331556
0.5331842
0.6545866
0.5333397
0.5333533
0.5334424
0.6543388
0.5335172
0.6541514
0.6540286
0.6539084
0.5337954
0.5338365
0.5338957
0.5339692
0.6537851
0.6537467
0.6537315
0.5340894
0.5340936
0.6535359
0.6535158
0.6534752
0.6534452
0.5342486
0.6533049
0.653271
0.5343516
0.6532201
0.5344282
0.5344734
0.5346011
0.6531304
0.5347219
0.6530406
0.5348221
0.5348307
0.5348476
0.6529689
0.5349821
0.6529421
0.5351876
0.6528556
0.6528422
0.5353155
0.535362
0.5353626
0.652831
0.6528251
0.5355653
0.5356411
0.6525423
0.5356908
0.5357711
0.5357732
0.6523928
0.5358517
0.6522475
0.6521474
0.5359291
0.5359455
0.6520506
0.5360554
0.5360737
0.6520488
0.6520324
0.6519799
0.5362905
0.5363126
0.6518391
0.6517813
0.6517713
0.5365778
0.5365899
0.6516255
0.651605
0.5366436
0.5366785
0.5367587
0.6511405
0.5368953
0.6511024
0.6510422
0.6509083
0.6508934
0.5371783
0.5371861
0.6508295
0.5373961
0.6507159
0.6506957
0.5375082
0.5375338
0.6505629
0.5376433
0.6505153
0.6502618
0.6501085
0.6500996
0.6500291
0.6500255
0.6498748
0.5380554
0.6497069
0.5381737
0.5381753
0.649547
0.6494179
0.6491964
0.6490787
0.6490422
0.5383715
0.5384319
0.6489344
0.5385553
0.5385565
0.5385679
0.6489256
0.6488364
0.5387325
0.5387422
0.5388852
0.6487884
0.6487786
0.6486355
0.5391605
0.6485105
0.6481668
0.5394134
0.6480032
0.5394888
0.539511
0.5395486
0.5396881
0.6479567
0.5397059
0.6479076
0.5397384
0.5397471
0.6478699
0.5399053
0.5399674
0.6478669
0.5400255
0.5400562
0.5400845
0.5401101
0.540225
0.6478298
0.6477318
0.647661
0.5403727
0.5403886
0.6475478
0.6475407
0.5406597
0.5408061
0.5408197
0.6475223
0.54095
0.5409778
0.5410408
0.6474156
0.6472343
0.5410975
0.5411396
0.5411464
0.647069
0.6470588
0.5413964
0.5414286
0.5414721
0.6468405
0.5415215
0.541542
0.5415938
0.5415939
0.6467212
0.6466971
0.5418866
0.541905
0.542004
0.5420189
0.6465977
0.6462739
0.6462542
0.6462228
0.5421993
0.6461136
0.6461056
0.5422866
0.6460055
0.6458891
0.5425265
0.5425623
0.5425815
0.5426536
0.5426678
0.6458517
0.5427535
0.5429302
0.5429732
0.5429933
0.6457435
0.5431108
0.645693
0.6455422
0.5431439
0.6455345
0.5432209
0.6454636
0.5432808
0.645453
0.645371
0.5434248
0.5434542
0.6452746
0.6452256
0.645017
0.5439432
0.6449863
0.5440064
0.5440282
0.6448124
0.6446477
0.6445594
0.6445292
0.6439338
0.5442862
0.5443216
0.6439225
0.6438782
0.6436459
0.5443916
0.643638
0.5444207
0.6434933
0.6434
0.6433874
0.6433759
0.5445639
0.6433118
0.5446552
0.5447843
0.5447887
0.5448344
0.5448875
0.5449371
0.5449495
0.5449937
0.5450045
0.6429256
0.6429092
0.6428898
0.5452371
0.6427879
0.6427261
0.6425546
0.6422217
0.6420873
0.5455692
0.6419508
0.5457844
0.6417988
0.6415317
0.5459055
0.545945
0.5459722
0.6415241
0.6414858
0.6414855
0.5462528
0.6414821
0.6411977
0.5464226
0.5466012
0.546604
0.5466744
0.6411881
0.5468677
0.5468846
0.546887
0.6410806
0.5470352
0.5470483
0.5470739
0.6410009
0.6409305
0.6409226
0.5473273
0.6407691
0.5474626
0.6406893
0.5476693
0.547673
0.6405542
0.6405417
0.6405338
0.5478978
0.6405156
0.640434
0.5480077
0.6404256
0.5480901
0.6404089
0.6403725
0.5483221
0.5483596
0.6403613
0.6402776
0.6400985
0.6400224
0.5487607
0.5487627
0.6399788
0.6399682
0.5488476
0.6395938
0.6395313
0.5489829
0.639385
0.5492392
0.6391802
0.5493386
0.6390042
0.5495203
0.5496144
0.5496274
0.6388571
0.6387396
0.5498943
0.6384516
0.5499679
0.6381738
0.6380643
0.5500591
0.6379062
0.6378862
0.5502614
0.5502637
0.5502825
0.55035
0.6378062
0.5504081
0.6377446
0.5504126
0.6377366
0.5504627
0.6377033
0.6376565
0.5507208
0.5507626
0.6374927
0.5507665
0.63749
0.6373161
0.5510516
0.6372821
0.5511088
0.6372774
0.5512145
0.5512193
0.6371611
0.6369051
0.6368839
0.6368622
0.5514089
0.5514147
0.6367828
0.6367595
0.6367574
0.63675
0.6367422
0.6367208
0.5518229
0.5518259
0.6366161
0.6365383
0.636282
0.6361834
0.5525313
0.5526105
0.6361225
0.6361113
0.6360243
0.635999
0.6359193
0.6358941
0.5530164
0.5530171
0.5531114
0.6356858
0.5532168
0.5533395
0.6356183
0.6355097
0.6354839
0.6353896
0.5534973
0.6353663
0.6353602
0.5537741
0.6353307
0.6351662
0.5540208
0.5540833
0.6351018
0.6350214
0.6346851
0.5541945
0.5541984
0.6345941
0.6345401
0.6345278
0.6339881
0.6338988
0.5545889
0.5546284
0.5546964
0.5546979
0.6338289
0.6337345
0.5549164
0.5552409
0.5552435
0.6337338
0.6335222
0.5553977
0.6334555
0.6333786
0.555519
0.6331028
0.5555447
0.6330033
0.5556901
0.5556985
0.6329674
0.6328668
0.5557623
0.632786
0.5558361
0.5558671
0.632694
0.632571
0.5559634
0.5560414
0.632463
0.5561526
0.6324292
0.55626
0.6323775
0.5564156
0.6323442
0.5564438
0.556531
0.632163
0.5566021
0.631959
0.556666
0.6319183
0.5567404
0.631658
0.6316284
0.556837
0.6314788
0.6311744
0.5569077
0.6311664
0.5570375
0.6310508
0.5570439
0.5570753
0.5571457
0.5571902
0.6310307
0.6308703
0.6307731
0.6305903
0.5574059
0.6304908
0.5575606
0.6302373
0.6301449
0.5576957
0.6301156
0.6298714
0.6298606
0.5578738
0.6297425
0.5580244
0.6296868
0.6296654
0.5581188
0.5581273
0.5581362
0.6295356
0.6295343
0.5582193
0.629521
0.5582795
0.6294797
0.6293665
0.5583563
0.6293069
0.6291294
0.5584475
0.5584894
0.6290849
0.5585505
0.6288469
0.6288457
0.5586484
0.5586583
0.5586693
0.5587139
0.5587407
0.6287287
0.6286675
0.558818
0.5590361
0.5590394
0.5592386
0.628654
0.6286131
0.6285827
0.5593269
0.559479
0.6285524
0.5595003
0.559558
0.6285152
0.6284591
0.6281528
0.6280775
0.5600233
0.560039
0.5600433
0.5601968
0.5602156
0.5602678
0.6280335
0.5603613
0.5603938
0.6279377
0.6279077
0.6279014
0.5604652
0.5605237
0.5605832
0.6278001
0.5606892
0.6275807
0.5608315
0.5608673
0.6275178
0.5609341
0.6274781
0.627392
0.5609932
0.6272619
0.5610189
0.56104
0.5610604
0.5610631
0.5610655
0.6272185
0.5611884
0.561285
0.5612856
0.6269833
0.561519
0.6269169
0.6268706
0.6266944
0.5616042
0.6265727
0.6264743
0.6264128
0.5617065
0.6263744
0.6261964
0.5617347
0.5617419
0.561783
0.6261815
0.561905
0.6261659
0.6261252
0.562061
0.5620731
0.5622352
0.562328
0.6261076
0.6260794
0.6258979
0.6257505
0.6256057
0.562507
0.5626256
0.6255741
0.5627553
0.6255231
0.625311
0.5629412
0.6252854
0.5631828
0.6252577
0.6250769
0.5633267
0.624999
0.5634202
0.6249581
0.6249395
0.6245803
0.5636174
0.6245198
0.5637307
0.5637404
0.5637746
0.5638283
0.6245185
0.624434
0.6243031
0.5639437
0.5639963
0.6241987
0.6241162
0.564054
0.5640562
0.6240696
0.6240695
0.6240543
0.564236
0.6240517
0.6240101
0.5644857
0.5645531
0.5646266
0.5647147
0.624006
0.5648099
0.623817
0.6237227
0.5648991
0.5649515
0.5649593
0.6236321
0.5650658
0.5651052
0.6236011
0.623246
0.5654663
0.5654955
0.5655487
0.5655754
0.5656168
0.6231627
0.623119
0.6231097
0.6231046
0.6230861
0.5658938
0.5659587
0.6230663
0.6230142
0.6229278
0.5661645
0.6228513
0.5662239
0.5662241
0.6226464
0.5662791
0.5663791
0.6226133
0.6224259
0.6224195
0.5665759
0.5666181
0.6224035
0.6222811
0.622214
0.6222116
0.622174
0.5669284
0.6221666
0.5669745
0.6221426
0.6220243
0.6220105
0.5671292
0.6219447
0.5672277
0.5672882
0.6219222
0.5673497
0.5674545
0.6218228
0.567571
0.567673
0.5677657
0.6217724
0.5678298
0.5678384
0.6216133
0.6216087
0.5679566
0.6215576
0.5680757
0.568076
0.6213961
0.5681827
0.5682504
0.5682996
0.5685751
0.5686184
0.6212873
0.5686645
0.6210318
0.6209965
0.6208758
0.5687726
0.5688273
0.5688342
0.5689716
0.6208513
0.569198
0.6207801
0.6207046
0.5692948
0.5693771
0.5695717
0.5696003
0.5697969
0.6205095
0.6204914
0.6204342
0.56985
0.5699309
0.5699717
0.5700135
0.6202652
0.6201692
0.6199842
0.6198523
0.6196654
0.6196575
0.6196249
0.5704974
0.619599
0.5705224
0.6195965
0.5706557
0.6195662
0.5707061
0.6193409
0.570931
0.5709369
0.5710277
0.6193224
0.5712073
0.5712531
0.571268
0.5715618
0.6191568
0.5716304
0.5716856
0.6191212
0.6187596
0.6186427
0.6185343
0.6184821
0.5717996
0.6184544
0.5718391
0.5718731
0.5719243
0.5719586
0.5720433
0.6182621
0.6182523
0.5721543
0.572179
0.5721939
0.6182167
0.5722737
0.5722812
0.6179867
0.6179043
0.6178024
0.572547
0.5726086
0.6176187
0.5727747
0.572814
0.6175852
0.5729096
0.6175288
0.6171946
0.6171923
0.6171719
0.5730761
0.6170406
0.6168644
0.6166338
0.5732607
0.5732787
0.573307
0.6163523
0.6158417
0.6156818
0.615563
0.6155245
0.5736142
0.573617
0.6153203
0.6153183
0.6152422
0.6152255
0.5738876
0.6152251
0.5740724
0.6151972
0.6151766
0.6150851
0.6150822
0.6148457
0.5743318
0.5743935
0.5744076
0.5744226
0.574445
0.5744658
0.5745245
0.5745658
0.5745711
0.6148201
0.6147917
0.5745923
0.5746182
0.6147811
0.6147791
0.5749159
0.5749263
0.614578
0.614547
0.5751558
0.5753036
0.6144916
0.5755075
0.6143258
0.6142756
0.6142648
0.6142267
0.575802
0.6140636
0.6140267
0.6139673
0.6138803
0.6137788
0.5761493
0.6136561
0.5762634
0.6135864
0.61334
0.5763237
0.6133059
0.6132057
0.6131184
0.5764794
0.6130677
0.5766689
0.6130458
0.6130278
0.5767295
0.5767694
0.6129882
0.5769098
0.6129866
0.5769581
0.6129643
0.6129285
0.6129269
0.5771803
0.6128035
0.5772586
0.6126398
0.6126313
0.5774684
0.6126246
0.5775032
0.6123756
0.5775702
0.5776072
0.5776124
0.6122694
0.6121781
0.577805
0.6121411
0.5778819
0.6120897
0.578054
0.6120602
0.5781272
0.5784335
0.5784502
0.6120459
0.5784963
0.6119656
0.6118987
0.6118728
0.6117218
0.6116133
0.6115833
0.6115211
0.6113831
0.5788255
0.5788704
0.6113143
0.5789578
0.6113042
0.5790215
0.6111787
0.6110604
0.5790436
0.5791355
0.610963
0.6109344
0.6108859
0.5794267
0.57943
0.6107488
0.6103986
0.6101301
0.5794939
0.6096336
0.6096094
0.5796716
0.6095175
0.609419
0.5797653
0.5797677
0.5797918
0.5798076
0.6092256
0.5799655
0.580017
0.5800318
0.6088828
0.5800869
0.6088662
0.5802805
0.6084273
0.6084063
0.5803683
0.6082779
0.580438
0.6078932
0.5805654
0.6078897
0.5806518
0.6078458
0.6076131
0.5809442
0.5810624
0.5810975
0.6076003
0.6074851
0.6073866
0.6073154
0.5814726
0.5814865
0.6071741
0.5814907
0.6069748
0.6069395
0.5816139
0.6068128
0.581628
0.5816336
0.6066405
0.5817716
0.5819036
0.5819591
0.5820163
0.5820404
0.6066175
0.6065105
0.6064546
0.5823097
0.5823476
0.6064481
0.6064103
0.5824496
0.6062863
0.5825785
0.5826823
0.5827434
0.6062005
0.5828134
0.5828782
0.5828977
0.6060385
0.6060062
0.605637
0.5831081
0.5831409
0.5831833
0.5831846
0.5832419
0.605634
0.6055291
0.5834816
0.605204
0.5835703
0.6051556
0.5837705
0.5838138
0.5838394
0.5839003
0.5839311
0.5839733
0.6050349
0.6050323
0.6049618
0.5840999
0.5841212
0.6049399
0.5841483
0.6048985
0.5842667
0.5842881
0.5842898
0.6048812
0.5844885
0.6047435
0.604683
0.6046705
0.5845852
0.6045773
0.6045094
0.5846366
0.5846724
0.5847122
0.5847396
0.5848228
0.604251
0.6040953
0.5849649
0.5849979
0.6038037
0.6037778
0.6037552
0.5851146
0.585153
0.5851675
0.585174
0.5855181
0.585536
0.5855508
0.6036265
0.6034654
0.6034111
0.6032873
0.58575
0.5858298
0.5858465
0.6031744
0.6031237
0.5858808
0.5860355
0.5861773
0.6031088
0.6030589
0.603041
0.602911
0.5863033
0.5863533
0.6028931
0.6028644
0.6026736
0.6024722
0.5867525
0.6022091
0.6019869
0.5870112
0.601727
0.6017036
0.6009783
0.6008479
0.5874612
0.6007919
0.6005446
0.5875797
0.5876116
0.5876619
0.6005269
0.5877878
0.6004922
0.5997263
0.5880799
0.5997093
0.5996444
0.5995727
0.5882656
0.5995703
0.5994257
0.5993936
0.588701
0.5887024
0.5887122
0.5887145
0.5993469
0.5888048
0.5888282
0.5992907
0.5888585
0.5991669
0.5889466
0.5991238
0.5988743
0.5889735
0.5890004
0.5891186
0.5893993
0.5894083
0.5894271
0.5894641
0.5894666
0.5986274
0.5984998
0.5984701
0.5895668
0.5984491
0.5897029
0.5983212
0.598292
0.5982476
0.5981933
0.5899394
0.5980317
0.5899726
0.5900816
0.5901303
0.5901512
0.5980017
0.5902042
0.5979763
0.5975677
0.5903497
0.5975165
0.5903855
0.5974026
0.5971135
0.5904326
0.5970771
0.5905174
0.5905176
0.5905433
0.5969068
0.5968121
0.5906328
0.5906494
0.5906641
0.590694
0.5907078
0.5967884
0.5967599
0.5907531
0.5907754
0.5907951
0.5967333
0.5908285
0.5908691
0.5966284
0.5965948
0.5911106
0.5964803
0.5963606
0.5914766
0.5961193
0.5915872
0.5916466
0.5917074
0.5960423
0.5917422
0.5959999
0.5918375
0.5918745
0.5959627
0.5959226
0.5920012
0.5920237
0.5958176
0.5920866
0.5956683
0.592159
0.5956576
0.5955912
0.592367
0.5955361
0.5924665
0.5925401
0.592542
0.5955312
0.5926296
0.5926494
0.5926725
0.5954843
0.5927941
0.5928833
0.5953862
0.5953701
0.5953181
0.5951495
0.5951015
0.5931075
0.5950453
0.5949717
0.5948541
0.5946977
0.5931963
0.5932068
0.5932396
0.5946265
0.5944358
0.5933641
0.5934581
0.5942006
0.5934705
0.5941207
0.5940763
0.5940491
0.5937625
0.5939286
0.5939268
0.5938134
0.5938922
4.687766e-05
0.0001267842
0.0002033804
0.0002146387
0.0002232124
0.0002785921
0.0004043034
0.000405591
0.0005134186
0.00054701
0.0005683647
0.0005744193
0.0006041727
0.0006180787
0.0006965864
0.0007399344
0.0008788561
0.001101478
0.00112548
0.001274402
0.001397331
0.001552316
0.001681471
0.00179091
0.001807294
0.002190127
0.002272675
0.002496001
0.002527627
0.00256172
0.00257507
0.00260471
0.002609519
0.002709482
0.002740604
0.002758222
0.002761767
0.002861757
0.002876679
0.002925664
0.003021041
0.003063977
0.003111385
0.00313472
0.003141469
0.003389569
0.003458079
0.003463807
0.003471901
0.003545712
0.00364345
0.003699647
0.003940783
0.00399552
0.004031369
0.004237139
0.00429139
0.00437554
0.004480304
0.004483949
0.004658008
0.004773335
0.004828624
0.005007335
0.005076203
0.005190319
0.005264002
0.00527177
0.005323182
0.005425635
0.005483341
0.005484709
0.005521015
0.005644756
0.005856776
0.006017558
0.006128909
0.006200267
0.006343574
0.006425603
0.00658449
0.006642377
0.00665221
0.006894549
0.006954338
0.007158676
0.007241067
0.007308306
0.007365856
0.007423273
0.007595705
0.007622804
0.007896939
0.007940263
0.008108039
0.008296816
0.008758276
0.008764391
0.008910579
0.009123364
0.0093264
0.009402292
0.009469398
0.009725362
0.009938683
0.009977381
0.01006124
0.01009311
0.01018037
0.01044782
0.01061712
0.01072605
0.01082083
0.01093701
0.01102263
0.0110356
0.01106572
0.01116709
0.01131078
0.01145033
0.01149019
0.01171274
0.01181474
0.01205953
0.0121244
0.01216219
0.01223536
0.0123591
0.0125211
0.01263172
0.01272678
0.0128332
0.0128515
0.01303119
0.01316146
0.01324451
0.01326203
0.01331928
0.01355845
0.01364225
0.01382486
0.01385223
0.01390492
0.01408412
0.01410773
0.01412904
0.01415098
0.01426272
0.01435045
0.01437728
0.01457277
0.01480426
0.01493682
0.01497392
0.0150888
0.01555005
0.01569822
0.01572451
0.01576116
0.01581268
0.01590058
0.01592664
0.01592666
0.01593341
0.01596626
0.01599009
0.01599406
0.01610342
0.01618154
0.01630057
0.01638906
0.01720637
0.01721611
0.01751283
0.01751344
0.01759094
0.0178958
0.01790673
0.01791114
0.018063
0.01806573
0.01820108
0.01821732
0.01836692
0.01840911
0.0184332
0.01855583
0.01886823
0.01891075
0.01909387
0.01909519
0.01929225
0.01930346
0.01939541
0.0194337
0.01963636
0.01974452
0.01986204
0.01993578
0.02011536
0.02034743
0.02043964
0.02050373
0.02050835
0.02070806
0.02082622
0.02087555
0.0210298
0.02106105
0.02141642
0.02143419
0.02175698
0.02195075
0.02201315
0.02208599
0.02213201
0.02217047
0.02227288
0.02240122
0.0224713
0.02259482
0.02280047
0.02290262
0.02324693
0.02345314
0.02345439
0.02392432
0.02410066
0.02418107
0.02418797
0.0242091
0.02423223
0.02425465
0.02427469
0.02433949
0.02439046
0.02445311
0.02460982
0.02463303
0.02483748
0.02506127
0.02508085
0.02514342
0.0251639
0.02518336
0.02526565
0.02529355
0.02543709
0.02552986
0.02559331
0.0256125
0.02566688
0.02586876
0.02608171
0.02610235
0.02625769
0.02632971
0.02641267
0.02648806
0.02650218
0.02653873
0.02675597
0.02678425
0.02700096
0.02701126
0.02705071
0.02707088
0.02710218
0.02718378
0.02724152
0.02728377
0.02729102
0.0275362
0.02756176
0.02791932
0.0280833
0.02822566
0.02829444
0.02858951
0.02861257
0.02862658
0.02866567
0.02875698
0.02881759
0.02882059
0.02888907
0.02889519
0.02903951
0.02910855
0.02919607
0.02921605
0.0292294
0.02927737
0.02940301
0.02946249
0.02961862
0.02974743
0.02979339
0.02980225
0.02987052
0.03014327
0.03016555
0.03034724
0.03041717
0.03042616
0.03045148
0.03048054
0.03056866
0.03061801
0.03078126
0.03104861
0.03105712
0.03120968
0.03125503
0.0313857
0.0315268
0.03154599
0.03160636
0.03164946
0.03176305
0.03177711
0.03190081
0.03199402
0.03200409
0.03206252
0.03243896
0.03263624
0.03266874
0.03273512
0.03274043
0.03278218
0.03285842
0.0330394
0.03308875
0.0331391
0.03314454
0.03340804
0.03343949
0.0334964
0.0336784
0.03390557
0.03414312
0.03418197
0.03426242
0.03459603
0.03471636
0.03501384
0.035387
0.03551929
0.03552682
0.03569096
0.0358969
0.03648885
0.03657551
0.03662958
0.03667047
0.03667827
0.0369971
0.0376572
0.03769451
0.03770758
0.03774779
0.03779285
0.03805058
0.0381551
0.03822873
0.03824948
0.03835702
0.03848104
0.03850093
0.03866115
0.03894686
0.03908236
0.03908804
0.03936864
0.03939304
0.0395739
0.03971701
0.0399055
0.03996001
0.04010972
0.04021158
0.04035987
0.04049031
0.04053149
0.04059863
0.0407643
0.04079102
0.04083309
0.04084338
0.04108624
0.04108947
0.04122818
0.04125028
0.04134315
0.04136553
0.04145112
0.04164835
0.04194095
0.04209729
0.04214702
0.04217257
0.04228925
0.04246348
0.04254261
0.04257603
0.04269536
0.0427558
0.0428165
0.04283364
0.04292188
0.04295475
0.04351553
0.04355537
0.0438174
0.04383944
0.04391531
0.0439488
0.0440095
0.0440741
0.04408744
0.04409349
0.04413875
0.04416927
0.04435794
0.04446468
0.04458145
0.0446988
0.04491822
0.04499101
0.04511292
0.04513838
0.04519025
0.04519653
0.04522105
0.04527841
0.04549147
0.04585464
0.04588296
0.04594177
0.04598916
0.04599686
0.04631299
0.04636519
0.04652604
0.04663664
0.04694
0.04698486
0.04722778
0.04754646
0.04757856
0.04758994
0.04760839
0.04766317
0.0477334
0.04775954
0.04782581
0.04787504
0.04791123
0.04801347
0.04821013
0.04831906
0.04865591
0.04866339
0.04868891
0.04873852
0.04897518
0.04901794
0.04916246
0.04918063
0.04919805
0.04926613
0.0493821
0.04941356
0.04952975
0.04991654
0.04993293
0.05021214
0.05026327
0.05035367
0.05038435
0.05045831
0.0505132
0.05056594
0.0505725
0.05065263
0.05080882
0.05082026
0.0510691
0.05120768
0.05124792
0.05129941
0.05130774
0.05150829
0.05158738
0.05167183
0.05168826
0.05174492
0.05182138
0.0519033
0.05190371
0.05193882
0.05213622
0.05262017
0.0527297
0.0527301
0.05278724
0.05286274
0.05304053
0.05308688
0.05318068
0.05321776
0.0533137
0.05344117
0.05359108
0.0535944
0.0537089
0.05375603
0.05378065
0.05382617
0.05387153
0.05390845
0.05395716
0.05397352
0.05403176
0.0540758
0.05410252
0.05414537
0.05416302
0.0542456
0.05430209
0.05431841
0.05440814
0.05456156
0.05464045
0.05474424
0.05486013
0.05497732
0.05497988
0.05525057
0.05541064
0.05549607
0.05558819
0.05559921
0.05564497
0.05582899
0.0558922
0.05603816
0.05605596
0.05612551
0.05622324
0.05649444
0.05649911
0.05657581
0.05670751
0.05681518
0.05686903
0.05688331
0.05693568
0.05694735
0.05701378
0.05701707
0.05707435
0.05713395
0.05719341
0.0573069
0.05738613
0.05742099
0.05744448
0.05765504
0.05767507
0.05770116
0.05776225
0.05778104
0.05788101
0.05807509
0.05813163
0.05814753
0.05827863
0.05841113
0.05844044
0.05851382
0.05854506
0.05872325
0.05875869
0.05877385
0.0587931
0.05899926
0.05904347
0.05911478
0.05914027
0.05916331
0.05935566
0.05941146
0.05946017
0.05947138
0.05947144
0.05958064
0.05964424
0.0596878
0.05974392
0.05974641
0.05983955
0.06002797
0.06005714
0.06009832
0.06030528
0.060402
0.06042492
0.06046175
0.06051715
0.06052603
0.0606555
0.0606717
0.0607745
0.06118495
0.06126716
0.06136682
0.06149113
0.06181788
0.06184829
0.06204436
0.06205108
0.06206658
0.06213487
0.06218804
0.062192
0.06227333
0.06238692
0.06264246
0.06267395
0.06271356
0.06281027
0.06287367
0.06291045
0.06294683
0.06304958
0.06308457
0.063147
0.06317652
0.06327328
0.06339327
0.0635038
0.06357051
0.06359124
0.06360301
0.06370614
0.0637729
0.06386567
0.0641599
0.06417132
0.06424604
0.06435424
0.06437667
0.06447734
0.06472104
0.06497531
0.06497692
0.06503025
0.06508524
0.06512882
0.06517941
0.06524765
0.06529066
0.06544376
0.06557928
0.06562176
0.06564194
0.06570861
0.06584442
0.06621797
0.06622874
0.06631695
0.06640861
0.06651717
0.06661813
0.0666617
0.06667279
0.0669741
0.06718818
0.06719095
0.06729011
0.0674572
0.06749935
0.06758738
0.06760783
0.06769248
0.06777258
0.06788734
0.06791265
0.06794616
0.06801064
0.0686471
0.06867994
0.06881353
0.06891605
0.06901794
0.0690181
0.06901906
0.06902255
0.06911378
0.06912973
0.06914027
0.06914543
0.06932717
0.06952985
0.0695921
0.06973037
0.06984407
0.0699064
0.07001234
0.0700902
0.07017007
0.0703567
0.07070997
0.0707335
0.07081808
0.07114501
0.07117482
0.07120887
0.07141113
0.07142814
0.07196919
0.07211664
0.07218613
0.07224645
0.07229521
0.07238153
0.07239217
0.07240699
0.07246602
0.07266127
0.07276773
0.07276986
0.07283322
0.07299051
0.07303143
0.07315812
0.07321635
0.07363786
0.07369241
0.07373336
0.07374848
0.07377496
0.07381219
0.07381493
0.07381982
0.07383297
0.07390358
0.07390397
0.07405771
0.07449688
0.07452729
0.07462547
0.07465328
0.07467839
0.07475191
0.07500558
0.07507885
0.07523222
0.07532823
0.07542256
0.07553366
0.075562
0.07557119
0.07562485
0.07575523
0.07589389
0.07590927
0.07597123
0.07599714
0.07605571
0.0762724
0.0762952
0.07637347
0.07639238
0.07667756
0.07668885
0.07714579
0.07738499
0.07741567
0.07748325
0.07763984
0.07766514
0.07804026
0.07813474
0.07824089
0.07824653
0.07830658
0.07840555
0.078427
0.07856724
0.0788214
0.07883969
0.07887277
0.07894105
0.07922353
0.07944863
0.07947971
0.07964203
0.07986858
0.07989211
0.08005276
0.08005822
0.08013613
0.08016559
0.08018333
0.08038404
0.0804147
0.08052529
0.0805399
0.08057368
0.08079527
0.08105871
0.08126503
0.08136129
0.08146227
0.0815829
0.0817827
0.08183953
0.08187348
0.08188117
0.0820084
0.08212242
0.08242823
0.08249152
0.08257698
0.08262785
0.08269692
0.08272243
0.08281254
0.08293618
0.08293791
0.08298133
0.08318619
0.08338331
0.08339856
0.08344918
0.08347636
0.08350479
0.0835366
0.08355314
0.0835797
0.08363093
0.08365466
0.08379403
0.08402966
0.08405835
0.08414271
0.08415787
0.08421952
0.08439017
0.084411
0.08446103
0.08451139
0.08494344
0.08526777
0.08536329
0.08536589
0.08537626
0.08554035
0.08567978
0.08573771
0.08579928
0.08582654
0.0859553
0.08600588
0.08602546
0.08605165
0.08611128
0.08611216
0.08622069
0.08623286
0.0862991
0.08630238
0.08640008
0.08659621
0.08662
0.0866714
0.08675948
0.08679548
0.08680747
0.0869239
0.08695649
0.08703589
0.08708828
0.08715388
0.08730501
0.08738153
0.08740023
0.08750168
0.08763914
0.08780967
0.08786992
0.08793122
0.08803768
0.08813015
0.08825041
0.08832503
0.08838782
0.0883887
0.08848116
0.08856037
0.0886161
0.08895113
0.08900974
0.08915576
0.08916944
0.0892532
0.08962623
0.08971879
0.08972313
0.08972667
0.08978949
0.08989106
0.0898946
0.08991366
0.09005618
0.09010992
0.09032549
0.09054989
0.09055996
0.09073849
0.09090666
0.0910082
0.09114232
0.09118171
0.09125032
0.09126341
0.09137831
0.09141774
0.09151532
0.0916796
0.09199236
0.0920286
0.09206896
0.09245824
0.09249374
0.09252004
0.09253304
0.09262114
0.09279638
0.09297346
0.0930427
0.09313772
0.09316614
0.09324931
0.09341188
0.09348047
0.09367857
0.09373337
0.09376466
0.09378766
0.09379862
0.09381423
0.09397497
0.09398204
0.09407268
0.09407732
0.09408963
0.09421001
0.09423991
0.09432726
0.09441028
0.09444461
0.0947568
0.09481996
0.09483269
0.09515039
0.09526502
0.09542035
0.0954504
0.09576037
0.096031
0.0961998
0.09627319
0.0963118
0.09643621
0.0966018
0.09662718
0.09671673
0.09675476
0.09704636
0.09707652
0.09713311
0.09732285
0.09735106
0.0975185
0.09779746
0.09784742
0.09826491
0.09828866
0.09831921
0.09833138
0.09833954
0.09855627
0.09865704
0.09885505
0.09891097
0.09896633
0.09900171
0.0991542
0.09921533
0.09922723
0.09925754
0.09928512
0.09931739
0.09944414
0.09946284
0.09948286
0.09952954
0.09955368
0.0995593
0.09963346
0.09967497
0.09998507
0.1000352
0.1000417
0.1001558
0.1002026
0.1002136
0.100247
0.1002764
0.100596
0.1006459
0.1007403
0.1010304
0.1010575
0.1012336
0.1013188
0.101394
0.1014455
0.1014542
0.1015178
0.1017816
0.1018619
0.1019828
0.1022395
0.1024344
0.1025462
0.1025551
0.1027169
0.1028704
0.1030351
0.1031712
0.1032241
0.103471
0.1035182
0.1038375
0.1039178
0.1040301
0.1040842
0.1041344
0.1042029
0.1042839
0.104412
0.1047184
0.1049392
0.1050807
0.1052555
0.1053714
0.1054771
0.1059158
0.1062719
0.1063634
0.1063911
0.1064522
0.106496
0.1067407
0.1067435
0.1067693
0.1068244
0.1069781
0.1071814
0.1072304
0.1073594
0.1075746
0.1077383
0.1078503
0.1079748
0.1082376
0.1085415
0.1086076
0.1086239
0.1088279
0.1089078
0.1089461
0.108994
0.109087
0.1092343
0.109306
0.1093838
0.1094791
0.109519
0.1097545
0.1099549
0.109968
0.1101461
0.1102155
0.1103025
0.1103255
0.1104891
0.1107796
0.1107853
0.1108247
0.1109147
0.1110416
0.1112075
0.1112756
0.1114358
0.1114413
0.1114882
0.1116461
0.1116976
0.1118016
0.1119317
0.1119812
0.1119925
0.1120601
0.1121026
0.1122053
0.1123042
0.1126352
0.1126479
0.112712
0.1127354
0.1127546
0.1128388
0.1128956
0.1129673
0.1129951
0.1131927
0.1132782
0.1133089
0.1135144
0.1136086
0.1137147
0.113728
0.113841
0.1138639
0.1139655
0.1140161
0.114023
0.1142164
0.1142291
0.114238
0.1143102
0.1145044
0.1145718
0.1146633
0.1147515
0.1149113
0.1151389
0.115157
0.1151743
0.1151956
0.1154544
0.1155016
0.1155408
0.1155556
0.1157783
0.1157887
0.1161272
0.1164348
0.1164577
0.1165867
0.1165895
0.116625
0.1166913
0.1167875
0.1169945
0.1171022
0.1171269
0.1171765
0.1172706
0.1173326
0.1173492
0.1174865
0.1175186
0.1175823
0.1176015
0.1176693
0.1176763
0.1176876
0.1177279
0.1180067
0.1180597
0.1181218
0.1181521
0.1181661
0.1183973
0.1184114
0.1185492
0.1186099
0.1187345
0.1188219
0.1188406
0.1189481
0.1190349
0.119085
0.119173
0.1192112
0.1193556
0.119364
0.1193788
0.1193957
0.1194157
0.1195666
0.1196099
0.1196301
0.1196421
0.1196658
0.1201965
0.1202897
0.1203176
0.1203391
0.1203706
0.1204091
0.1204303
0.1206058
0.1206456
0.1207566
0.1207862
0.1211314
0.121216
0.1212293
0.1212543
0.1212565
0.1213187
0.1213435
0.121449
0.1215449
0.1217292
0.1221426
0.122275
0.1224891
0.1224982
0.1225671
0.1225999
0.1227038
0.1227099
0.1227914
0.1228329
0.1229692
0.123074
0.1231464
0.1231775
0.1231925
0.1231984
0.1233369
0.1233385
0.1235889
0.1237976
0.1239056
0.1239246
0.1241725
0.1242732
0.1242872
0.1243674
0.1243991
0.1246266
0.1248956
0.1249608
0.1249991
0.1250533
0.1250761
0.1250854
0.1251869
0.1252751
0.1253137
0.125377
0.1254332
0.1254495
0.125511
0.1256184
0.1260109
0.1262065
0.1262219
0.1262998
0.1265222
0.1266692
0.1266874
0.1268052
0.1269049
0.1269937
0.1272705
0.1273184
0.1274121
0.1274438
0.1275913
0.1277421
0.1277427
0.1277758
0.1278547
0.1280369
0.128224
0.1283385
0.1284334
0.1285377
0.1285784
0.1286199
0.1289227
0.1290647
0.1290944
0.1291418
0.1291487
0.1293728
0.1294078
0.1294181
0.1295897
0.1296931
0.1297374
0.1297904
0.1300148
0.1300332
0.1301651
0.1302136
0.1302601
0.130324
0.1306511
0.1307145
0.1307445
0.1307908
0.1308814
0.1310583
0.1311371
0.1311898
0.131256
0.1312643
0.131343
0.1313926
0.1314771
0.1315608
0.1315763
0.1315791
0.1315967
0.1316873
0.1317521
0.1318349
0.1319256
0.1321308
0.1324002
0.1324733
0.1325403
0.1326664
0.1327727
0.1327812
0.1327902
0.1330313
0.1332667
0.1333121
0.1333252
0.1333522
0.1335415
0.1336142
0.1336154
0.1336586
0.1338234
0.133855
0.1338993
0.1339154
0.1339909
0.134208
0.1342283
0.1342486
0.13426
0.1343303
0.1345038
0.1348232
0.1348563
0.1351762
0.1351881
0.1353089
0.1353467
0.1353953
0.1354847
0.1355445
0.1355863
0.135625
0.1356251
0.136223
0.1363536
0.1364293
0.1366063
0.1366405
0.1367112
0.1367826
0.1368853
0.136976
0.1371404
0.137462
0.1375326
0.137749
0.137778
0.1378215
0.1378226
0.138082
0.1381137
0.1382385
0.1383048
0.1384859
0.1385393
0.1385543
0.1387199
0.1389413
0.1390008
0.1390672
0.1391161
0.1391713
0.1391985
0.1392213
0.1393047
0.1393709
0.1393924
0.1394074
0.1395488
0.1396759
0.1398141
0.1399568
0.1399846
0.1399972
0.1401826
0.1404819
0.1404903
0.140572
0.1406488
0.1406832
0.1408037
0.1408841
0.1410512
0.1411856
0.1412066
0.1412589
0.1413224
0.1414012
0.1414032
0.1414787
0.1414829
0.1418324
0.1419204
0.14193
0.1421186
0.1423047
0.1423458
0.1424396
0.1424542
0.1426407
0.1427079
0.1428408
0.1428888
0.1429554
0.1429877
0.1430267
0.14312
0.1432205
0.1432241
0.1432651
0.1434855
0.1435425
0.1436151
0.1436562
0.1438177
0.143982
0.1439955
0.1441798
0.1442463
0.1444069
0.1444124
0.1444906
0.1445785
0.1446182
0.1447067
0.1447911
0.1448059
0.1449974
0.1450382
0.1450696
0.1451221
0.1451571
0.1451829
0.14521
0.1454358
0.1454666
0.1456169
0.1456182
0.1458311
0.1460115
0.1461185
0.1461491
0.1465707
0.1470719
0.1471225
0.147153
0.1471808
0.1472988
0.1473918
0.1474401
0.1476658
0.1477587
0.1478462
0.1482083
0.1482316
0.1482912
0.1483241
0.1483989
0.1485237
0.1489642
0.1489654
0.1489763
0.1490804
0.1493022
0.1495916
0.1498972
0.149968
0.1500511
0.150377
0.1506302
0.1507111
0.1509444
0.15123
0.1514489
0.1514703
0.1518649
0.1518839
0.1520623
0.1520903
0.1522426
0.1523466
0.1524134
0.1524912
0.1525178
0.1527259
0.1528758
0.1528964
0.1529559
0.1530417
0.1530936
0.153165
0.1532272
0.1532318
0.1532326
0.1532406
0.153309
0.1533215
0.1533303
0.1534102
0.1535337
0.1535382
0.1538822
0.1539601
0.1539813
0.154096
0.1541415
0.1541587
0.1541887
0.1542071
0.1542186
0.1544167
0.154444
0.1544742
0.1546479
0.1546696
0.1548111
0.1548784
0.1551186
0.155249
0.1553264
0.1553364
0.1554602
0.1556482
0.1557236
0.1557791
0.1558617
0.156343
0.1563951
0.1565177
0.156626
0.1566406
0.1566791
0.156682
0.1567028
0.1568013
0.1570423
0.1570835
0.1571112
0.1571862
0.157307
0.1573919
0.1575418
0.1575614
0.1577779
0.157791
0.1578835
0.1579494
0.1579873
0.1580623
0.1582039
0.1583059
0.1584948
0.1585084
0.158587
0.1588574
0.1588604
0.1589747
0.1589978
0.1591005
0.1593074
0.1594571
0.1594608
0.1594681
0.1595316
0.1596645
0.159673
0.1598861
0.1599987
0.1603381
0.1603967
0.1604473
0.1604504
0.1604638
0.1604789
0.16065
0.1606693
0.1607715
0.1608145
0.1608244
0.1608823
0.1608864
0.16114
0.1611612
0.1611653
0.1612647
0.1612817
0.1613473
0.1614825
0.1614862
0.1615688
0.1615739
0.161658
0.1617291
0.1619748
0.1621698
0.1624426
0.1627222
0.1627567
0.1628131
0.16282
0.1628794
0.1629124
0.1630242
0.1630382
0.1631145
0.1631315
0.1633591
0.1633898
0.1636568
0.1638719
0.1639941
0.164145
0.1643848
0.1644048
0.1644229
0.1644928
0.1647029
0.1649759
0.1650152
0.1650314
0.1650652
0.1650696
0.1650753
0.1651318
0.1651608
0.1651623
0.1651624
0.1653482
0.1653685
0.1655259
0.1657711
0.1658496
0.1659219
0.1659548
0.1660272
0.1663737
0.1666254
0.1667554
0.167007
0.16715
0.1671653
0.1674746
0.167581
0.1676278
0.1676604
0.1677036
0.1677997
0.1679994
0.168139
0.1681474
0.1681699
0.1683461
0.1684123
0.1685275
0.1688203
0.1688291
0.168914
0.1689141
0.1690982
0.169146
0.1691692
0.1691767
0.1693558
0.1694969
0.1695857
0.1696214
0.1696234
0.1697785
0.1700573
0.1702588
0.1703213
0.1703856
0.1703873
0.170394
0.1704866
0.1708572
0.1712942
0.1720672
0.1721662
0.1724682
0.1724781
0.1726377
0.1727863
0.1728222
0.1729331
0.1730355
0.1730472
0.1730646
0.1730962
0.1731365
0.1732281
0.1733728
0.1734088
0.1734337
0.1734608
0.1734947
0.1737042
0.1737374
0.1738446
0.173853
0.1739548
0.1740332
0.1740652
0.1741357
0.1741435
0.1741817
0.1742112
0.1742219
0.1744024
0.1744618
0.1745958
0.1748589
0.1749838
0.1750794
0.1751045
0.1751584
0.1753023
0.1754003
0.1754131
0.1755359
0.1755846
0.1759515
0.1759819
0.1760859
0.1761019
0.1761249
0.1761528
0.1762107
0.1762403
0.1763789
0.1763802
0.1767444
0.1768813
0.1769298
0.1769906
0.1770701
0.1771847
0.1772267
0.1772908
0.1773123
0.1773823
0.1776275
0.1779428
0.1779602
0.1780699
0.1780726
0.1782075
0.1782735
0.1783139
0.1783142
0.1786948
0.1789517
0.1789866
0.1790619
0.1791985
0.1792183
0.1792579
0.1793783
0.1794394
0.179643
0.1796742
0.1796939
0.1797825
0.1798525
0.1800267
0.1800344
0.1801064
0.1801363
0.1801544
0.1801842
0.1802097
0.1802845
0.180437
0.1804521
0.1805373
0.1809985
0.181053
0.1811107
0.1811612
0.1811942
0.1812331
0.1812491
0.1812916
0.1815743
0.1816337
0.1816677
0.1818585
0.1820616
0.182116
0.1822534
0.182438
0.1825403
0.1828524
0.1832581
0.1835175
0.1835668
0.1836461
0.1836571
0.1837653
0.1838009
0.1839313
0.1839478
0.1840357
0.1840662
0.1840776
0.1842802
0.1842992
0.1843475
0.1845348
0.1845442
0.1845799
0.18466
0.1847546
0.1848179
0.1848322
0.1849162
0.1849368
0.184973
0.1850599
0.1850772
0.1853229
0.1853446
0.1853965
0.1854813
0.1855132
0.1856042
0.1856069
0.1859869
0.1860127
0.186031
0.1862004
0.1862648
0.186276
0.186455
0.1865727
0.1866204
0.1866347
0.1873858
0.1874371
0.1875144
0.1875331
0.1875385
0.1878355
0.188201
0.1882411
0.1882481
0.1884838
0.1885925
0.1886381
0.1886868
0.188738
0.1887568
0.1888575
0.1888673
0.1890938
0.1892526
0.1893177
0.1893881
0.1895613
0.1897748
0.1898624
0.189864
0.1898948
0.1899194
0.1900159
0.190021
0.1900604
0.1901171
0.1901281
0.1902522
0.1902871
0.1902896
0.1903613
0.1908445
0.1909835
0.1915107
0.1915657
0.1918714
0.1918978
0.1919291
0.1920295
0.1920662
0.1921563
0.1922686
0.1925036
0.1926494
0.1926748
0.1928289
0.1928646
0.1930815
0.1931378
0.193358
0.1933692
0.1934514
0.1936026
0.1936825
0.1938351
0.1938513
0.1942082
0.1942907
0.1943686
0.1944504
0.1944937
0.1944998
0.1945608
0.1945619
0.1945757
0.1950549
0.1951357
0.1952225
0.1952278
0.1953685
0.1954421
0.1954555
0.1954782
0.1954877
0.1954923
0.1955252
0.1956958
0.1957247
0.1957499
0.1958315
0.1960908
0.1960918
0.1962026
0.1963081
0.1966395
0.1967186
0.1967934
0.1967961
0.1969094
0.1969168
0.197021
0.1970961
0.1972321
0.197247
0.197341
0.1973798
0.1974406
0.1976458
0.1977172
0.1977554
0.1978167
0.1978853
0.1979077
0.1980895
0.1982803
0.1984562
0.1984975
0.1984997
0.1985554
0.1986998
0.1987281
0.1987984
0.1988875
0.1989451
0.1989952
0.1989997
0.1990367
0.1990685
0.199112
0.1991977
0.1992168
0.1995098
0.1995433
0.1995438
0.1996419
0.1997238
0.1997636
0.1998003
0.1998082
0.1999382
0.2003524
0.2004623
0.2004835
0.2008791
0.2009667
0.2011391
0.2011988
0.2012425
0.2013007
0.2013314
0.2017538
0.2019501
0.201977
0.2020174
0.2021785
0.2022631
0.2025221
0.2031958
0.2034651
0.203632
0.2037557
0.2038506
0.2042338
0.2043688
0.2043978
0.2044832
0.2045757
0.2046614
0.2046654
0.2046891
0.2048201
0.2049297
0.2052182
0.2052284
0.2054243
0.2054405
0.2054455
0.2057083
0.2057989
0.206171
0.2062176
0.2062759
0.2064212
0.2066078
0.2066154
0.2066503
0.206859
0.2068928
0.2071807
0.207217
0.2072726
0.2073269
0.2074881
0.2075967
0.2076655
0.2077124
0.2077292
0.207804
0.207996
0.2080124
0.2080497
0.2081105
0.208124
0.2081356
0.2081927
0.208349
0.2083832
0.2086694
0.2087735
0.2088054
0.2088602
0.2089252
0.2089454
0.2092778
0.2095242
0.209559
0.2097025
0.2097115
0.2097287
0.2097431
0.2097485
0.2097858
0.2098949
0.2100344
0.2101123
0.2103398
0.2104072
0.2104421
0.2106981
0.210721
0.2108138
0.2108469
0.2108829
0.2108916
0.2109181
0.2110253
0.2111026
0.2113873
0.2114699
0.2118061
0.2119617
0.2119884
0.2120516
0.2121058
0.2122687
0.2122963
0.2125525
0.2126451
0.212737
0.2127731
0.2127932
0.2128398
0.213094
0.213146
0.2132006
0.2132155
0.2133289
0.2136164
0.2136195
0.2136537
0.2136828
0.2137628
0.2138013
0.2138111
0.2139032
0.2139704
0.214139
0.2142117
0.2144221
0.2145916
0.2147409
0.2147656
0.2147974
0.2148095
0.2151369
0.2152502
0.2152848
0.2153534
0.2155924
0.2156276
0.2156507
0.2157298
0.2159771
0.2159804
0.2159964
0.2160282
0.2161739
0.2162883
0.216303
0.2163401
0.2163747
0.216485
0.2165629
0.2167665
0.2168254
0.2168374
0.2169351
0.2169885
0.2170246
0.2170834
0.2171415
0.2172203
0.2172996
0.217318
0.2173372
0.2173702
0.2173734
0.2173769
0.2174904
0.2175499
0.2175767
0.21778
0.2179544
0.2179823
0.2180066
0.2180879
0.2180892
0.2180962
0.2181305
0.2181621
0.2182734
0.218302
0.2184309
0.2184509
0.2185031
0.2185481
0.2185881
0.2187713
0.2188033
0.2188591
0.2189439
0.2190467
0.2190484
0.2190509
0.2191153
0.2191361
0.2191549
0.2194799
0.2195412
0.2195928
0.2196251
0.2198918
0.2199102
0.2200507
0.2200539
0.2201782
0.220185
0.2205398
0.2205459
0.220563
0.2206295
0.2209248
0.221128
0.2211909
0.2212461
0.2214477
0.2214674
0.2215137
0.2215512
0.2215916
0.2216595
0.2219605
0.2219959
0.2221369
0.222148
0.2222465
0.222285
0.2223283
0.2224594
0.2224616
0.2224974
0.2226024
0.2227293
0.2229076
0.2229406
0.2229441
0.222978
0.2232269
0.2233605
0.2235143
0.2237133
0.2237191
0.2237388
0.2238871
0.22399
0.224011
0.2241038
0.224135
0.224242
0.2242864
0.2243315
0.2243545
0.2244791
0.2246464
0.2247423
0.2247847
0.2248265
0.2248472
0.224958
0.2251444
0.2251448
0.2251578
0.2253753
0.2253763
0.2254773
0.225731
0.2257358
0.2257455
0.225759
0.2258326
0.2259161
0.2260156
0.2261153
0.226171
0.2261803
0.2263142
0.2263501
0.2264477
0.2266742
0.2271743
0.2272238
0.2272366
0.2273381
0.2274826
0.2277427
0.2277682
0.2278608
0.2279522
0.2279846
0.2280616
0.2281238
0.2282855
0.2283308
0.2283816
0.2286673
0.2287486
0.2287964
0.2290373
0.2290794
0.2291299
0.2294566
0.2295983
0.2296462
0.2296486
0.2296519
0.2297035
0.2297106
0.2297268
0.2299162
0.2299221
0.2299803
0.2299915
0.2301126
0.2301302
0.2302016
0.2303184
0.2303682
0.2303956
0.230451
0.2304692
0.2304936
0.2305265
0.2305435
0.230643
0.2307762
0.2307767
0.2308402
0.2308592
0.2308948
0.2309342
0.230996
0.2310062
0.2311012
0.2311099
0.2311483
0.2311937
0.2312598
0.2314546
0.2317486
0.2319035
0.2322298
0.2322989
0.2323597
0.2324955
0.2325581
0.2325916
0.2326837
0.2327449
0.232787
0.2329179
0.2329431
0.2329506
0.2330495
0.2330722
0.2332241
0.2333691
0.2333732
0.2334347
0.2334564
0.2335572
0.2336678
0.2337294
0.2337382
0.2337461
0.2337947
0.233845
0.2339211
0.2339438
0.2339555
0.234007
0.2341099
0.2341828
0.2344711
0.2345144
0.2345549
0.2345876
0.234631
0.2346432
0.2346539
0.2347112
0.2348111
0.2350802
0.2351753
0.235244
0.2352601
0.2352666
0.2353885
0.235414
0.2354351
0.235588
0.2357406
0.2357499
0.235931
0.2360378
0.2362034
0.2363326
0.2363461
0.236373
0.236375
0.2364077
0.2366164
0.236727
0.2367317
0.2367581
0.2368885
0.2368933
0.2369702
0.2370765
0.2372589
0.2372686
0.2373018
0.2373213
0.2374015
0.2374799
0.2374816
0.2376753
0.2379163
0.2379228
0.2379833
0.2379837
0.2382248
0.2382365
0.2386554
0.2387594
0.2388123
0.2388156
0.2388255
0.2388494
0.238854
0.2388733
0.2388836
0.2388985
0.2389959
0.2396985
0.2397284
0.2398459
0.2398583
0.2398712
0.2399054
0.2400056
0.24011
0.2402073
0.2405595
0.2405966
0.2408205
0.2408229
0.2410143
0.2410264
0.2410467
0.2411147
0.2411895
0.2414313
0.2414399
0.2414881
0.2415825
0.2415887
0.2419646
0.2420766
0.2421891
0.2422683
0.2423431
0.2423528
0.2423792
0.2426137
0.2426285
0.2426678
0.2426881
0.2429314
0.2429729
0.2432252
0.243233
0.2432425
0.2432903
0.2434058
0.2434107
0.2434729
0.2435277
0.2435727
0.2436197
0.2436265
0.2436278
0.2439051
0.2439153
0.2439735
0.2440918
0.2441486
0.2442079
0.2442772
0.2442979
0.2443161
0.244327
0.2444732
0.2447292
0.2447591
0.2449092
0.2450439
0.245226
0.2452812
0.2453612
0.2454422
0.2456476
0.2456594
0.2456721
0.2457358
0.2458232
0.2459693
0.2459957
0.2462656
0.2463842
0.2464349
0.2464757
0.246489
0.2466153
0.2467077
0.2467302
0.246777
0.2467997
0.2468627
0.2470325
0.2471679
0.2475143
0.2477512
0.2479541
0.2479623
0.2479863
0.2480638
0.248167
0.2482207
0.2483069
0.2483528
0.2484295
0.2485591
0.2485973
0.2486131
0.2486949
0.2488465
0.2489745
0.2491204
0.2491363
0.2492569
0.2492753
0.249299
0.2493836
0.2495272
0.2496104
0.2497187
0.2499033
0.2499484
0.2501959
0.2502103
0.2503088
0.2503572
0.2504924
0.2505474
0.2505479
0.2506058
0.2506993
0.251231
0.2513078
0.2513137
0.2513485
0.2513493
0.251432
0.2516342
0.2517411
0.251781
0.2520051
0.252149
0.2522207
0.2522869
0.2523473
0.2523561
0.2525541
0.2527603
0.2528381
0.252885
0.2529735
0.252981
0.2530305
0.2530682
0.2531028
0.2532355
0.2532537
0.2534326
0.2534392
0.2536242
0.253666
0.2536856
0.2536898
0.2537009
0.2537016
0.2537054
0.2537112
0.2537831
0.2538052
0.2538334
0.2538468
0.25393
0.253965
0.2542039
0.2542634
0.2543907
0.2545666
0.2546867
0.2547467
0.254774
0.2547806
0.2548045
0.2548589
0.2550304
0.2553861
0.255475
0.2556579
0.2558295
0.2560552
0.256171
0.2563292
0.2565061
0.2565834
0.2568316
0.2568925
0.2569581
0.2573477
0.2575103
0.2576616
0.2576771
0.2577369
0.2577784
0.2577886
0.2578943
0.2582569
0.2582576
0.2583061
0.2584132
0.2584338
0.2585351
0.2586111
0.2588091
0.2588808
0.2591326
0.259237
0.2593451
0.2594317
0.2594615
0.2595903
0.2596202
0.259837
0.2598954
0.2599151
0.2600373
0.2602411
0.2602573
0.2602683
0.2605675
0.2607983
0.2608067
0.2608757
0.2609684
0.2610263
0.2610521
0.2610817
0.2611017
0.2611609
0.2612004
0.2612562
0.2612877
0.2613078
0.2613869
0.2615075
0.2616558
0.2617247
0.2617426
0.261749
0.2617543
0.2620545
0.262075
0.2621196
0.2621231
0.262217
0.2623372
0.2623775
0.2623797
0.2624134
0.2625954
0.2626802
0.2628529
0.2630946
0.2631615
0.2633708
0.2636034
0.2636816
0.2637293
0.2639416
0.2641821
0.2641974
0.2642962
0.2643878
0.2644997
0.2645249
0.2646103
0.2646292
0.264679
0.2647166
0.2647925
0.264892
0.2649059
0.2652636
0.2655105
0.2655291
0.2655317
0.2655832
0.2657259
0.2659755
0.266194
0.2663231
0.2663602
0.2664685
0.2665303
0.2665366
0.266602
0.2666199
0.2666307
0.2667196
0.266898
0.2669611
0.2669645
0.2669679
0.2670832
0.2671344
0.2672338
0.2672487
0.2672732
0.2672893
0.2673078
0.2673094
0.2673568
0.2675236
0.2675351
0.2675413
0.2677642
0.2677898
0.2679368
0.2679861
0.2679913
0.2680427
0.2680837
0.2681968
0.26825
0.2683367
0.2683511
0.26848
0.2684856
0.2685702
0.2686757
0.2686842
0.2687964
0.2688226
0.2688248
0.2689866
0.2690633
0.2691493
0.2692394
0.2695053
0.2695642
0.2697436
0.2697514
0.2699273
0.2700027
0.2700942
0.2701231
0.2702802
0.2703977
0.2705706
0.2705963
0.2706305
0.2706622
0.270687
0.2707098
0.2707785
0.2708298
0.2708872
0.2710769
0.2712542
0.271277
0.271292
0.2712943
0.2714569
0.2714703
0.2715751
0.2718309
0.2718498
0.2719047
0.272051
0.2722321
0.2724418
0.2725023
0.2725107
0.2726182
0.2727356
0.2727536
0.2728895
0.2730833
0.2732106
0.2732414
0.2734991
0.2735615
0.2740717
0.2742494
0.2745077
0.2745705
0.2745894
0.274709
0.2748965
0.2749356
0.2752156
0.2752953
0.2753013
0.2753032
0.2753691
0.2754344
0.2755621
0.2755994
0.2757161
0.2757239
0.2760366
0.2760518
0.2760811
0.2761185
0.2763177
0.2763435
0.276823
0.2768579
0.2768763
0.2772247
0.2774023
0.2774154
0.2776437
0.2776936
0.2777143
0.2777719
0.2777771
0.2778529
0.277873
0.2778924
0.2779319
0.2779844
0.2780872
0.2781125
0.2781144
0.2781207
0.2781557
0.2781643
0.2781776
0.2782689
0.2783627
0.2785076
0.2786379
0.2788423
0.2788592
0.2789119
0.2790105
0.2790257
0.2790366
0.2791084
0.2792733
0.2793289
0.279351
0.2795445
0.279599
0.2799827
0.2800466
0.2800471
0.2801556
0.2804191
0.2805803
0.280698
0.2807389
0.2807609
0.2808405
0.2808672
0.281134
0.2813103
0.281357
0.281466
0.2817007
0.2817385
0.2820157
0.2820168
0.2820559
0.2821604
0.2821901
0.2823606
0.2824528
0.282547
0.2826095
0.282752
0.2831748
0.2831821
0.2832645
0.2833147
0.2833213
0.283364
0.2834791
0.2834922
0.283672
0.2838513
0.2840956
0.2842893
0.2846048
0.2846699
0.2847382
0.284765
0.2848592
0.2850901
0.285117
0.2851785
0.285352
0.2853618
0.2853654
0.2854015
0.2854996
0.2855108
0.2856137
0.2856454
0.2858244
0.2860483
0.28612
0.2863603
0.2863698
0.2863849
0.2864021
0.2864657
0.2865231
0.2865773
0.2866418
0.2868343
0.2868977
0.2869392
0.2869824
0.2870575
0.2871218
0.2871272
0.2871297
0.2873403
0.2873431
0.2876379
0.287771
0.2877865
0.2878409
0.2878475
0.2878799
0.2878966
0.2879483
0.2879702
0.2881343
0.2882025
0.2882305
0.2884944
0.2885449
0.2886812
0.2887266
0.2887306
0.2888391
0.2889566
0.2892968
0.2893548
0.2894487
0.2898297
0.2898587
0.2898785
0.2899446
0.2899996
0.290104
0.2901272
0.2902437
0.2904984
0.2907296
0.2907791
0.2907994
0.2908003
0.2909079
0.2912461
0.2914442
0.2915379
0.2915381
0.2915622
0.2916068
0.2916705
0.2916723
0.2917278
0.2918432
0.2920411
0.2921538
0.292328
0.292426
0.2924317
0.2924479
0.2924596
0.2925085
0.2926556
0.2926795
0.2927522
0.2928833
0.2929183
0.2929461
0.2930154
0.2930167
0.2930573
0.2931044
0.2931715
0.2933629
0.2934805
0.2936781
0.2936973
0.2939478
0.2939632
0.2939908
0.2941006
0.2941604
0.2941766
0.2942023
0.2942474
0.2944082
0.2944363
0.2945323
0.2946133
0.294641
0.2947987
0.2948191
0.2949789
0.2949958
0.29505
0.2952118
0.2952358
0.2953563
0.2954807
0.2955938
0.2956362
0.2958314
0.2958916
0.2959552
0.2967067
0.2967501
0.2967626
0.2967812
0.2968303
0.2969801
0.2971362
0.2973718
0.2973761
0.2974232
0.2975675
0.2975718
0.2976306
0.2976908
0.2977739
0.2978437
0.2978919
0.2978931
0.2979017
0.2979313
0.2980143
0.2981743
0.298232
0.2983071
0.2983548
0.298441
0.2986494
0.2986985
0.2987202
0.2989903
0.2990752
0.2992153
0.2993099
0.3001546
0.3002298
0.3002746
0.3004749
0.3005534
0.3005797
0.3007305
0.3008603
0.3009976
0.3010751
0.3011689
0.3011929
0.3012008
0.3013225
0.3013414
0.3014118
0.3014603
0.3015967
0.30167
0.3017312
0.3017916
0.3019051
0.3019789
0.3020439
0.3021166
0.3022248
0.3024262
0.302428
0.3024478
0.3026009
0.3026749
0.302928
0.3030844
0.3031274
0.3031287
0.3032115
0.3032542
0.3032621
0.303556
0.3038288
0.3039124
0.3040603
0.3041682
0.3042521
0.3042901
0.3043524
0.3043672
0.3043729
0.3045208
0.3045878
0.3046946
0.304749
0.3047724
0.304908
0.3050972
0.305146
0.3051952
0.3052082
0.3052138
0.3052388
0.3052593
0.3053684
0.3053731
0.3053961
0.3054327
0.305553
0.3056375
0.3058498
0.3059841
0.3059996
0.3060097
0.3060552
0.3062033
0.3065474
0.3070251
0.3073628
0.3073665
0.3074038
0.3074443
0.3075018
0.3075712
0.3076119
0.3076929
0.3077632
0.3077884
0.307948
0.3079709
0.3080351
0.308117
0.3081565
0.3082354
0.3082437
0.3082469
0.3083071
0.3083349
0.3086525
0.308787
0.3088454
0.3090501
0.3090563
0.3092255
0.3092937
0.3094332
0.3096592
0.3096743
0.3098383
0.3099641
0.3099875
0.3102068
0.3102307
0.3102645
0.3102931
0.3104807
0.3107956
0.3109234
0.3109444
0.3110291
0.311045
0.3111531
0.3113858
0.3113895
0.3116362
0.311759
0.3119199
0.3119611
0.312002
0.3121187
0.3121782
0.3124137
0.312517
0.3125568
0.312562
0.3126455
0.3127224
0.3127647
0.3129287
0.3129547
0.3129895
0.3131657
0.313187
0.313238
0.3135385
0.3135397
0.3135575
0.3136577
0.3136642
0.3136788
0.3136885
0.3138459
0.3139937
0.3140543
0.3140788
0.3140974
0.3142335
0.3144256
0.3144514
0.3145586
0.3146204
0.3147767
0.3148146
0.315062
0.3150672
0.3150943
0.3150955
0.3152304
0.3152588
0.3153933
0.315658
0.3157443
0.3157872
0.3161345
0.3163476
0.3165122
0.3165124
0.3167203
0.3170158
0.3170373
0.3172199
0.3172964
0.317323
0.3176121
0.3177066
0.3180357
0.3184777
0.3185285
0.3185638
0.3186192
0.3186446
0.3188451
0.3188494
0.3190378
0.319253
0.3193079
0.3193772
0.3195439
0.3196414
0.3197839
0.319802
0.3198492
0.3198767
0.3201936
0.3203042
0.3204402
0.3204451
0.3205369
0.3206121
0.3206222
0.3206348
0.3207428
0.3208214
0.3208351
0.3209128
0.3209394
0.3211328
0.3211835
0.321187
0.3212258
0.321742
0.3219294
0.3220193
0.3223136
0.322373
0.3224092
0.3224429
0.3225801
0.3226947
0.32277
0.3227728
0.322798
0.3228896
0.3230014
0.3230622
0.3230793
0.3231023
0.3231425
0.3231826
0.3234635
0.3234805
0.3236005
0.3236482
0.3237795
0.3238425
0.3239282
0.3242406
0.3243216
0.3243696
0.3245051
0.3245187
0.3249382
0.3249482
0.3249956
0.3251771
0.3253896
0.3254117
0.3254478
0.325484
0.325486
0.3257542
0.3257933
0.3257954
0.3258606
0.3260094
0.3261711
0.326231
0.3262597
0.3265519
0.3265751
0.3265773
0.3266177
0.3266935
0.3267707
0.3267798
0.3268044
0.3268741
0.3269812
0.3270435
0.3271556
0.3271842
0.3272497
0.3278278
0.3278925
0.3279864
0.3280703
0.3281488
0.3282802
0.3285181
0.3285886
0.3286662
0.3287033
0.3287278
0.328777
0.3289028
0.3289256
0.3290848
0.329288
0.3293417
0.3294021
0.3296421
0.3296547
0.3296853
0.3296974
0.3297138
0.3297368
0.3298915
0.3298956
0.3304362
0.3304675
0.330492
0.3305101
0.3305173
0.3306252
0.3306466
0.3307009
0.3310473
0.3313629
0.3313858
0.3315024
0.3315501
0.3315603
0.3317679
0.3318458
0.3319365
0.3319411
0.3319643
0.3320509
0.3321072
0.3322371
0.3323141
0.3323507
0.3323922
0.3324299
0.3324393
0.3325331
0.3326029
0.3327937
0.3330562
0.3330875
0.3333129
0.3333393
0.333344
0.3333598
0.3334208
0.3334446
0.3335413
0.333593
0.3336511
0.3337759
0.3338369
0.3338445
0.3338507
0.3338571
0.3339958
0.3341463
0.3341758
0.3342453
0.3343909
0.3344159
0.3344657
0.3344676
0.3344978
0.3345931
0.3348038
0.3348544
0.3349258
0.3349526
0.3351425
0.3351604
0.3352874
0.3356348
0.3357123
0.3357827
0.335785
0.3360834
0.3361647
0.33622
0.3362854
0.3364313
0.3365323
0.3365979
0.3368495
0.3368804
0.3369675
0.3371825
0.3372077
0.3373808
0.3374908
0.3376031
0.3376488
0.3376769
0.3377542
0.3377893
0.3380403
0.3383281
0.3383949
0.338426
0.3384801
0.3385525
0.3388878
0.3389285
0.3389342
0.3389572
0.3390023
0.3395914
0.3396052
0.3397
0.3399364
0.3399707
0.339985
0.340056
0.3400748
0.3402807
0.3405381
0.3405482
0.3405539
0.3405752
0.3406305
0.3406985
0.3408779
0.3408853
0.3412617
0.3413824
0.3414455
0.3414762
0.3414823
0.3416293
0.3417992
0.3419935
0.3421422
0.3422345
0.3423368
0.3423516
0.342465
0.3426552
0.342675
0.3426977
0.3427035
0.3428076
0.3428421
0.3429207
0.3429477
0.3430296
0.3430302
0.343109
0.3431439
0.34352
0.3435607
0.3439392
0.3439595
0.3441393
0.3443021
0.3443045
0.344485
0.3446947
0.3447673
0.34488
0.3451889
0.3453037
0.3454967
0.3455009
0.3455389
0.3455666
0.345674
0.3457235
0.3459038
0.3459065
0.3459664
0.3459736
0.3460078
0.3461152
0.3461822
0.3462064
0.3462071
0.3462337
0.3463579
0.3468681
0.3468902
0.3469041
0.3469622
0.3470074
0.3470311
0.3470415
0.3471158
0.34715
0.3472493
0.3476123
0.3476531
0.347746
0.3477629
0.3480016
0.3480092
0.3480777
0.3481531
0.348258
0.3482981
0.3484471
0.3485153
0.3485302
0.3485655
0.3487201
0.34874
0.348853
0.3489371
0.3491789
0.3492607
0.3492833
0.3494541
0.3495329
0.3499115
0.349936
0.350044
0.3501747
0.3502192
0.350242
0.3502652
0.350267
0.3502991
0.350516
0.3510853
0.3510942
0.3512101
0.3513693
0.3515627
0.3516379
0.3516818
0.3517864
0.3517911
0.3518122
0.3518254
0.3519378
0.3521783
0.3523919
0.3524241
0.3525428
0.3526411
0.3526825
0.3529848
0.353135
0.3531769
0.3531867
0.3533129
0.3533193
0.3534199
0.3537175
0.3537236
0.3537433
0.3537561
0.3538221
0.3539095
0.3541032
0.3541572
0.3541857
0.3542324
0.3544969
0.3545756
0.3545942
0.3547965
0.354871
0.3550293
0.3553458
0.3553483
0.3554264
0.3555389
0.3556242
0.355711
0.355758
0.3558498
0.3559088
0.3559164
0.3559404
0.3559424
0.3560784
0.3560974
0.356162
0.3562831
0.3563694
0.3563771
0.3566632
0.3566985
0.3567361
0.3568648
0.3569396
0.3569423
0.356943
0.3571215
0.3571584
0.3572151
0.357254
0.3573214
0.3573416
0.3573612
0.3574589
0.3575916
0.3575988
0.3578263
0.3578691
0.3579402
0.358116
0.3581302
0.3583268
0.358395
0.3587621
0.3592607
0.3593515
0.3593782
0.3594345
0.3595989
0.3597471
0.3598793
0.3599158
0.3599576
0.3599872
0.3600912
0.3601099
0.3606416
0.3607378
0.3607448
0.3608066
0.3608682
0.3609043
0.3609263
0.3610821
0.3611186
0.3613933
0.3613938
0.3614838
0.3616594
0.3617623
0.3618814
0.3618959
0.3619123
0.3619934
0.3620156
0.3621146
0.3622706
0.3624131
0.362605
0.3626332
0.3626911
0.3631425
0.3631659
0.3632056
0.3632433
0.3632547
0.3633185
0.3635983
0.3637069
0.3637798
0.363926
0.3639438
0.3640218
0.3640777
0.3641812
0.3643106
0.364349
0.364468
0.3645322
0.3646496
0.3647085
0.3651377
0.3652245
0.3654473
0.3657315
0.3660963
0.3661029
0.3661607
0.3662668
0.3662768
0.3663644
0.366512
0.3665156
0.3666361
0.3666489
0.3667054
0.3668544
0.3669055
0.3669575
0.3669816
0.3669926
0.3670314
0.3671804
0.3672588
0.3674048
0.3675199
0.3675682
0.3677731
0.3680366
0.3684552
0.3687051
0.3687225
0.3688763
0.3690274
0.3691265
0.3691423
0.3693756
0.369649
0.3697044
0.3697923
0.3699132
0.3699786
0.3702796
0.3703383
0.3705053
0.3707105
0.370913
0.3715146
0.3715731
0.3715906
0.3716758
0.37169
0.371706
0.3718557
0.3719402
0.372034
0.3721049
0.37225
0.3722543
0.3723168
0.3726422
0.3727366
0.3727475
0.3727818
0.3730517
0.3734704
0.3735558
0.3736106
0.3740667
0.3740759
0.3740999
0.3741257
0.3741527
0.3742702
0.3744131
0.3744899
0.3745452
0.3745544
0.3747637
0.3748725
0.3748901
0.3749083
0.374974
0.3751032
0.3751108
0.3751552
0.3752453
0.3752793
0.375405
0.375564
0.3755835
0.3756437
0.3756858
0.3757347
0.3758313
0.3759426
0.3763278
0.3763808
0.3765433
0.3765535
0.3765718
0.3765791
0.3766593
0.3766747
0.3767226
0.3770879
0.3771884
0.3773071
0.3773525
0.3773803
0.3775525
0.3775966
0.3776511
0.3776583
0.3777458
0.377973
0.3780633
0.378147
0.3781753
0.3781802
0.3782591
0.378396
0.3784238
0.3784984
0.3787709
0.3788663
0.378966
0.3789819
0.3791028
0.3791257
0.3792968
0.3793029
0.3793648
0.379524
0.3796404
0.3796966
0.3797272
0.3798202
0.3800426
0.3801222
0.3802147
0.3802326
0.3802389
0.3802607
0.380363
0.3804694
0.3805445
0.3805485
0.380567
0.3806167
0.38067
0.3807058
0.380712
0.3808038
0.3808912
0.3809148
0.3810105
0.381153
0.3811867
0.3812323
0.3815712
0.3816487
0.3816679
0.3818876
0.3819646
0.3820569
0.3821499
0.3822179
0.3823578
0.3826032
0.3827414
0.3829297
0.3830134
0.3832375
0.3832936
0.3833757
0.3836302
0.3838651
0.3839209
0.3839771
0.3841728
0.38428
0.3842862
0.38441
0.3844307
0.3844519
0.3849092
0.3849349
0.3852686
0.3853821
0.3855847
0.3856063
0.3856524
0.3857174
0.3858131
0.3860271
0.3860958
0.3861209
0.386122
0.3861248
0.3861862
0.3862808
0.3862986
0.3867306
0.3872407
0.3873355
0.3874287
0.387556
0.3877239
0.3877519
0.3879195
0.3879244
0.3880185
0.388048
0.3886137
0.3887191
0.3888375
0.388846
0.3890665
0.3891205
0.3892207
0.3894888
0.3895725
0.389689
0.3898879
0.3903608
0.3904348
0.39048
0.3910687
0.3914053
0.3914395
0.3914733
0.3915116
0.3916874
0.3917915
0.3917994
0.3918224
0.3918459
0.3920198
0.3920831
0.3921278
0.3922967
0.3923064
0.392433
0.3924905
0.3925738
0.3927855
0.3928203
0.3929397
0.3930973
0.3931
0.3931016
0.3931108
0.3931359
0.3931377
0.3932261
0.3933247
0.3934901
0.3935664
0.3936323
0.3937461
0.3937773
0.394076
        </DataArray>
        <DataArray type="Float32" Name="normal" NumberOfComponents="3" format="ascii">
0.1093978 -0.08569886 0.9902968
-0.2948475 0.9538296 0.05721962
-0.1957421 0.6340203 0.7481332
-0.61085 0.4779236 0.63123
-0.2531897 0.8219834 0.5101355
-0.457283 0.3574571 0.8143197
-0.4224975 0.330172 0.8440866
0.2921233 -0.9540009 0.06742499
-0.1150592 0.3798908 0.9178477
0.1985048 -0.6627148 0.7220837
0.7602085 -0.5934628 0.2643576
0.2358793 -0.7887045 0.5677202
0.6257635 -0.4884064 0.608177
0.6335084 -0.4942584 0.5952947
0.4539312 -0.3536104 0.8178669
0.3496367 -0.2722533 0.8964554
0.2071249 -0.1612328 0.9649369
0.01284036 -0.04298113 0.9989934
-0.157516 0.5278111 0.8346282
0.03314379 -0.1112289 0.993242
-0.3954715 0.3058922 0.866044
-0.2843101 0.9569728 0.05805865
-0.5132638 0.3961944 0.7613083
0.7449833 -0.5747902 0.33855
-0.2773534 0.9354765 0.2189952
-0.4443198 0.3422858 0.8279011
0.1687897 -0.5704151 0.8038262
0.6895048 -0.5311263 0.4924307
0.04484278 -0.1520038 0.9873621
-0.7203454 0.5538874 0.4175059
-0.04895066 0.1677414 0.984615
0.2798631 -0.9600167 0.006681984
0.5117941 -0.3931164 0.763889
-0.3723493 0.2858233 0.8829842
-0.2772235 0.9590188 0.05856657
-0.143156 0.1098379 0.9835863
0.2100285 -0.7272085 0.6534951
-0.2735097 0.9491345 0.1560002
-0.5981283 0.4576972 0.6578418
-0.03104195 0.1082584 0.993638
0.116991 -0.08938079 0.9891027
0.02301185 -0.01757861 0.9995806
-0.2693199 0.9452788 0.1841597
0.3309861 -0.2527881 0.909146
0.0949517 -0.07250711 0.9928378
-0.2506129 0.880987 0.4013166
0.2047415 -0.156027 0.9663004
0.236307 -0.8334146 0.499579
0.2565764 -0.9069477 0.3340874
0.1535433 -0.1168442 0.9812094
-0.6917881 0.5258597 0.4948746
0.184604 -0.6528232 0.7346722
0.05387649 -0.1920146 0.9799121
-0.08086791 0.06133188 0.994836
-0.06991311 0.2492002 0.9659252
0.7764271 -0.5885256 0.2253855
-0.7677659 0.5818746 0.2682488
0.6170809 -0.4674955 0.6329764
-0.1325563 0.4744965 0.8702194
0.2659014 -0.9542599 0.1366914
-0.2627893 0.1988328 0.9441437
-0.2428708 0.876977 0.4146385
0.1993121 -0.72167 0.6629231
-0.1003764 0.3652085 0.9254984
-0.1532621 0.563136 0.8120275
-0.2992035 0.2254839 0.9271646
-0.05341913 0.198255 0.9786937
0.6447629 -0.4849868 0.5908203
0.1720116 -0.6404923 0.7484528
-0.04601089 0.1724701 0.9839396
0.003742719 -0.002812593 0.999989
0.7954715 -0.5972841 0.1023554
0.7907185 -0.5935838 0.1497415
-0.2150736 0.809774 0.5459023
-0.7114482 0.5335791 0.4573127
0.2851075 -0.213797 0.9343472
0.455802 -0.3417833 0.8218447
0.6284041 -0.4709933 0.6190909
0.4833813 -0.3619992 0.7970566
-0.2125285 0.8013327 0.5591936
-0.2136114 0.8071395 0.55036
-0.06208523 0.2350606 0.9699959
-0.05905956 0.224667 0.9726442
-0.000510858 0.001944398 0.999998
0.5195066 -0.3879082 0.761341
0.07131375 -0.2740317 0.959073
0.6149986 -0.4584578 0.6415552
0.1993936 -0.7670135 0.6098627
0.481306 -0.3584017 0.799933
-0.1214696 0.4674977 0.875609
-0.1661691 0.6442387 0.746555
-0.8012333 0.5953896 0.05946749
0.1071843 -0.4181214 0.9020455
-0.1201484 0.4694653 0.8747381
-0.2448007 0.9573137 0.1536978
-0.07578024 0.2975891 0.9516817
-0.1069093 0.421425 0.9005395
0.01862045 -0.07346994 0.9971236
0.5262836 -0.3888711 0.7561777
0.538783 -0.3978178 0.7425994
-0.1115737 0.08236044 0.9903374
-0.8040614 0.5933767 0.0372755
-0.1313899 0.5190578 0.8445802
-0.1821391 0.1343084 0.9740568
-0.3899824 0.2870919 0.8749239
0.1124498 -0.4445875 0.888649
-0.1717249 0.682268 0.7106483
-0.08690453 0.06385624 0.994168
-0.2101118 0.8386073 0.5025842
-0.7926562 0.5816771 0.1826139
-0.1928569 0.1414191 0.9709824
-0.01809865 0.07233355 0.9972163
0.2722239 -0.1995493 0.9413152
-0.7848001 0.5752058 0.2307102
-0.0002756652 0.0002019595 0.9999999
0.2060944 -0.8248062 0.5265167
0.2360385 -0.9463909 0.2205226
-0.4936182 0.3610255 0.7912027
-0.192637 0.7725651 0.6050076
0.1187659 -0.4801786 0.8690933
-0.4432153 0.3234394 0.8360306
-0.3594391 0.261449 0.8957946
0.712359 -0.5181197 0.4733885
-0.3408064 0.2477178 0.9069106
-0.7896408 0.5739018 0.2170349
-0.5894184 0.4281522 0.6850341
0.7490706 -0.5438895 0.3782557
-0.1077475 0.4371055 0.892933
0.7833185 -0.5685602 0.2512994
0.2268354 -0.9218599 0.3141973
-0.1358768 0.5536796 0.8215694
0.8064368 -0.5844867 0.08963736
-0.2373614 0.9675383 0.08677134
0.1057974 -0.4319243 0.8956832
0.2234687 -0.9134115 0.3402076
-0.04874187 0.1994458 0.9786959
-0.1889853 0.7735369 0.6049176
-0.1207313 0.4943562 0.8608344
0.2856633 -0.2048564 0.9361786
0.01329307 -0.05451918 0.9984242
-0.2248717 0.9224304 0.3139345
-0.6678433 0.4778417 0.5706598
0.00593378 -0.02446401 0.9996831
-0.1919332 0.7925019 0.5788803
-0.06848259 0.2828353 0.9567207
-0.1982263 0.8191641 0.5382161
0.1492574 -0.6182461 0.7716826
-0.02871059 0.02049746 0.9993776
0.2233505 -0.9308549 0.2891776
0.1536909 -0.6420537 0.7510966
0.7413215 -0.5286506 0.4134863
0.2227139 -0.9330779 0.2824255
-0.7853432 0.5592729 0.2654239
0.8129897 -0.5784797 0.06640066
0.7188998 -0.5115172 0.4706731
0.4333433 -0.3082022 0.8468914
-0.7797081 0.5538743 0.2920249
-0.01048584 0.04404071 0.9989747
0.5220598 -0.3706047 0.7681834
-0.7812653 0.5541725 0.2872585
0.2212076 -0.9307755 0.291074
-0.7513763 0.5324175 0.3898273
0.1460496 -0.6156369 0.7743776
0.5632569 -0.3980748 0.7240705
0.2299415 -0.9723718 0.04025003
-0.006202925 0.004377816 0.9999712
0.08837579 -0.375423 0.9226306
0.1742997 -0.122971 0.976984
0.08867635 -0.06251944 0.9940965
0.5248785 -0.3699283 0.766587
0.1902543 -0.1340251 0.9725434
-0.6089663 0.4284074 0.6675531
-0.5512313 0.3871358 0.7391008
-0.3435058 0.2409756 0.9077084
0.7453897 -0.522447 0.4140571
0.7059381 -0.4942046 0.507359
0.2269362 -0.967419 0.112252
0.2282765 -0.9735774 0.006065523
-0.1221996 0.08535018 0.9888289
0.7098684 -0.4957919 0.5002771
-0.03188765 0.1364438 0.9901345
-0.1894665 0.8116359 0.5525845
-0.05453319 0.0380456 0.9977869
0.8028915 -0.5600558 0.2042124
-0.0791207 0.3403868 0.9369507
0.6861205 -0.4782564 0.5481875
0.05500221 -0.2367803 0.9700051
0.01550268 -0.01078849 0.9998216
0.2260477 -0.9733118 0.03957859
0.8014806 -0.5570999 0.2174133
-0.8009984 0.5561484 0.2215866
-0.2249358 0.9729294 0.05303055
-0.1074156 0.4652233 0.8786519
-0.6233321 0.4320241 0.6517763
-0.8162786 0.5643267 0.1233883
-0.156826 0.6792933 0.7169144
-0.2244666 0.9737091 0.03879876
0.2074837 -0.900528 0.3820994
-0.6904746 0.4761652 0.5445287
0.5674269 -0.3912911 0.7245123
-0.0792232 0.3442284 0.9355376
0.1957158 -0.8508024 0.4876788
0.02756227 -0.1203723 0.9923461
0.7033985 -0.4837169 0.5208153
0.72124 -0.4959008 0.4836272
0.1225248 -0.5379356 0.8340341
-0.2124956 0.9345586 0.2853871
0.2042709 -0.9031777 0.3775493
0.123576 -0.5500361 0.8259475
-0.05630744 0.2506834 0.9664302
0.218958 -0.14989 0.9641527
0.7787128 -0.5330461 0.3308599
0.5309379 -0.3629035 0.7657716
-0.1903872 0.8530614 0.4858385
0.09632898 -0.4334736 0.896003
0.3568551 -0.2435779 0.9018449
-0.6031924 0.4116315 0.6831679
0.7185431 -0.4896086 0.4939427
-0.1492796 0.6720471 0.7253057
-0.1213381 0.550541 0.8259429
0.215046 -0.9765719 0.007903038
0.2121883 -0.967034 0.1407887
0.164473 -0.7527688 0.6374071
-0.7301562 0.495619 0.4703549
0.02399614 -0.109872 0.993656
-0.6732816 0.4564654 0.5816624
-0.4936676 0.3344534 0.802766
-0.2878488 0.1949157 0.9376305
0.1687903 -0.7739525 0.6103339
0.5584376 -0.3771517 0.7388532
0.1619194 -0.1092832 0.9807341
0.1368818 -0.6282604 0.765867
-0.192383 0.8832467 0.4276262
0.18039 -0.8309772 0.5262474
-0.03142647 0.1448161 0.9889594
0.8277414 -0.5574919 0.06361564
-0.7234039 0.4867326 0.4896715
-0.620937 0.4177592 0.6632605
-0.6675434 0.4485795 0.5942745
0.1245251 -0.5739647 0.8093566
0.3856081 -0.2588228 0.8856168
0.004031779 -0.01866944 0.9998176
0.8303976 -0.5565585 0.02612356
0.4622877 -0.309547 0.8309457
0.7500497 -0.50222 0.4303493
-0.04720532 0.2196492 0.9744362
-0.3420587 0.228966 0.9113564
-0.03217696 0.02151831 0.9992505
0.004863696 -0.02276739 0.999729
0.02840043 -0.01895591 0.9994169
0.2070702 -0.9730054 0.1018939
-0.08137042 0.05430399 0.9952034
0.1881361 -0.8924622 0.4100196
-0.2419007 0.1609779 0.9568543
-0.6416411 0.4263221 0.6376097
-0.4974325 0.329793 0.80237
-0.1916467 0.9149392 0.3551869
0.1895906 -0.9126837 0.3620275
-0.8305591 0.5500534 0.08725199
-0.03659011 0.0242248 0.9990367
0.8331472 -0.5515392 0.04086849
-0.1096579 0.5364419 0.8367827
0.03085336 -0.02039012 0.9993159
0.6829967 -0.451184 0.5744115
-0.1998097 0.9793313 0.03140663
0.00158346 -0.001045538 0.9999982
-0.1249966 0.6141939 0.779193
-0.8265553 0.542583 0.1496999
-0.6434807 0.4222054 0.6384944
-0.2399122 0.1573395 0.9579595
0.7915065 -0.5190239 0.3226944
-0.8360181 0.5475516 0.03551065
0.1589376 -0.7890081 0.5934686
-0.05938256 0.03885352 0.9974789
0.1757714 -0.8766777 0.4478177
0.7935288 -0.5190057 0.3177186
-0.8172669 0.5343043 0.2158559
0.6580563 -0.4299604 0.6181391
0.03866881 -0.1935343 0.9803312
-0.1579503 0.790615 0.5915908
0.03542618 -0.1773664 0.9835071
0.1656578 -0.830169 0.5323316
-0.01112394 0.05575649 0.9983824
0.7178617 -0.4648318 0.5182721
-0.3201673 0.2071739 0.9244305
-0.09182169 0.05938278 0.9940032
0.003943156 -0.01976731 0.9997968
0.0863007 -0.4356919 0.8959491
-0.5703657 0.3680916 0.7342967
-0.08802608 0.4457496 0.8908191
-0.6666738 0.4298255 0.6089303
0.8405812 -0.5410907 0.02537947
0.814369 -0.5241795 0.2490762
-0.5920478 0.380973 0.7101683
-0.8229027 0.5288377 0.2077544
0.8054464 -0.5173737 0.2891029
0.122681 -0.6221258 0.7732457
-0.4643362 0.2974842 0.8342032
-0.8106826 0.5185519 0.2718411
0.7144697 -0.4568048 0.5299646
0.19321 -0.9802724 0.04166565
-0.06284878 0.04016839 0.9972144
0.6724745 -0.4292584 0.6029223
-0.1557036 0.7985172 0.5814866
-0.09418521 0.4834985 0.8702633
-0.189777 0.9750004 0.1155803
0.3993232 -0.2542023 0.8808644
0.1453234 -0.09233999 0.9850657
-0.6693496 0.4247156 0.60958
0.2058671 -0.1306006 0.9698259
0.1886966 -0.970195 0.152037
0.4430951 -0.2807563 0.851377
-0.06134381 0.316238 0.9466945
0.1030579 -0.53149 0.8407719
-0.1202483 0.6220332 0.7737021
0.1491284 -0.771656 0.6183104
-0.1802835 0.9334518 0.3101057
0.08622031 -0.05436089 0.9947919
0.8248834 -0.5195495 0.2227908
-0.2462268 0.1550408 0.9567313
-0.3202678 0.2014837 0.9256527
-0.7019913 0.4411535 0.5590992
0.6195164 -0.3893169 0.681639
-0.1100878 0.5715794 0.8131283
0.416666 -0.2615694 0.8706152
-0.8464814 0.5313331 0.03397637
-0.1843144 0.9600721 0.2104512
-0.7500568 0.4697645 0.4655493
0.09734552 -0.5076511 0.8560457
0.123569 -0.07721291 0.9893275
0.1601465 -0.8390976 0.5198733
-0.1790839 0.9513014 0.2509075
-0.8224198 0.5130504 0.2457739
-0.06519008 0.3501231 0.9344325
-0.1038203 0.5595508 0.8222677
0.05655115 -0.0352373 0.9977777
-0.1712247 0.9228811 0.3449242
0.1248408 -0.6777462 0.7246205
0.1802708 -0.9826086 0.04452945
-0.1527936 0.09501419 0.98368
-0.02752997 0.01710566 0.9994746
0.8273769 -0.5140327 0.2263136
-0.3060158 0.1897602 0.932923
-0.1285547 0.7045101 0.6979536
0.1735221 -0.9537621 0.245414
-0.1578521 0.09771357 0.9826163
-0.05084778 0.03143702 0.9982115
-0.1768779 0.9733087 0.1462339
0.07829579 -0.4336481 0.8976743
-0.238154 0.146799 0.9600691
0.0357832 -0.1987281 0.9794012
0.1318544 -0.7336156 0.6666502
-0.8282162 0.5089827 0.2345092
0.16733 -0.9340883 0.315404
0.0288936 -0.1621098 0.9863496
0.1286252 -0.722551 0.6792463
0.02817358 -0.1590255 0.9868724
-0.08504727 0.4806183 0.8727961
-0.8310544 0.5094435 0.2231947
0.1193501 -0.6756266 0.7275192
0.375549 -0.2300754 0.8977908
0.8086348 -0.4951623 0.3176856
0.5046346 -0.3083894 0.8063746
-0.1703761 0.9652444 0.19818
0.5826861 -0.3559907 0.7305803
0.3288616 -0.2005482 0.9228383
0.8536928 -0.5206006 0.01355073
-0.1436273 0.81529 0.5609576
-0.1572952 0.8989419 0.4088541
0.1717948 -0.9841567 0.0438433
0.02053874 -0.1187171 0.9927157
0.8533312 -0.5192032 0.04747528
-0.07332072 0.4240569 0.9026626
0.7447326 -0.4513676 0.4915697
-0.7143938 0.4327275 0.5498986
0.4900646 -0.2965434 0.8196943
0.4784617 -0.289454 0.82903
-0.4285167 0.2591945 0.8655586
0.2614202 -0.1579773 0.9522094
0.1679372 -0.9764038 0.1357674
-0.8364692 0.505276 0.2121684
0.167388 -0.9736691 0.1547574
0.8555452 -0.5165167 0.03539767
0.137524 -0.8000534 0.5839535
0.739404 -0.4452949 0.5049695
-0.03065202 0.1796908 0.9832455
-0.2854257 0.1716904 0.9428969
-0.05728754 0.03443913 0.9977635
-0.4258251 0.2558171 0.8678886
-0.3926084 0.2356851 0.8889945
0.1289009 -0.7577654 0.6396688
0.3168562 -0.1899512 0.9292582
-0.1512801 0.8896205 0.4309174
-0.06475908 0.03878016 0.9971471
0.2819841 -0.1687728 0.9444579
-0.09022342 0.5309508 0.8425859
-0.09141681 0.5390787 0.8372796
0.1578248 -0.9397294 0.3033149
-0.06619398 0.3941934 0.9166406
-0.1193288 0.7132854 0.6906407
-0.345997 0.2062713 0.9152804
0.1567988 -0.9418949 0.2970657
0.0139809 -0.08411559 0.9963579
0.1456964 -0.8785772 0.4548348
0.1126302 -0.6798685 0.7246332
0.173283 -0.1028899 0.9794829
0.1600294 -0.9689636 0.1884146
0.244776 -0.1452822 0.9586333
0.1287822 -0.07630006 0.9887332
-0.152494 0.9301394 0.3340452
-0.3505052 0.2076215 0.9132576
-0.0972661 0.5934178 0.798996
-0.03849552 0.2356915 0.9710652
0.09223362 -0.5669873 0.8185465
-0.1350165 0.8307812 0.5399751
-0.1553818 0.9570755 0.2446689
-0.728486 0.4288479 0.5342262
0.8619234 -0.5070362 0.001537473
0.1387896 -0.857971 0.494594
-0.1302758 0.8111375 0.5701615
-0.6493569 0.3811368 0.6580808
-0.13568 0.8477985 0.5126681
0.1532517 -0.9638001 0.2181817
-0.07984015 0.5027438 0.8607405
0.1561281 -0.9876373 0.01401675
-0.813179 0.475468 0.3356636
-0.1362513 0.8626601 0.4870864
0.076279 -0.4847505 0.8713199
0.066003 -0.4233319 0.9035672
0.07391138 -0.4770028 0.8757885
-0.8461397 0.4936077 0.2009953
-0.08804831 0.5705504 0.8165291
-0.1486891 0.9657434 0.2126764
0.1102885 -0.7260495 0.6787405
-0.8585057 0.500312 0.1124985
-0.1596763 0.09298488 0.9827804
0.1345498 -0.8890006 0.437692
0.1275695 -0.845701 0.5181851
0.7937606 -0.4614454 0.3962478
0.0689537 -0.457379 0.8865945
0.527837 -0.3065282 0.7921039
0.1133887 -0.7531185 0.6480398
0.4457743 -0.258393 0.8570405
0.1407033 -0.9429587 0.3017143
-0.4221381 0.2439975 0.8730777
0.1338638 -0.8972157 0.4208141
0.8585574 -0.4942138 0.1364989
-0.4922226 0.2829765 0.8231897
0.8640589 -0.4956255 0.08807762
0.1328282 -0.8911042 0.4339239
0.1132456 -0.06492127 0.9914437
0.3836718 -0.2199442 0.8968949
0.06595784 -0.4437755 0.8937073
0.8037484 -0.4596817 0.3777319
0.1166224 -0.7858327 0.6073436
-0.7483045 0.4270677 0.5075958
-0.03064314 0.2067396 0.977916
0.04684166 -0.3163286 0.9474925
0.04094803 -0.2776673 0.9598042
0.1435569 -0.9735352 0.1778218
-0.4758859 0.2700148 0.8370332
0.162266 -0.09205262 0.9824439
0.1450834 -0.9893887 0.007794852
0.1392798 -0.950493 0.2777844
-0.02501499 0.1715879 0.9848512
0.7790924 -0.4410319 0.44554
-0.08616508 0.5929545 0.8006126
0.02053949 -0.141441 0.9897336
-0.1140226 0.7892257 0.6034249
0.4570818 -0.2582776 0.8510987
0.01257618 -0.08715048 0.9961157
0.8707553 -0.4916305 0.009202263
0.6313438 -0.3564523 0.6887283
0.1346573 -0.9374557 0.321005
-0.02919729 0.0164726 0.9994379
0.1252607 -0.8780289 0.4619253
-0.2322667 0.13086 0.963809
-0.1396772 0.9891681 0.04512985
-0.008233467 0.0598232 0.998175
-0.1334405 0.9707626 0.1995333
-0.3197884 0.1799236 0.9302489
0.1269253 -0.9313569 0.3412687
0.8346983 -0.4684279 0.2895755
-0.05548684 0.409811 0.9104813
-0.1278985 0.9460326 0.2977653
0.09913441 -0.74338 0.661482
0.108288 -0.8124546 0.5728797
0.1305027 -0.9855118 0.1083306
-0.02453964 0.01373024 0.9996046
-0.2833017 0.1584889 0.9458443
-0.07997485 0.6053001 0.7919695
-0.1218387 0.9246272 0.3608598
0.1046326 -0.7970647 0.5947603
-0.1256513 0.9655013 0.2280766
0.05788204 -0.4481217 0.8920968
0.1261057 -0.986825 0.1013596
-0.1211462 0.9544241 0.2727603
0.02741762 -0.2171284 0.9757579
0.1201162 -0.9547788 0.2719734
-0.1191286 0.9485058 0.293505
-0.6085755 0.3371373 0.7183135
-0.04863204 0.3876689 0.9205149
0.01687181 -0.1357747 0.9905961
0.8382436 -0.4623008 0.2891809
0.05659381 -0.4568604 0.8877363
-0.835907 0.4584856 0.3017455
-0.1277996 0.06999603 0.989327
-0.0396709 0.02172453 0.9989766
0.06041211 -0.4919249 0.8685392
0.2040769 -0.1115795 0.9725752
0.1207059 -0.9871895 0.1043412
-0.03448465 0.0188373 0.9992277
0.2261824 -0.1235009 0.9662241
0.3705264 -0.201922 0.9066078
0.8350863 -0.4540508 0.3105941
-0.5949779 0.3234653 0.7357796
-0.3959349 0.2151235 0.8927247
-0.8451647 0.4589378 0.2739939
-0.8684903 0.4701298 0.1571703
0.0654598 -0.03542332 0.9972262
-0.3867645 0.2092743 0.8981189
0.008189146 -0.06698316 0.9977205
-0.1105069 0.9087298 0.4024902
-0.3997838 0.2156632 0.8908773
0.1180366 -0.9719204 0.2035633
0.8748364 -0.4714324 0.1114122
-0.1175314 0.975299 0.1870246
-0.1155312 0.9771073 0.1786446
-0.03204186 0.2757051 0.9607081
0.2794811 -0.1503654 0.948304
0.08217324 -0.715228 0.6940436
-0.8665421 0.4650604 0.1811729
0.1015442 -0.8900996 0.4443101
-0.6263672 0.335642 0.7035685
-0.0705805 0.6223219 0.7795728
0.05553691 -0.0297007 0.9980148
-0.05985565 0.5294927 0.8462002
0.4946829 -0.2635699 0.8281424
0.08588351 -0.7628482 0.6408484
-0.01318669 0.1174079 0.9929962
-0.6948593 0.3676822 0.6180457
0.04671891 -0.4194587 0.9065714
-0.3385885 0.1789702 0.9237573
-0.8073388 0.4265762 0.4077215
0.852235 -0.448621 0.2691372
-0.8175706 0.4298155 0.3831932
-0.3475268 0.1823263 0.9197729
-0.4133624 0.2167887 0.8843835
-0.7778183 0.4074199 0.4785476
0.0600353 -0.539247 0.840005
-0.8418821 0.4409046 0.3111875
0.7178069 -0.3754694 0.5863241
-0.8506962 0.4444502 0.2806777
0.7112574 -0.371558 0.5967056
-0.0415284 0.3732513 0.9268004
0.1395263 -0.07273898 0.9875431
-0.8424327 0.4386847 0.3128304
-0.2538885 0.132135 0.9581654
-0.504454 0.2619954 0.8227299
-0.8874731 0.4608432 0.003872405
0.01336869 -0.1202942 0.9926482
0.7755294 -0.4026913 0.4862036
-0.3482723 0.1807932 0.9197936
-0.3208745 0.1664619 0.9323786
0.7073812 -0.3664465 0.6044243
0.1095935 -0.9915192 0.06985008
-0.4316707 0.2231716 0.8739879
0.0461797 -0.4178755 0.9073299
0.7315708 -0.3770533 0.5680097
0.02973194 -0.2697991 0.9624575
-0.0729032 0.6650525 0.7432296
0.08280047 -0.7624204 0.6417626
-0.8215673 0.4223524 0.3829433
0.6495434 -0.3334956 0.6832818
0.05472454 -0.5094366 0.8587663
0.09263349 -0.04749844 0.9945667
0.3822252 -0.195959 0.9030526
-0.5968897 0.3059969 0.7416795
-0.08788851 0.8239121 0.5598611
0.07529359 -0.7119656 0.6981661
-0.07617534 0.7238443 0.6857454
-0.1043973 0.9933662 0.04821567
0.5937063 -0.3036293 0.7451994
-0.1016069 0.9674009 0.231973
0.8895888 -0.4548368 0.04189543
0.8903075 -0.454929 0.01980429
0.8848062 -0.4519677 0.113328
0.03427836 -0.3271214 0.9443604
-0.7686017 0.3915294 0.5059211
-0.1013396 0.9730285 0.2072336
0.08762047 -0.8431082 0.5305574
0.8371614 -0.4240348 0.3454784
0.8678687 -0.4395087 0.2315945
-0.1007136 0.9739356 0.2032393
0.05997665 -0.5863922 0.8078038
-0.03047062 0.2997442 0.9535329
0.0425403 -0.4191151 0.906936
0.5834822 -0.2940102 0.7570379
-0.4741607 0.2386165 0.8474868
-0.04386833 0.436577 0.8985968
0.7106646 -0.3575323 0.6059097
0.09358993 -0.9315441 0.3513779
-0.5103801 0.2565081 0.8208019
-0.0007125975 0.007094311 0.9999746
0.06746114 -0.6735678 0.7360404
0.8925146 -0.4467103 0.06218915
-0.03052355 0.3050919 0.9518336
-0.8561789 0.4266443 0.2914316
0.04741391 -0.4792307 0.8764074
-0.7130179 0.3545715 0.6048838
0.07442969 -0.75471 0.6518228
-0.05816001 0.5950764 0.8015619
0.8148485 -0.4038659 0.4158296
-0.8964613 0.443122 1.088996e-05
0.8586495 -0.4242326 0.2876592
-0.06473451 0.6633576 0.7454973
-0.4837065 0.2385686 0.8420885
0.2884589 -0.1420033 0.9469036
0.04654136 -0.4809014 0.8755385
-0.6116856 0.300885 0.7316481
0.0798739 -0.8283923 0.5544243
-0.06708612 0.6996818 0.711298
-0.05596109 0.5897071 0.805676
0.8609846 -0.422918 0.2825702
-0.03860751 0.4072927 0.9124813
-0.06504235 0.7020622 0.709139
-0.08878034 0.9844947 0.1512884
-0.451721 0.2216699 0.864182
0.08730134 -0.9747602 0.2054774
0.02690167 -0.3049367 0.9519926
0.5217304 -0.2553778 0.8139899
-0.6072109 0.2968812 0.7369915
0.2223574 -0.1086596 0.9688913
0.5783001 -0.2825465 0.7653342
0.0300947 -0.3442733 0.938387
0.04317926 -0.4963214 0.8670644
0.00135087 -0.01563377 0.9998769
0.08116495 -0.9442815 0.3189745
-0.07689673 0.9009787 0.4269944
-0.8072714 0.3928949 0.4403936
0.3987989 -0.193719 0.8963439
0.6395473 -0.310265 0.7033597
-0.7764426 0.3761174 0.5056407
-0.02126397 0.2531818 0.967185
-0.0488207 0.5849578 0.809593
0.1262624 -0.06077131 0.9901336
-0.08037521 0.9793115 0.1857117
-0.5759341 0.276556 0.7692962
0.03372148 -0.412931 0.9101378
0.3660791 -0.1749851 0.9139838
-0.0738598 0.9046245 0.4197609
-0.884349 0.4221105 0.1993729
0.00737835 -0.0911757 0.9958075
0.1425121 -0.06798051 0.9874558
-0.03661571 0.4586609 0.8878567
0.0038194 -0.04813563 0.9988335
-0.07782491 0.9917123 0.1022251
0.0345496 -0.4468856 0.8939237
0.07004561 -0.9258929 0.3712356
0.07216624 -0.9587498 0.2749381
0.02660263 -0.3537483 0.9349623
0.7367733 -0.3507133 0.5780705
0.2613146 -0.1243647 0.9572085
0.7901546 -0.3755325 0.4843872
-0.06409086 0.8529928 0.5179725
0.8703272 -0.4116826 0.2702739
0.5571117 -0.2634032 0.7875565
0.479544 -0.2266381 0.8477457
-0.6512853 0.3073364 0.6938096
-0.0698881 0.9369538 0.3423935
-0.545003 0.2565292 0.7982259
-0.778435 0.3661685 0.5098624
-0.06304776 0.8478869 0.5264151
0.00852585 -0.1152223 0.9933031
0.07278456 -0.9888019 0.1302812
-0.3289435 0.1538949 0.9317256
0.05590643 -0.7805143 0.6226331
0.02277107 -0.3179387 0.9478378
0.0649774 -0.913635 0.4013093
0.8404306 -0.3928198 0.3733216
-0.06650014 0.9390768 0.3372128
-0.06599732 0.9467953 0.3149968
0.5519517 -0.2574226 0.7931474
0.1422257 -0.06630388 0.9876111
0.7322842 -0.3413078 0.5892952
0.06532652 -0.9487339 0.3092513
-0.05340566 0.775894 0.6285987
0.4838604 -0.2252344 0.8456646
0.05599493 -0.8191849 0.5707895
0.8328391 -0.3871269 0.3956158
0.7238047 -0.3363576 0.6024703
0.06934719 -0.03222175 0.9970721
0.1802811 -0.08367994 0.9800492
-0.6838666 0.3173572 0.6569709
-0.0009897294 0.01450397 0.9998943
0.06690838 -0.9816378 0.1786351
0.05016153 -0.744049 0.6662394
0.3997978 -0.1849626 0.8977475
0.9075444 -0.4197578 0.01290348
0.05679997 -0.8427329 0.535327
0.9047066 -0.4182827 0.0809048
0.7869872 -0.3636829 0.4983833
0.8446963 -0.3897504 0.3668554
-0.5945085 0.274226 0.7558835
0.820705 -0.3783436 0.4281347
0.504444 -0.2325443 0.8315404
-0.8239015 0.3793205 0.4210729
-0.3720384 0.1712836 0.912277
0.7723758 -0.3555251 0.5263436
0.9059296 -0.415944 0.0792593
-0.9086195 0.4171017 0.02089828
0.3970197 -0.1821642 0.8995507
0.3218188 -0.1474791 0.9352447
-0.01904256 0.2860875 0.9580142
-0.05868424 0.8919678 0.4482741
-0.7407901 0.3389592 0.5799454
0.8700966 -0.3959409 0.2935349
-0.6817859 0.3100036 0.6626203
-0.006408623 0.09772047 0.9951932
-0.5060148 0.2297059 0.8313749
0.01719555 -0.2707339 0.9625006
0.06328859 -0.9979541 0.009069666
-0.02032338 0.3254076 0.9453554
0.7594244 -0.3439498 0.5522436
-0.0562974 0.9076314 0.4159758
-0.04416312 0.7243773 0.6879878
0.6911567 -0.3127816 0.6515136
-0.02509205 0.4229042 0.9058269
-0.05853027 0.9908947 0.1212516
0.3934177 -0.1777789 0.9020073
0.04710171 -0.8390446 0.5420198
-0.3143229 0.1417143 0.9386789
-0.05476248 0.980682 0.1877869
0.7429894 -0.3346015 0.5796625
-0.05481803 0.9830325 0.1750489
0.02193067 -0.3988236 0.9167654
-0.8887177 0.3994832 0.2249311
-0.05398643 0.9890386 0.1374336
-0.6883613 0.3088701 0.6563216
-0.8221802 0.3685036 0.433849
-0.04974302 0.9186231 0.3919914
-0.05088202 0.9451919 0.3225265
-0.3762946 0.1679176 0.9111565
-0.1587811 0.07083824 0.9847693
-0.0467599 0.8889764 0.4555596
0.9075153 -0.4047595 0.1121855
0.826758 -0.3687113 0.4248802
-0.9054512 0.4031512 0.1327673
-0.0250717 0.4966914 0.867565
-0.8659704 0.384509 0.3197625
-0.6640915 0.2943583 0.6872668
0.03660192 -0.7476803 0.6630494
0.02884299 -0.5987142 0.8004433
-0.03557618 0.7473471 0.6634807
-0.03106386 0.6543241 0.755576
0.04456516 -0.9450586 0.3238488
-0.1657793 0.07320672 0.9834419
-0.9137376 0.4032183 0.04998682
-0.04539582 0.9988077 0.01795663
0.02353763 -0.5275462 0.8492002
0.007750057 -0.1737086 0.9847666
-0.2920011 0.1283813 0.9477624
-0.02967377 0.6707924 0.7410513
0.07132972 -0.03135049 0.99696
-0.2663015 0.1166628 0.9568037
-0.8145346 0.3562598 0.4578344
-0.9157618 0.400336 0.03333843
-0.906203 0.3959434 0.1484082
0.03850552 -0.01682166 0.9991168
0.4011982 -0.175183 0.8990834
-0.9163469 0.3998701 0.02030247
0.0008002157 -0.01814047 0.9998351
0.4017469 -0.1751839 0.8988382
-0.572771 0.2495733 0.7807987
-0.3571453 0.1555208 0.9210106
-0.03192754 0.723953 0.68911
-0.03743721 0.8495927 0.526109
-0.07505795 0.03258111 0.9966468
-0.8965878 0.3891898 0.2113327
0.03665219 -0.8323101 0.5530972
-0.3144183 0.135995 0.9394927
0.03487709 -0.8118436 0.5828323
0.8334166 -0.3599321 0.4193634
-0.03446614 0.852486 0.5216127
0.03440691 -0.8539768 0.5191721
0.02584374 -0.6507583 0.758845
-0.01341252 0.3413379 0.939845
0.02859518 -0.741706 0.6701154
-0.2769103 0.1192208 0.9534711
-0.5569648 0.2397397 0.7951824
0.009721535 -0.2543768 0.9670563
0.8364841 -0.3597456 0.4133734
-0.5811644 0.24976 0.7745114
0.03133154 -0.826565 0.5619686
0.03501562 -0.9617233 0.2717762
0.007153128 -0.2042646 0.9788896
-0.1278901 0.05480473 0.990273
-0.8683289 0.3720884 0.3279559
-0.006615472 0.1891176 0.9819322
0.2486221 -0.106253 0.9627551
0.01166116 -0.3364635 0.9416243
-0.01097656 0.3177524 0.9481102
0.6746029 -0.2873412 0.6799603
0.890699 -0.3785739 0.2516688
0.9139685 -0.3884572 0.1173141
-0.8860027 0.3761883 0.2710749
0.6403264 -0.2717043 0.718442
-0.03206127 0.928362 0.3702918
0.3451147 -0.1461431 0.9271128
0.09588858 -0.04054718 0.9945659
-0.9156016 0.3861518 0.1120737
-0.9214396 0.3885161 0.002044014
0.009539566 -0.2772613 0.9607472
0.2469837 -0.1039717 0.9634256
0.530351 -0.2230066 0.8179217
-0.02326925 0.6796914 0.733129
-0.8290284 0.3473101 0.438278
0.9214475 -0.3859405 0.04454774
0.3404142 -0.1425783 0.9294028
-0.9219113 0.3860247 0.03262692
-0.772597 0.3229762 0.546608
-0.8736699 0.3647807 0.3219254
-0.6436619 0.268624 0.7166174
0.8040829 -0.3354499 0.4908402
0.3338785 -0.1391778 0.9322847
-0.5578836 0.2319809 0.796838
-0.03283318 0.9792758 0.199852
-0.906453 0.376524 0.1912397
-0.3385087 0.1405742 0.9304035
-0.01181571 0.354335 0.9350439
-0.04247071 0.01759121 0.9989429
-0.5942089 0.2458284 0.7658226
0.03153364 -0.9962138 0.08101694
-0.02765859 0.8747291 0.4838223
0.5640161 -0.2330351 0.7921998
-0.9020869 0.3721915 0.2184325
-0.02282522 0.7266076 0.6866734
0.006125534 -0.195211 0.9807422
0.02572053 -0.8569375 0.5147783
0.01371807 -0.4601434 0.8877386
-0.003151607 0.1073639 0.9942148
-0.6818572 0.2786312 0.6763397
-0.01603809 0.551154 0.8342494
-0.01621183 0.6083983 0.7934662
-0.2401014 0.09777645 0.9658111
0.02312278 -0.9358034 0.3517632
-0.9207441 0.3745359 0.1093307
-0.5830464 0.2370379 0.7770907
-0.01519687 0.619857 0.7845676
0.3215107 -0.1305807 0.937859
-0.8050465 0.3267243 0.4951276
0.02360695 -0.9648064 0.2618996
-0.9159198 0.3716407 0.1515723
-0.005391257 0.2230085 0.9748016
-0.01178798 0.5195798 0.8543406
0.002147184 -0.09822524 0.9951619
0.4625561 -0.1867815 0.8666917
0.8929632 -0.3605194 0.2695225
0.7349666 -0.296713 0.6097421
-0.02163902 0.9993217 0.02979663
-0.01532977 0.7340194 0.6789555
-0.8508238 0.3426286 0.3983774
0.9107843 -0.3663605 0.1903994
-0.003429577 0.1679749 0.9857853
0.01526674 -0.7487363 0.6626921
-0.0195247 0.9841555 0.176229
0.8754053 -0.350817 0.3325553
0.7733415 -0.3098524 0.5531133
-0.0359873 0.0144013 0.9992485
0.0001688164 -0.008652438 0.9999626
0.0100148 -0.5283291 0.8489806
-0.7326164 0.2925145 0.6145799
-0.004888183 0.2782885 0.9604851
-0.01545593 0.8843868 0.4664988
0.01083485 -0.6273656 0.7786494
-0.8655345 0.3450609 0.3630192
-0.004619838 0.296605 0.9549891
-0.3621451 0.1443032 0.9208841
0.9168481 -0.3651377 0.161444
-0.5561769 0.2214257 0.8010231
-0.01507143 0.9945757 0.1029172
0.0130777 -0.9273667 0.3739252
0.8656148 -0.3435365 0.3642714
0.8260493 -0.3266461 0.4592874
0.01113811 -0.7993698 0.6007361
-0.009493162 0.7123272 0.7017834
0.8260857 -0.3261534 0.459572
0.01257289 -0.9520022 0.3058329
-0.3469377 0.1367005 0.9278724
0.7354992 -0.2894571 0.6125811
0.004352867 -0.3297123 0.9440714
0.01252724 -0.9598104 0.2803696
0.8230038 -0.3233856 0.4669973
0.8969307 -0.3511479 0.26872
0.01142033 -0.8818653 0.4713631
-0.7996198 0.3123518 0.5128787
0.01041278 -0.8600277 0.5101411
-0.9295016 0.3629365 0.06560456
-0.004557895 0.3926451 0.9196787
0.4000617 -0.1557471 0.9031575
-0.009718545 0.9961677 0.08692264
-0.8591963 0.3341347 0.3874735
-0.2211021 0.08591237 0.9714592
0.006114313 -0.6471633 0.7623268
0.0004951103 -0.05435227 0.9985217
-0.3448079 0.1337711 0.9290925
0.9000191 -0.3490798 0.2609768
-0.8550496 0.3314397 0.3987956
-0.007358633 0.813781 0.581125
-0.006200381 0.735703 0.677276
0.005477955 -0.6534967 0.7569095
-0.9039918 0.3484073 0.2478129
-0.5222124 0.2011224 0.8287605
0.003226625 -0.5561006 0.8311087
0.0003895056 -0.0993367 0.9950538
-0.5559602 0.2136898 0.8032714
0.7470762 -0.286867 0.5996537
0.3861362 -0.1482649 0.9104484
0.0021664 -0.9068342 0.4214818
-0.502296 0.1926662 0.8429582
-0.0002419431 0.106886 0.9942713
-0.1725121 0.06607353 0.9827888
-0.9303153 0.3562626 0.08712293
0.7079468 -0.2710671 0.6521763
0.0006522964 -0.4313948 0.902163
-0.8375778 0.3199802 0.4428049
-0.7643105 0.2919187 0.5749894
0.001381901 -0.9467592 0.3219396
0.0003412985 -0.565356 0.824847
0.0009765994 0.6784011 0.7346911
-0.0009771532 -0.6191096 0.785304
0.0003369205 0.2086763 0.9779847
0.0006497942 0.3332658 0.9428327
-0.7594548 0.2886425 0.5830213
0.002708218 0.9800785 0.1985922
-0.8989349 0.3415459 0.27434
0.9343385 -0.3547847 0.03375572
-0.8078181 0.3066561 0.5033805
0.003471375 0.9922306 0.1243638
0.9286777 -0.3520704 0.1166371
0.003003276 0.8274197 0.561576
-0.003461049 -0.7273585 0.686249
0.004773855 0.9867383 0.1622493
-0.00646079 -0.9788387 0.2045314
0.9270954 -0.3493892 0.1357248
-0.002650378 -0.3724062 0.9280661
0.2007221 -0.07536434 0.976745
0.866079 -0.3245882 0.3801968
0.6775666 -0.2533944 0.6904308
-0.06286391 0.02346587 0.9977462
-0.4230733 0.1578182 0.8922457
0.007490591 0.986599 0.1629915
-0.007444774 -0.9410235 0.3382593
0.1287907 -0.04793314 0.9905127
-0.1757426 0.06538106 0.9822626
-0.008086177 -0.9737898 0.227306
0.1117598 -0.04155864 0.9928659
0.8179673 -0.3040389 0.4883542
-0.1968939 0.0731295 0.9776936
-0.2359841 0.08744184 0.9678148
0.6193034 -0.2291492 0.7509686
0.8731186 -0.3226664 0.3654453
-0.6698711 0.2465822 0.7003356
-0.005611889 -0.6405082 0.7679308
0.8820475 -0.3241974 0.3418894
-0.4953379 0.1818554 0.8494522
0.7418112 -0.2719117 0.6130091
0.000520538 0.05746875 0.9983472
0.002939267 0.2966121 0.9549935
0.0008557883 0.08532998 0.9963524
0.7531815 -0.2752142 0.5974737
-0.2954762 0.1079174 0.9492353
-0.7272149 0.2652026 0.6331083
-0.005140925 -0.5023736 0.8646354
0.008497698 0.8017419 0.59761
-0.005708521 -0.486215 0.8738206
-0.007426021 -0.6292799 0.7771433
-0.0163994 0.005939989 0.9998479
0.3959917 -0.143248 0.9070119
-0.928793 0.3358857 0.1566025
-0.4397461 0.1589276 0.8839487
-0.005616568 -0.4402889 0.8978386
0.004385851 0.3391832 0.9407101
-0.01019313 -0.7409856 0.6714435
0.7224467 -0.2603306 0.6405457
0.01425817 0.9259302 0.3774254
0.8702773 -0.3129796 0.3803434
0.01688159 0.9899565 0.1403609
0.654817 -0.2349868 0.7183285
0.5766153 -0.2068014 0.79041
0.01018864 0.5854704 0.8106298
-0.8455971 0.3025844 0.4397819
0.003297351 0.1690425 0.9856033
0.6792808 -0.2425327 0.6926438
0.8766288 -0.3122621 0.3660799
-0.9403526 0.3348071 0.0603425
0.5170038 -0.1838068 0.8360156
-0.9269634 0.3289099 0.1804359
-0.01941326 -0.9925727 0.1200944
-0.4067703 0.1439814 0.9021127
-0.7517971 0.2660786 0.6033268
0.2501026 -0.08846301 0.9641696
-0.01742159 -0.8816884 0.4715104
0.09491606 -0.03352094 0.9949207
-0.01506559 -0.7429393 0.6691893
0.003495454 0.1701205 0.9854171
0.02016686 0.9417304 0.3357635
0.5957143 -0.209349 0.7754337
0.01584553 0.7391803 0.6733212
-0.3601039 0.1261896 0.9243383
0.390412 -0.1367303 0.9104303
-0.02101956 -0.9739982 0.2255787
0.1113957 -0.03898215 0.9930113
0.009832166 0.4493618 0.8932958
-0.01980396 -0.8338681 0.5516083
-0.7393798 0.258193 0.6218149
0.02356639 0.9727858 0.2305045
-0.0242256 -0.9890113 0.1458413
0.4434794 -0.1545046 0.8828671
-0.6904001 0.2404768 0.6822892
-0.003985907 -0.161573 0.9868527
0.02454772 0.9943755 0.1030284
0.0473339 -0.01640012 0.9987445
-0.534336 0.1850369 0.8247705
0.02424036 0.9685958 0.2474563
-0.1413569 0.04886055 0.9887522
0.01848501 0.72088 0.6928133
0.4279172 -0.146987 0.8917857
-0.9461818 0.3235284 0.008329692
-0.4203822 0.1436033 0.8959112
-0.01783281 -0.6930982 0.7206225
0.5316771 -0.1815657 0.8272565
0.2737293 -0.09333302 0.9572676
-0.0198022 -0.7412671 0.670918
0.8084612 -0.2752484 0.52022
-0.01739258 -0.6492803 0.7603503
0.5942337 -0.2021459 0.778475
-0.01568428 -0.5545385 0.8320103
-0.0001396145 -0.00493251 0.9999878
-0.8464393 0.2874942 0.4482048
0.4872849 -0.1654776 0.8574209
-0.02870939 -0.996991 0.07200537
-0.9344292 0.3171783 0.161988
-0.005489655 -0.1855199 0.9826252
0.5343446 -0.1809276 0.8256761
-0.0001495981 -0.004922676 0.9999879
-0.02192078 -0.7018476 0.7119897
-0.02333381 -0.7405928 0.6715488
0.02419839 0.7639484 0.6448234
0.01900468 0.5937456 0.8044283
0.8499784 -0.2869325 0.4418218
-0.3247471 0.1095759 0.939432
-0.03230112 -0.9962288 0.0805287
0.02378777 0.7275342 0.6856589
-0.9418186 0.3176635 0.1098528
-0.9041721 0.3049468 0.2991325
0.0001093565 0.003299131 0.9999946
0.805168 -0.2710238 0.5274947
-0.115563 0.0388408 0.9925405
-0.3605819 0.1211753 0.9248228
0.9155473 -0.3075424 0.259212
0.2768604 -0.09287817 0.956411
-0.9319467 0.312018 0.1847164
-0.715672 0.2394138 0.6561209
0.433524 -0.1442388 0.8895235
-0.5303656 0.1762363 0.8292485
-0.02774193 -0.8172097 0.5756724
-0.1211136 0.0401555 0.9918261
0.8644746 -0.2865817 0.4129826
0.01069245 0.3108385 0.9504026
-0.9404964 0.3115444 0.1356711
-0.6614718 0.2186954 0.7173753
0.7643614 -0.2522397 0.5934027
0.0669407 -0.0220754 0.9975127
-0.03363787 -0.9649436 0.2602926
-0.6001639 0.1974596 0.7751213
-0.03512162 -0.9992683 0.01514425
0.01346265 0.3823285 0.9239284
0.9282482 -0.304635 0.2134309
0.03547418 0.9964139 0.07681701
0.8321229 -0.2728128 0.4828507
0.5480729 -0.1792836 0.8169905
0.02977041 0.8220702 0.5686073
-0.004418866 -0.1204615 0.9927081
0.02623186 0.7044895 0.7092295
0.00411288 0.1100782 0.9939144
0.5595785 -0.1816109 0.8086343
-0.03145371 -0.8398713 0.5418734
0.8772369 -0.2835234 0.3873885
0.83604 -0.2697828 0.4777597
-0.0004205338 -0.01111985 0.9999381
0.03294664 -0.01062098 0.9994007
0.9385744 -0.3025281 0.1659968
0.005841704 0.1538866 0.9880713
-0.03363585 -0.8788093 0.4759863
-0.01770425 -0.4542194 0.8907139
0.002662108 0.06795007 0.9976852
-0.2324561 0.07457158 0.9697439
-0.03607411 -0.90119 0.4319204
0.0122509 0.3024068 0.9531002
-0.04148569 -0.9777425 0.2056662
0.9500422 -0.3035205 0.07276812
0.8871642 -0.2821516 0.3651441
-0.04094611 -0.9491459 0.3121626
-0.7627712 0.2417249 0.5997908
-0.06119729 0.01937463 0.9979376
0.02895928 0.6703292 0.7414985
-0.008172886 -0.1880345 0.9821284
0.01869269 0.4191819 0.9077098
-0.6105669 0.1925418 0.7682029
-0.04204922 -0.9121149 0.4077725
-0.01204007 -0.2592337 0.9657396
-0.5268946 0.1655692 0.8336479
-0.04159721 -0.8931445 0.4478421
0.04188521 0.8957896 0.4425003
0.7165983 -0.2236646 0.660652
0.7614955 -0.2370265 0.603277
0.009185502 0.1960276 0.9805554
0.3002465 -0.09317844 0.9492996
-0.04224445 -0.8811641 0.4709196
-0.8554555 0.2649822 0.4449499
-0.04528088 -0.9397781 0.3387722
-0.9118638 0.2811291 0.2991168
-0.0484351 -0.9650057 0.257717
-0.02800194 0.008616057 0.9995707
-0.02736299 -0.5370236 0.8431233
-0.5114662 0.1568206 0.8448726
0.04058621 0.7865121 0.6162398
0.04384953 0.8426156 0.5367272
0.01634426 0.3125362 0.9497653
-0.6415547 0.1964708 0.7414896
0.9268658 -0.283292 0.2463037
-0.04894686 -0.8970987 0.4391106
-0.04899246 -0.8891042 0.4550753
-0.9027096 0.2751977 0.3307289
0.6795269 -0.2070627 0.703824
-0.05413587 -0.9813128 0.1846468
-0.4831342 0.1470894 0.8631026
0.02772053 0.4947136 0.8686138
0.7531912 -0.229206 0.6165773
-0.01051973 -0.1849331 0.9826948
0.8127903 -0.2472947 0.527463
0.3702341 -0.1126269 0.9220856
-0.02621457 -0.4556009 0.889798
0.900008 -0.2736229 0.3392875
0.05665576 0.9431079 0.3276241
-0.8140718 0.2470649 0.5255911
-0.01775788 -0.2952312 0.9552608
0.02116982 0.3510092 0.9361327
0.7310848 -0.2218514 0.6452107
0.04735977 0.7838867 0.619095
0.4617355 -0.1399885 0.8759015
-0.8317953 0.2521028 0.4945308
-0.7465895 0.2257911 0.6257975
0.03383114 0.5538397 0.8319358
0.01557687 0.2523997 0.9674976
0.03577625 0.5777643 0.8154192
-0.366895 0.1102878 0.9237016
0.06288121 0.9944585 0.08425099
0.03681847 0.5728968 0.8188002
-0.8535695 0.25564 0.4539463
-0.0636081 -0.9675475 0.2445525
0.7914497 -0.236652 0.5635629
0.6545282 -0.1955194 0.7303184
-0.008243735 -0.1249292 0.9921314
0.06543592 0.9872738 0.1449434
-0.06384389 -0.9527613 0.2969342
-0.04981003 0.01480709 0.9986489
0.9585449 -0.2848912 0.00536812
-0.2448811 0.0726814 0.966825
-0.02679918 -0.3997948 0.9162128
0.03556998 0.5192803 0.8538634
0.0572536 0.8306882 0.5537862
0.06532116 0.9341224 0.3509251
0.9376526 -0.2759886 0.2112767
-0.3812475 0.1121455 0.9176458
0.05603745 0.8007081 0.596428
-0.01774925 -0.2515914 0.9676707
0.06901019 0.9755261 0.2087737
-0.7731428 0.2268923 0.5922585
-0.667264 0.1952568 0.7187722
-0.05073765 -0.7161344 0.6961157
-0.06976002 -0.9832813 0.1682006
0.6679108 -0.1949801 0.7182464
-0.02075377 -0.2910951 0.956469
-0.06736727 -0.9448003 0.3206462
0.004429774 0.06184487 0.998076
-0.06099062 -0.8457399 0.5300983
-0.9514218 0.2758435 0.1367734
0.02639655 0.3611839 0.9321209
-0.8469893 0.2454293 0.4715651
-0.663191 0.1920527 0.7233902
0.06891935 0.9219456 0.3811382
0.3703177 -0.1068143 0.9227434
-0.001943805 -0.0259618 0.999661
-0.1065451 0.03065615 0.9938352
0.0295962 0.3925516 0.9192536
0.07365869 0.9700918 0.2312927
-0.07170063 -0.940715 0.3315332
-0.03651747 -0.4790775 0.8770127
-0.004061963 -0.05326496 0.9985722
0.07355776 0.9597899 0.2709108
-0.1830092 0.05249226 0.9817088
-0.8054879 0.2307181 0.5458556
-0.05985899 -0.7674482 0.6383104
0.959422 -0.2745519 0.06427019
0.0218855 0.2760385 0.9608974
-0.522827 0.1494694 0.8392323
-0.06144486 -0.7744793 0.6296082
-0.01823994 -0.2270114 0.9737213
0.07535235 0.9193918 0.3860579
-0.08220366 -0.9965189 0.01388049
0.06455736 0.7760602 0.6273459
0.08213779 0.9849885 0.1518258
0.7199564 -0.2045264 0.6631981
-0.004267907 -0.05024772 0.9987277
0.003395915 0.03980675 0.9992017
0.2269908 -0.06418873 0.9717793
-0.00755675 0.002136276 0.9999692
-0.7783905 0.2187583 0.5884327
0.6347532 -0.1783112 0.75186
0.8822575 -0.247242 0.4006159
0.01014389 0.1185385 0.9928976
-0.6248452 0.1747257 0.7609464
0.04795361 0.5561693 0.8296844
0.08626296 0.9908499 0.1038041
-0.07224334 -0.8197618 0.5681298
0.4875036 -0.1357634 0.8625013
0.5935268 -0.1652332 0.78767
0.2815368 -0.07815329 0.9563624
0.03713867 0.4182395 0.9075772
0.7490045 -0.2073628 0.6292797
0.04884384 0.5418167 0.8390763
0.2596863 -0.07181495 0.963019
-0.1270762 0.03510293 0.9912716
0.6985953 -0.1927596 0.6890634
0.8591779 -0.2368306 0.4535686
0.04032814 0.4408735 0.8966628
0.7613202 -0.209227 0.6136902
0.03573949 0.3902932 0.9199967
-0.9620221 0.263235 0.07225467
0.02903441 0.3168724 0.9480237
2.968228e-05 0.0003220937 0.9999999
-0.8900545 0.2422791 0.3861395
-0.6075566 0.1653311 0.7768788
-0.09164258 -0.9791539 0.1812714
-0.3931191 0.1064771 0.9133017
0.863786 -0.2337077 0.4463793
-0.02835685 -0.3020717 0.9528633
0.01818065 0.1901735 0.9815822
-0.8208769 0.2210227 0.5266024
-0.9201629 0.2477159 0.3032114
0.878263 -0.2362937 0.4157156
0.3023689 -0.08111914 0.949733
0.004018256 0.04193072 0.9991124
-0.0783608 -0.8137925 0.5758485
0.7426655 -0.1985442 0.639553
0.09558756 0.9916301 0.08679105
0.008656613 0.0895698 0.995943
0.02433594 0.245613 0.9690624
0.5572737 -0.148116 0.8170114
0.4930395 -0.1307868 0.8601203
0.5769623 -0.152922 0.8023275
0.09387641 0.9396979 0.3288696
-0.04405198 0.01167111 0.9989611
-0.8042591 0.2129413 0.5548182
-0.9497582 0.2507798 0.187267
0.06622991 0.6589298 0.7492831
0.09310418 0.9221953 0.3753498
-0.07926324 -0.7728458 0.6296242
0.03422183 0.3330698 0.9422809
0.0820068 0.7974795 0.5977468
0.8767821 -0.2302444 0.4221855
0.03380235 0.3263696 0.9446377
-0.6981477 0.18317 0.6921262
0.9473862 -0.2476893 0.2027546
0.04809184 0.4639192 0.8845712
0.9592453 -0.2497497 0.1321872
-0.1947576 0.0505796 0.9795464
-0.5410406 0.1401808 0.8292312
-0.03015706 -0.2900316 0.9565418
0.01996207 0.1914041 0.9813083
-0.09899404 -0.9478924 0.3028206
0.8302723 -0.2147043 0.5143443
0.1036093 -0.02676211 0.994258
0.61165 -0.1579662 0.7751973
0.01497551 0.1428319 0.9896337
0.07280352 0.6922832 0.7179441
-0.9321969 0.2403546 0.2706263
0.07159342 0.6805423 0.7292026
-0.7677292 0.1979078 0.609446
-0.811597 0.2091157 0.5455099
0.01759423 0.1672332 0.9857603
-0.9586304 0.2467906 0.1418526
0.6879044 -0.1770258 0.7038816
-0.08178581 -0.7708809 0.631707
-0.1052683 -0.9919016 0.07106216
0.1062622 0.993861 0.03080134
0.5482255 -0.1404665 0.8244501
0.8334762 -0.213304 0.5097243
0.934202 -0.2386101 0.2652014
0.2177742 -0.05546381 0.974422
0.00845223 0.07903155 0.9968363
-0.5980673 0.1519809 0.7869036
-0.095543 -0.8914295 0.4429729
-0.09878187 -0.90093 0.4225721
-0.106265 -0.9663126 0.2344092
0.9199061 -0.2325492 0.315743
-0.02333921 -0.2109648 0.977215
-0.1104221 -0.9874281 0.1131046
-0.1092522 -0.9682285 0.2249388
0.9542394 -0.2408468 0.1772569
0.0729759 0.6453086 0.7604284
0.9348695 -0.2352293 0.2658686
-0.00339931 -0.0299377 0.999546
-0.09140643 -0.8045298 0.586836
-0.04251115 -0.3729912 0.9268605
-0.9492243 0.2376323 0.2061654
0.7400501 -0.1851804 0.6465555
-0.9253292 0.2307411 0.3008726
0.02253271 0.1970156 0.9801414
-0.04031102 -0.3472531 0.9369047
-0.07446599 -0.6413423 0.7636327
-0.961002 0.2381873 0.1405063
-0.04468291 -0.3842885 0.9221311
0.9195602 -0.2278048 0.320178
-0.07987468 -0.6843727 0.7247441
0.3093366 -0.0765923 0.9478631
0.09071961 0.7764408 0.6236262
0.1134313 0.9661344 0.2317707
-0.113624 -0.9589578 0.2597875
-0.04014045 -0.3379768 0.9402981
0.1188493 0.9919404 0.04392251
-0.5179491 0.1277778 0.8458142
-0.918279 0.2263438 0.3248572
0.07661662 0.6389267 0.7654427
-0.9065347 0.2233694 0.3581913
0.9703987 -0.2387703 0.03626449
0.03070831 0.2553854 0.9663515
0.08001966 0.6638537 0.7435691
0.3285698 -0.08061882 0.9410327
0.05710467 0.4693172 0.8811813
0.7533405 -0.1842084 0.6313045
0.1218046 0.9913797 0.04827045
-0.189688 0.04633569 0.9807504
0.05563422 0.4489246 0.891836
0.1898035 -0.04630978 0.9807293
-0.84009 0.2046238 0.5023722
0.09976516 0.7967456 0.5960229
-0.7081981 0.1722972 0.6846672
-0.6537252 0.1588364 0.7398745
-0.6857511 0.1664107 0.708557
0.1660916 -0.04026419 0.985288
0.06974719 0.5554966 0.8285885
-0.07719444 -0.6137301 0.785733
-0.04367869 -0.3471059 0.9368082
0.7801582 -0.1882083 0.5965994
-0.08265775 -0.649466 0.7558846
-0.3542149 0.08525476 0.9312698
-0.09211846 -0.7222534 0.6854665
-0.02601904 -0.2039887 0.9786274
0.03868849 -0.009278451 0.9992083
0.9660767 -0.2316834 0.1140993
0.0732849 0.5713348 0.8174386
0.07137831 0.5536548 0.8296816
-0.7865714 0.1877728 0.5882574
0.08379813 0.6489194 0.7562284
-0.1224996 -0.9447619 0.3040048
0.5158045 -0.1230781 0.8478193
-0.5852523 0.139634 0.7987378
-0.02000487 -0.1536757 0.9879188
0.9686038 -0.2307126 0.09261991
-0.1067507 -0.8168999 0.5668147
0.6801327 -0.1614396 0.7150922
-0.1270878 -0.9693194 0.2104009
-0.2549845 0.06024875 0.9650663
0.1020429 0.7766795 0.6215756
-0.3087728 0.07293863 0.9483351
-0.1003467 -0.7636254 0.637814
0.9147027 -0.21538 0.341951
0.1298091 0.9856953 0.107491
0.08507118 0.6414229 0.7624563
0.8440096 -0.1969271 0.4988663
0.07694849 0.570301 0.8178238
0.07351995 0.5448846 0.8352817
0.5616354 -0.130398 0.8170447
-0.906109 0.2103563 0.3670377
0.1033301 0.7564399 0.6458495
0.1346472 0.985609 0.1022012
-0.6902384 0.1594417 0.7057969
-0.04050563 -0.296386 0.9542089
-0.9690313 0.2233494 0.1053254
-0.07687329 0.01766754 0.9968843
-0.1301853 -0.9487081 0.2881054
-0.140022 0.03200148 0.9896311
0.4195225 -0.09585126 0.9026701
0.2159444 -0.04922833 0.9751639
0.9622578 -0.2191995 0.1612809
-0.04191019 -0.3042225 0.9516786
0.01682914 0.1218767 0.9924026
0.1287475 -0.0292187 0.9912469
0.1000075 0.7157918 0.6911156
0.008168123 0.0584012 0.9982598
-0.5075348 0.114737 0.8539578
-0.1382739 -0.9802362 0.1414824
-0.1191394 -0.8443833 0.5223243
-0.09025379 -0.6355963 0.7667278
-0.4077915 0.09131882 0.9084971
-0.139152 -0.9782875 0.1535916
0.0509569 0.3573381 0.932584
0.1393846 0.9689807 0.2040791
-0.05410932 -0.3731707 0.9261835
-0.1388653 -0.9571084 0.2542831
-0.8390919 0.1858917 0.5112427
-0.07337904 -0.5055911 0.8596471
-0.382746 0.08459204 0.9199727
-0.2701042 0.05968965 0.9609791
0.9518601 -0.210322 0.2229955
0.007792325 0.05368419 0.9985276
-0.1365272 -0.9201655 0.3669548
0.1308559 0.8748431 0.4663972
-0.147851 -0.9855513 0.0826362
0.6392954 -0.1398018 0.7561461
-0.1125541 -0.748744 0.6532335
-0.007977065 -0.05291191 0.9985673
0.3910778 -0.08499269 0.9164248
-0.4033546 0.08747462 0.910853
-0.1474746 -0.9767466 0.1556191
-0.05705306 -0.3773018 0.9243313
0.1001428 0.6560308 0.7480608
-0.125297 -0.8204762 0.5577809
-0.2154161 0.04659369 0.9754101
0.3172089 -0.06846859 0.9458808
0.3107502 -0.06699952 0.9481273
0.1502381 0.9818609 0.1156615
-0.1384601 -0.9030645 0.4065751
0.1220965 0.7824908 0.610574
0.1045171 0.6689757 0.7358993
-0.6835136 0.1463704 0.7151118
0.8844356 -0.1890956 0.4266339
-0.14823 -0.9469895 0.285024
-0.1550848 -0.9809013 0.1173938
-0.005418037 -0.03416458 0.9994015
0.1571675 0.9875458 0.007177919
-0.5816537 0.1231798 0.8040558
-0.05324501 -0.3344825 0.9408966
-0.3254744 0.06853497 0.9430639
0.5689417 -0.1197812 0.8136079
-0.1393104 -0.8731723 0.4670789
-0.2936916 0.06173026 0.9539049
0.1548404 0.9681229 0.1968821
0.4638337 -0.09720135 0.8805738
0.1146244 0.7156419 0.6889977
-0.9555718 0.1997241 0.2167781
0.1229339 0.7633435 0.6341878
-0.7618728 0.1588836 0.6279378
-0.9777505 0.2030297 0.05275413
0.08720202 0.5408579 0.8365815
-0.863179 0.1789204 0.4721329
0.0007766424 0.004813915 0.9999881
-0.001578631 -0.009780337 0.9999509
-0.119186 0.024659 0.9925657
-0.1202435 -0.7447874 0.6563789
-0.3492824 0.07216799 0.9342343
-0.1547169 -0.9565814 0.2470116
-0.02310114 -0.1422707 0.9895582
0.6985796 -0.1428718 0.7011235
-0.1497389 -0.9215152 0.3583127
-0.03700001 -0.2269147 0.9732115
0.9705197 -0.1978887 0.1375921
0.5916882 -0.1205967 0.7970957
0.1609606 0.9869304 0.007754399
0.06751056 0.4131587 0.9081532
0.1608229 -0.03255567 0.9864462
0.1582112 0.9676005 0.1967701
-0.9786865 0.197326 0.05688004
0.8774536 -0.1760949 0.4461679
-0.4818919 0.09667804 0.8708809
0.6207194 -0.1241672 0.7741382
0.1207126 0.7355258 0.666656
0.05621213 0.3418538 0.9380704
0.1587331 0.9620706 0.2218645
-0.974756 0.1940522 0.1104287
-0.1613766 -0.9750069 0.1527064
0.1185196 0.7146938 0.6893227
0.8064087 -0.1601452 0.5692614
0.9059441 -0.1798061 0.3833211
-0.0889425 -0.5361977 0.8393934
0.1146254 0.6892867 0.7153634
-0.9187541 0.1818224 0.3504732
-0.9764914 0.1930302 0.09593665
0.9626065 -0.1898603 0.1932403
-0.7466497 0.1472062 0.6487253
0.1347108 0.8095069 0.5714469
0.04294892 -0.008458934 0.9990414
0.9776375 -0.1922492 0.08523591
0.1335385 0.8018438 0.5824208
0.5376534 -0.1048751 0.8366182
0.9809564 -0.1910842 0.03480509
-0.9480577 0.1835839 0.2597761
0.06891035 0.4115545 0.9087762
-0.1778221 0.03438512 0.9834617
0.07541531 0.4442294 0.8927333
0.09591843 0.560802 0.8223751
-0.9755545 0.1882833 0.1133259
-0.9065838 0.1748712 0.3840909
-0.07799479 -0.4550646 0.8870361
0.6296327 -0.1206066 0.7674742
0.09975972 -0.01910644 0.9948281
0.7385355 -0.1411224 0.6592798
0.07012126 0.406505 0.9109538
0.04739844 0.2695962 0.9618062
-0.7732074 0.1467715 0.6169347
0.8887686 -0.1685685 0.4262336
-0.1003176 -0.5692626 0.8160125
0.8620191 -0.1628401 0.4800064
0.3609739 -0.06815845 0.9300819
0.2274835 -0.04291383 0.9728359
-0.06146405 -0.3468004 0.9359229
0.174956 0.9824725 0.06432777
-0.4899317 0.09166065 0.8669286
-0.07812806 -0.4370912 0.8960175
0.1039734 0.5811226 0.8071468
-0.1512486 -0.844568 0.5136426
-0.2348697 0.04377369 0.9710407
-0.5105742 0.09503712 0.8545654
0.966554 -0.1798593 0.1828226
0.977156 -0.1815624 0.1104587
0.1376518 0.7674541 0.6261519
0.9573556 -0.1777606 0.2277532
0.03662552 0.2033561 0.9784196
0.1281266 0.7095089 0.6929507
0.1720783 0.9502797 0.2595334
-0.03181555 -0.1754261 0.9839784
0.01576127 -0.002883567 0.9998716
0.06928775 0.3763497 0.9238831
0.1944291 -0.03534316 0.9802796
-0.07120329 -0.3813851 0.92167
-0.5714597 0.1036862 0.8140535
-0.9721041 0.1762713 0.1547318
0.1285069 0.6859441 0.7162169
-0.153348 -0.8179892 0.5544169
-0.9829412 0.1774205 0.04846248
0.1684469 0.8936722 0.4159034
0.03277427 -0.005863506 0.9994456
0.06310657 0.333065 0.9407897
0.4354694 -0.07761379 0.8968515
-0.1073414 -0.5637372 0.8189494
0.1441416 0.7536561 0.6412688
0.9598109 -0.1700048 0.2232965
0.1446982 0.755097 0.6394458
-0.1205508 0.02133195 0.992478
0.1835419 0.9556225 0.23043
0.183361 0.9531791 0.240475
-0.9829036 0.1729967 0.06302909
-0.5153393 0.09039683 0.8522053
0.1821777 0.9467066 0.2656273
0.1385584 0.7195013 0.6805288
0.9143065 -0.1594258 0.3723265
-0.27746 0.04835097 0.9595197
0.1652733 0.8576424 0.4869644
-0.9803591 0.1698782 0.1001867
-0.9231754 0.1595762 0.3496893
0.2980858 -0.05140532 0.9531539
0.2376442 -0.04096552 0.9704881
-0.5076797 0.0875122 0.8570898
-0.984127 0.1695839 0.05230139
-0.0291722 -0.1508444 0.988127
0.0994814 0.5112594 0.8536494
-0.1687836 0.02902713 0.9852256
-0.269132 0.04624617 0.9619923
0.4058661 -0.06968942 0.9112717
-0.7514867 0.1286765 0.6470782
0.114972 -0.01965305 0.9931743
-0.7016813 0.1196162 0.7023783
0.839402 -0.1429613 0.5243723
-0.9840443 0.1669557 0.06150295
-0.07653216 0.01295554 0.9969829
0.1468351 0.7528716 0.6415792
-0.9634158 0.1627722 0.2129207
-0.1453042 -0.7431394 0.6531695
0.1609508 0.8210394 0.5477126
0.985204 -0.166005 0.04260672
-0.5907748 0.09928229 0.8007048
-0.1106458 -0.5634397 0.8187144
-0.7641338 0.1280622 0.6322179
0.0709831 0.359853 0.9303049
0.8897991 -0.1483301 0.4315737
-0.8830698 0.1471437 0.4455743
0.09623524 0.4868968 0.8681419
-0.1746589 -0.8812512 0.4391931
-0.882475 0.1456179 0.4472508
0.007724585 0.0389602 0.9992109
0.544962 -0.08972099 0.8336465
0.2968796 -0.04883981 0.9536651
-0.1629769 -0.8174616 0.5524446
0.08319181 0.4166797 0.9052387
0.1394848 0.6945657 0.7057779
0.05040197 0.25011 0.9669046
0.1886558 0.9346189 0.3014902
0.1882485 0.927883 0.3218627
0.6691245 -0.1091582 0.7350897
0.1441551 0.7095448 0.6897575
-0.7896973 0.1279487 0.600006
-0.7639837 0.1236692 0.6332732
0.9187373 -0.1481799 0.3660115
-0.8951354 0.1443461 0.4217782
0.1636289 0.8042958 0.5712563
-0.6355388 0.1023048 0.7652609
-0.9869694 0.1588751 0.02549937
-0.07236186 -0.3551692 0.9319971
-0.1145797 -0.5612842 0.8196533
0.1601654 0.78422 0.5994548
0.7163285 -0.1138394 0.6884142
-0.03533404 0.005612659 0.9993598
0.9576421 -0.15157 0.244843
0.8031085 -0.1267671 0.5821915
0.1959267 0.9580343 0.209244
0.7389774 -0.1162626 0.6636229
0.105415 0.510105 0.8536279
-0.07253997 -0.3504437 0.9337704
0.1639393 0.7919443 0.5881736
-0.3906865 0.06049375 0.9185339
0.06607948 0.3179022 0.945818
-0.136022 -0.6535445 0.7445653
0.09713181 0.4665116 0.8791657
0.4538459 -0.07002018 0.8883249
0.08016427 0.3848137 0.9195065
-0.06415323 -0.3078255 0.9492775
0.1176463 -0.01805421 0.9928914
0.142271 -0.02179583 0.9895877
-0.08294776 -0.3966291 0.9142237
-0.162682 -0.775776 0.6096771
0.1988715 0.9480546 0.2482793
-0.7598025 0.1159214 0.6397361
0.03334781 0.1587555 0.9867546
0.1680737 0.798375 0.5782288
0.1962941 0.9275673 0.3179426
-0.6907113 0.1049049 0.7154808
-0.1876056 -0.8836911 0.4288288
0.7845939 -0.1188429 0.6085137
0.2049404 0.9637362 0.1709151
-0.7678165 0.1160996 0.6300624
-0.2023207 -0.9497629 0.2387819
0.2097746 0.9769378 0.03983984
0.9745194 -0.1469845 0.1694331
-0.4108497 0.0619513 0.9095958
0.7266985 -0.1094736 0.6781775
0.03437293 -0.005171803 0.9993957
0.09267081 0.4295754 0.8982634
-0.8768339 0.1312865 0.4625216
-0.03171436 -0.1469452 0.9886361
-0.1486377 -0.6839862 0.7141916
-0.4723483 0.07043164 0.8785934
0.2028611 0.9320664 0.300166
-0.4775279 0.07076667 0.875762
0.4222114 -0.06240678 0.9043467
0.1078077 0.4951223 0.8621087
-0.197894 -0.9066896 0.3724943
0.2063728 0.9428585 0.2615878
-0.07676972 -0.3503501 0.9334673
0.8448083 -0.1217057 0.5210438
-0.2070191 -0.9438326 0.2575327
-0.1870502 0.0268464 0.9819834
0.187139 0.8497164 0.4929108
0.1736324 0.7871593 0.591804
-0.1171019 -0.5305041 0.839555
0.1795349 0.8102474 0.5579125
0.1825876 0.8237271 0.5367826
-0.9898798 0.1410823 0.0152853
0.4274622 -0.06066158 0.9019957
-0.9347232 0.1323351 0.3298182
0.1905233 0.8574921 0.4779206
0.1075729 0.4821743 0.8694458
-0.9851591 0.1391362 0.1005122
-0.6862158 0.09667531 0.7209451
-0.1711087 -0.7655956 0.6201494
0.2874117 -0.04012243 0.9569664
-0.9811371 0.136851 0.1365352
0.6318263 -0.08805621 0.770092
-0.01560823 -0.06979825 0.997439
-0.1233207 -0.55051 0.8256699
0.7866264 -0.1087029 0.607785
-0.4438195 0.06104897 0.8940343
0.5898024 -0.08103374 0.8034716
-0.7279882 0.09989619 0.6782728
0.9876558 -0.1350145 0.07941711
-0.7184878 0.09796832 0.6886055
-0.1758413 -0.782189 0.5977125
-0.6315274 0.08467864 0.7707157
-0.1934338 -0.8594322 0.4732437
0.856491 -0.1140282 0.5034092
0.07263274 0.321415 0.9441488
-0.7191774 0.09559509 0.6882191
-0.0808159 0.01073245 0.9966713
0.356328 -0.04725701 0.9331651
-0.2173137 -0.9606375 0.1730617
-0.6516644 0.08580755 0.7536383
0.1734509 0.7627251 0.6230291
-0.2221744 -0.974982 0.006983242
0.2746184 -0.03590335 0.9608827
0.8303256 -0.108525 0.5466093
-0.05036736 -0.2203725 0.9741145
0.03728875 0.1628767 0.9859415
0.7652487 -0.09933631 0.6360242
0.985467 -0.1277246 0.1119879
0.4277889 -0.0553593 0.9021818
0.1272117 0.5550555 0.8220283
0.9413319 -0.1209244 0.315074
0.6699153 -0.08566267 0.7374791
0.1263045 -0.01613567 0.9918603
-0.1188603 0.01511614 0.9927959
-0.03423077 -0.1493094 0.9881979
-0.5584639 0.07067565 0.8265125
-0.2026962 -0.8837523 0.4217773
-0.1770335 0.02230856 0.983952
-0.2177118 -0.9489419 0.228278
0.05289824 -0.006599215 0.9985781
-0.0640737 -0.2785125 0.958293
0.2247994 0.9707954 0.0837946
0.5309606 -0.06575791 0.8448412
-0.08191811 0.01009791 0.9965879
0.8701598 -0.1068923 0.4810364
0.8896235 -0.1090565 0.4434825
-0.7659554 0.09375625 0.6360204
-0.962254 0.1177736 0.2453499
-0.9869683 0.1206119 0.1065188
-0.1826223 -0.7846114 0.5924813
-0.2661014 0.03226645 0.9634048
-0.1008066 -0.4327904 0.8958406
-0.1565625 0.01891085 0.987487
-0.1432418 -0.6116883 0.7780226
-0.02690798 -0.1145049 0.9930582
-0.9270143 0.1112111 0.3581572
-0.09223539 -0.3918791 0.9153816
-0.1817934 -0.7681508 0.6139181
0.8950511 -0.1059691 0.4331905
-0.2302591 -0.9634703 0.1367689
0.9863865 -0.116198 0.1163606
-0.2318672 -0.9685013 0.09078995
-0.0917565 -0.3817625 0.9196946
-0.1989585 -0.8245321 0.5296814
-0.1590499 -0.6588547 0.7352643
-0.152378 0.01756604 0.9881662
0.07010319 -0.008075386 0.997507
-0.3597565 0.04134969 0.9321295
0.8267388 -0.09426007 0.5546331
0.3362982 -0.03833478 0.940975
0.2287075 0.9430101 0.2417123
-0.09702802 -0.3995832 0.9115475
-0.2274637 -0.9354645 0.270493
-0.06534308 -0.2686796 0.9610107
-0.04483002 -0.1835248 0.9819923
0.1469915 0.6010911 0.7855463
-0.2386751 -0.9687541 0.06745124
0.9918005 -0.1105354 0.06413718
-0.9851409 0.1096985 0.13215
-0.2301667 -0.9324983 0.2783349
0.6295856 -0.06977034 0.773792
-0.2117936 0.02339479 0.9770344
-0.397728 0.04387616 0.9164537
-0.1422768 -0.5762495 0.8047943
-0.2315283 -0.9268728 0.2954681
-0.1737671 -0.6952229 0.6974741
-0.3032528 0.03285033 0.9523438
0.1045133 0.4171751 0.9027967
-0.9941489 0.1076165 0.009306749
0.6640812 -0.07157033 0.7442271
0.1952722 0.7747636 0.6013403
-0.4294234 0.04619272 0.9019212
0.2250896 0.89191 0.3922131
0.1470032 -0.01579022 0.98901
0.2366392 0.9360378 0.2604516
-0.7161865 0.076413 0.6937132
-0.9657684 0.1027269 0.2381986
-0.2182364 -0.8619839 0.457555
0.07223205 0.2851371 0.9557611
-0.2296939 -0.9047356 0.3587396
0.1756428 0.6915018 0.700696
0.07999583 -0.008288462 0.9967607
0.8775445 -0.09063625 0.4708511
0.3686892 -0.03805436 0.9287735
0.9782651 -0.1008649 0.1811731
-0.9768667 0.1006889 0.1886618
-0.03555536 0.003659661 0.999361
0.2390161 0.9331964 0.2683576
-0.103252 -0.402712 0.9094845
-0.6952812 0.0710115 0.7152212
0.1157946 0.4513562 0.8847989
-0.7069545 0.07113333 0.7036727
-0.481497 0.04831737 0.8751149
0.1866726 0.7219599 0.6662787
0.2117114 0.817065 0.5362677
-0.1664466 -0.639913 0.7502045
0.1345374 0.5171008 0.8452849
-0.190276 -0.7302872 0.6561064
0.1611862 0.6179038 0.7695544
0.7272041 -0.07055052 0.682786
0.1584292 0.6063144 0.7792837
-0.2527768 -0.9672199 0.02427897
0.9954382 -0.0947096 0.01152958
-0.08802079 -0.3315711 0.9393151
-0.6097609 0.05769376 0.7904828
0.01821199 0.06849787 0.997485
-0.2071248 -0.7755902 0.5962878
0.1054084 -0.009792617 0.9943808
-0.2573684 -0.963133 0.07833516
0.2696741 -0.02494949 0.9626284
-0.2109048 -0.787432 0.5791978
0.6017495 -0.0552776 0.7967697
-0.2083285 0.01908537 0.9778727
-0.01301928 -0.04847045 0.9987398
0.2996885 -0.02742809 0.9536428
0.1834401 -0.01675776 0.982888
-0.3456061 0.03156999 0.9378484
-0.7781721 0.0710124 0.6240235
-0.4233272 0.0385568 0.905156
-0.2330818 0.02096002 0.9722312
0.3419279 -0.03048109 0.9392317
-0.352165 0.03135755 0.9354125
-0.1496883 -0.5566152 0.8171737
0.7439234 -0.06516146 0.6650804
0.9675679 -0.08436055 0.2381087
0.9923475 -0.08647266 0.08814127
0.1622781 0.6020231 0.7818146
0.9299663 -0.08061949 0.3586964
0.7848839 -0.06799542 0.615901
-0.9930415 0.08547785 0.0810072
0.380067 -0.03268712 0.9243812
0.2447379 0.8940999 0.375085
0.9941885 -0.08443648 0.0667801
-0.7609678 0.06441414 0.6455841
-0.040676 -0.1484999 0.9880755
0.2282169 0.8276453 0.5127575
-0.1787435 -0.6467818 0.7414338
0.03527831 0.1274613 0.9912159
0.981898 -0.08065291 0.1713809
0.2674845 0.9630188 0.03235529
-0.2640039 -0.9488764 0.1730189
-0.2707249 0.02205769 0.962404
-0.9234953 0.07492526 0.3762215
-0.4510778 0.03657163 0.891735
0.190792 0.6847321 0.7033778
0.2184229 0.7822663 0.583396
-0.8163985 0.06596236 0.5737094
0.1860314 -0.01495985 0.9824299
0.1790892 0.6391919 0.7479043
-0.6662731 0.05353085 0.743784
0.6833343 -0.05486078 0.7280416
-0.548503 0.04342166 0.8350204
-0.8243843 0.06496149 0.5622905
-0.1263741 -0.4502029 0.8839383
0.1697829 0.6035033 0.7790747
-0.8656787 0.06774803 0.4959945
-0.0387942 -0.13694 0.9898194
-0.125742 -0.4431598 0.88758
0.07333705 0.2554506 0.9640366
-0.2608544 -0.9052375 0.3354103
-0.2108895 -0.7316736 0.6482124
0.9872496 -0.07546519 0.1401546
-0.3418845 0.02610932 0.9393792
-0.5352702 0.04087682 0.8436912
0.9835582 -0.07484952 0.1643493
-0.6470385 0.04906758 0.7608768
-0.9445559 0.07162615 0.3204431
0.9331402 -0.0706334 0.3525057
-0.879869 0.06659011 0.4705276
-0.6145145 0.0464373 0.7875376
-0.03030365 -0.1050443 0.9940057
-0.2944176 0.02192855 0.9554253
-0.8834526 0.06573296 0.4638865
-0.143043 -0.4950361 0.8570169
0.2789761 0.9586477 0.05627486
0.7752786 -0.0567534 0.6290646
0.3100666 -0.02255784 0.9504472
0.2547438 0.8712455 0.4195675
-0.2500809 -0.8537273 0.4567376
-0.1134296 -0.3861471 0.9154366
-0.1653893 -0.5626552 0.8099787
-0.1962163 -0.6662135 0.719485
0.9759461 -0.06916026 0.2067515
0.2814868 0.9548838 0.09466842
-0.2788818 -0.9408919 0.1922167
-0.2321692 -0.7832887 0.5766768
-0.555984 0.03811978 0.8303185
0.9712649 -0.06590442 0.2286942
0.28376 0.9569094 0.0616823
0.1446671 0.4872482 0.8611972
0.2549156 0.8564991 0.4488066
0.1628648 -0.01073817 0.98659
0.1539546 0.5168171 0.842139
0.8773255 -0.05743428 0.4764464
-0.9940443 0.06490178 0.08754216
-0.9817587 0.06389843 0.1790722
-0.8436552 0.05482019 0.5340793
-0.3744024 0.02428111 0.9269484
0.2115664 0.7098642 0.6718128
-0.6603816 0.04194205 0.749758
-0.4809763 0.030471 0.876204
-0.04288687 -0.1434089 0.9887338
0.1179087 0.3935877 0.9116942
-0.2772232 -0.9252703 0.2588866
-0.05268669 -0.1754518 0.9830772
-0.2637252 -0.8757604 0.4043423
-0.9834027 0.06089712 0.1709112
-0.1984952 0.01223883 0.9800255
0.1442615 0.4762262 0.8674083
-0.1271677 -0.4193649 0.8988668
-0.9894961 0.0606443 0.1312245
-0.2728081 -0.8987388 0.3432846
0.03586155 0.118089 0.9923552
0.2889782 0.9500614 0.1177919
-0.9073449 0.05411433 0.4168895
-0.2831943 -0.9272903 0.2448136
-0.4683759 0.02779938 0.8830919
-0.1494825 -0.4892059 0.8592628
-0.1697277 -0.5537276 0.8152167
-0.9142126 0.05367745 0.401664
0.9313906 -0.05436963 0.3599382
-0.1845611 -0.6018717 0.7769734
0.9070693 -0.05196868 0.4177613
-0.6082367 0.03459482 0.7930014
-0.01116877 0.0006328175 0.9999374
-0.04066972 -0.1324076 0.9903606
0.09147279 0.2955502 0.9509379
-0.2175373 -0.7024637 0.6776594
-0.3075441 0.01699539 0.951382
-0.1190692 -0.3839776 0.915633
-0.2938024 -0.9459038 0.1376454
0.3546943 -0.01952694 0.9347784
0.9316041 -0.0510647 0.3598697
0.3711706 -0.02002102 0.9283488
0.2576162 0.8285772 0.4970853
-0.0186323 -0.05985471 0.9980332
-0.06078574 -0.1952026 0.9788774
-0.2716582 -0.8644775 0.4229428
0.2771694 0.8794516 0.3869652
0.3142464 -0.01642729 0.9491993
0.1289888 0.4088939 0.90342
-0.3003019 -0.9516647 0.06444474
-0.1435391 -0.4539144 0.8794079
0.5744022 -0.02865242 0.8180716
-0.2684851 -0.8471206 0.4585875
-0.2665711 -0.8406888 0.471362
-0.8183333 0.04067881 0.5733026
0.4651974 -0.02299902 0.8849081
0.651952 -0.03217095 0.7575775
0.2874388 0.9053294 0.312662
-0.2449423 -0.7684698 0.5911493
0.09390829 0.294429 0.9510483
-0.08522668 -0.2670343 0.959911
-0.2231861 -0.6982114 0.6802124
0.7633474 -0.03579658 0.6449956
-0.9949445 0.04646838 0.08902965
0.2027548 0.6326382 0.7474352
-0.9945866 0.04596404 0.09319185
-0.3805237 0.01738922 0.9246077
0.1356643 -0.006190565 0.9907355
-0.9935026 0.04516339 0.1044642
0.1245321 0.3884118 0.9130324
0.483884 -0.02171296 0.8748627
0.5956126 -0.02669403 0.8028281
0.08018287 0.2500506 0.9649069
0.2458807 0.7631252 0.5976476
0.7733388 -0.03351783 0.6331064
-0.8253949 0.03530638 0.5634507
-0.1245161 -0.3841226 0.9148473
-0.7701889 0.03187562 0.6370189
0.273722 0.8443577 0.4605826
0.1453933 0.4454469 0.8834239
0.9765448 -0.03955919 0.2116491
0.2297463 0.702904 0.6731586
0.9679608 -0.03909564 0.2480391
0.07721489 0.2360029 0.9686798
0.2969013 0.9059533 0.3018249
-0.190863 -0.5812773 0.7910045
0.9239391 -0.03711242 0.380735
-0.3107887 -0.9451677 0.1003411
-0.3124653 -0.9496484 0.02309566
-0.03667758 0.001450829 0.9993261
0.8748482 -0.034532 0.4831647
-0.8186851 0.03228053 0.5733347
0.3125172 0.946173 0.08419967
0.5304896 -0.02057137 0.8474418
0.1256671 0.3801605 0.9163437
0.2043064 0.6162809 0.7605634
0.1434559 0.4325861 0.8901066
0.7784536 -0.02930741 0.6270176
-0.873403 0.03263686 0.4859034
-0.9991627 0.0365726 0.01833647
-0.2097546 -0.6317801 0.7462285
-0.1336522 0.004835244 0.9910165
-0.8476858 0.03035254 0.5296297
0.8089889 -0.02894802 0.5871106
-0.2113374 -0.6349201 0.7431103
-0.6146044 0.02164656 0.7885384
0.2714026 0.8151208 0.51178
0.2880574 0.8647439 0.4113891
0.3567545 -0.01209501 0.9341199
-0.9521061 0.03215189 0.3040729
-0.9864889 0.03327177 0.1604141
-0.9989725 0.03334087 0.03069796
-0.9993703 0.03330047 0.01225096
-0.2570488 -0.7683314 0.5861679
0.2453808 0.7327816 0.6346805
-0.6474251 0.02036279 0.761857
-0.1127255 -0.3338846 0.9358494
0.122138 0.3592992 0.9251953
0.4125124 -0.01258803 0.910865
0.222069 -0.006770189 0.9750075
0.2047562 -0.006052843 0.9787943
-0.9109799 0.02671164 0.4115848
0.5028399 -0.01451215 0.8642578
0.1958008 0.5738167 0.7952336
-0.5718597 0.01617087 0.8201921
0.9898652 -0.02760352 0.1393016
-0.1244413 -0.3642609 0.9229455
0.9980901 -0.02659384 0.05575688
-0.2451697 -0.7160686 0.6535577
0.9847155 -0.0260561 0.1722107
-0.005485491 -0.01596385 0.9998575
-0.9242108 0.02339033 0.3811656
0.255013 -0.006446742 0.9669161
-0.2087481 -0.6025184 0.7703218
0.5087336 -0.01255048 0.8608325
0.7319726 -0.01796192 0.6810972
-0.2211014 -0.6361161 0.7392364
-0.3285137 -0.9432794 0.04798548
0.2235097 -0.005282531 0.9746874
0.3271821 0.9371418 0.1213141
-0.1988439 -0.5650458 0.8007399
-0.1510649 0.003342267 0.9885182
0.0321731 0.09133513 0.9953004
0.627673 -0.01336172 0.7783625
-0.1233972 -0.3482186 0.9292561
-0.675107 0.01414572 0.7375842
-0.1766255 0.003697263 0.9842712
-0.9089062 0.01812712 0.4166064
-0.1992956 -0.5621468 0.8026657
0.0127806 0.03600773 0.9992698
0.9784257 -0.01865927 0.2057546
-0.8337031 0.01578259 0.5519873
-0.9516351 0.01749695 0.306732
0.0610072 0.1717326 0.9832528
0.9789362 -0.0172469 0.2034367
-0.2841631 -0.7972135 0.5326368
-0.9972403 0.01602327 0.07249184
0.3356476 0.9414293 0.03242774
0.1607866 0.4507761 0.8780368
0.9998839 -0.01442142 0.004924429
0.9445887 -0.01313374 0.3279935
0.9271814 -0.01254458 0.3744027
-0.2669187 -0.7463525 0.6096821
0.4170794 -0.005596455 0.9088528
0.2909258 0.8128679 0.5045869
-0.5605662 0.006871612 0.8280811
-0.3139706 -0.8718438 0.3759134
-0.3028936 -0.8402328 0.4497381
-0.2360815 -0.6527541 0.7198455
-0.6989929 0.007972293 0.7150841
0.2882589 0.796215 0.531929
-0.3404992 -0.9377548 0.06838384
-0.7235006 0.00670315 0.6902912
-0.1951387 0.00167696 0.9807742
-0.296811 -0.817412 0.4937011
0.9744325 -0.007004801 0.2245713
0.9816166 -0.006894249 0.1907388
0.7029731 -0.004921647 0.7111995
0.9309942 -0.006497422 0.364976
0.289794 0.7974636 0.5292175
-0.4442378 0.002804086 0.8959045
-0.2841393 0.001672325 0.9587815
-0.04241721 -0.1166267 0.9922696
-0.1790609 -0.492236 0.8518456
0.175369 0.481967 0.8584599
-0.05678655 -0.1553835 0.9862207
0.3332769 0.9109554 0.2430779
0.2380802 0.6480982 0.7233855
0.5806811 -0.002823561 0.8141262
0.2675902 0.724185 0.6355718
0.6993587 -0.002659623 0.7147659
-0.0586408 0.0001910607 0.9982792
-0.8378801 0.002500008 0.5458485
0.1984823 0.5363188 0.8203456
0.17581 0.473938 0.8628288
0.8781683 -0.001651239 0.478349
0.3270854 0.8801317 0.3440687
0.06484749 0.1736606 0.9826682
-0.2286633 -0.6064336 0.7615454
-0.5482312 0.0008138746 0.8363264
0.0489638 0.129683 0.9903458
0.2556707 0.676923 0.6902229
-0.2160358 -0.5715892 0.7915897
0.1346499 0.3558523 0.9247911
0.1241375 0.3263194 0.9370728
0.9789341 0.0001144497 0.2041764
-0.09857815 -1.211259e-05 0.9951293
0.3330312 0.8742974 0.3531207
0.8574175 0.0002601026 0.5146215
0.08861863 0.2319711 0.9686775
-0.206109 -0.5389565 0.8167282
-0.02940011 -0.07655569 0.9966317
-0.2841085 -0.7381666 0.6118761
-0.8695688 -0.001529695 0.4938094
-0.7015461 -0.001280116 0.7126229
0.3211969 0.8303865 0.4552921
0.5839903 0.002076459 0.811758
-0.1068291 -0.2748521 0.9555333
0.09381993 0.2409364 0.9659956
0.5817055 0.002678162 0.8133951
0.931967 0.004305426 0.3625175
-0.8173372 -0.004610511 0.5761412
0.3304758 0.8460278 0.4183571
0.7715753 0.00456246 0.6361217
0.3618612 0.9263597 0.1044716
0.4282171 0.003091729 0.9036706
0.2637993 0.6745556 0.6894814
0.152812 0.001130775 0.9882546
0.6222231 0.004918834 0.7828245
-0.9862906 -0.008600681 0.1647931
0.5299214 0.004634176 0.8480341
-0.9864014 -0.008779924 0.164119
0.04804804 0.1227584 0.9912728
0.9737876 0.01008192 0.2272357
0.6806634 0.007284564 0.73256
0.9961394 0.01096059 0.08709864
0.04319188 0.1102534 0.9929646
0.1988125 0.5057979 0.8394296
-0.7728395 -0.009016837 0.6345374
-0.2979415 -0.7579712 0.5802677
-0.3557665 -0.9042158 0.2362712
0.2361662 0.5988666 0.7652348
0.343797 0.8708081 0.3514211
-0.3606347 -0.9131404 0.1900453
0.8488562 0.01123927 0.5285043
0.07755207 0.1961511 0.9775021
-0.0661418 -0.1669448 0.9837452
0.3368059 0.8497825 0.4055015
0.999208 0.01440851 0.03709053
0.2151557 0.5424957 0.8120384
-0.9372429 -0.01396802 0.3483973
-0.2173452 -0.5478426 0.807855
-0.9922189 -0.01504549 0.1235931
-0.4851889 -0.007587869 0.8743764
0.3078763 0.004980959 0.9514133
0.04079276 0.1027075 0.9938748
0.3105507 0.005513852 0.9505408
-0.1657548 -0.4155288 0.8943496
0.9638211 0.01784899 0.2659518
0.3707572 0.9280435 0.03569885
0.03477808 0.0006619462 0.9993948
-0.3574078 -0.8922431 0.2759744
-0.8749053 -0.01730789 0.4839847
0.316272 0.7891111 0.5265698
-0.9989386 -0.02063173 0.04118157
0.3093903 0.7700149 0.5579916
0.2163479 0.536867 0.8154554
0.9599984 0.02160075 0.2791711
-0.1502663 -0.003444704 0.9886395
0.3644207 0.9039898 0.2236068
-0.7536909 -0.01902668 0.6569536
-0.09752659 -0.2415737 0.9654692
-0.3710991 -0.9171406 0.145391
0.6777917 0.0176918 0.7350411
0.3742095 0.9243066 0.0749979
-0.7983416 -0.0212784 0.6018288
-0.2836346 -0.6990134 0.656454
0.08498962 0.002393206 0.996379
0.1816435 0.4469046 0.8759463
-0.1900458 -0.4662427 0.8640025
0.2653842 0.007967287 0.9641098
0.2893265 0.7096345 0.6424243
-0.07243945 -0.1775822 0.9814363
0.9989534 0.0302835 0.03427922
-0.7366727 -0.02243437 0.6758772
0.2472047 0.603258 0.7582676
-0.2456066 -0.5977903 0.7631017
0.1261493 0.306537 0.9434625
-0.1917247 -0.4658532 0.8638417
0.9981364 0.03313589 0.05124246
-0.8979623 -0.02990464 0.4390551
0.02421368 0.05839632 0.9979998
-0.6342165 -0.02116537 0.7728657
0.0006120799 2.046197e-05 0.9999998
-0.07473217 -0.1801591 0.9807945
0.9717769 0.03281239 0.2336086
0.3560587 0.8579057 0.3704322
0.6403913 0.02193395 0.7677355
-0.3106348 -0.7484409 0.5859541
-0.2214835 -0.53296 0.8166386
-0.06018823 -0.1441473 0.9877241
0.8470725 0.03032062 0.5306116
-0.286463 -0.6854039 0.6694479
0.9723946 0.0365397 0.2304639
0.02928448 0.06998301 0.9971182
-0.3139406 -0.7471687 0.5858158
-0.07036408 -0.1666604 0.9835005
-0.2174346 -0.5142987 0.8295897
-0.324828 -0.7654313 0.5555192
0.9664797 0.03801981 0.2539126
0.02438345 0.0009610878 0.9997022
-0.3904492 -0.9198648 0.03739242
-0.9963273 -0.04002097 0.07569781
-0.9613608 -0.03870825 0.2725566
-0.01943924 -0.04572964 0.9987647
-0.2917636 -0.6861326 0.6664054
-0.3098633 -0.7283904 0.611091
0.1552742 0.006345629 0.987851
-0.6508694 -0.0270463 0.7587078
-0.6627775 -0.02788352 0.7482971
-0.3544423 -0.8318047 0.427167
0.5529938 0.02393068 0.8328416
0.06646017 0.1558726 0.9855388
-0.6110519 -0.0268708 0.7911344
-0.2090357 -0.4893686 0.8466537
-0.1411692 -0.006260879 0.9899657
-0.8085821 -0.03598459 0.5872819
-0.1139549 -0.005079104 0.9934729
0.03706181 0.08669172 0.9955456
-0.2796589 -0.6541069 0.7028052
0.1490274 0.006699465 0.9888104
-0.3902187 -0.01764653 0.9205531
-0.8950829 -0.04202057 0.4439154
-0.1482871 -0.3466803 0.9261878
-0.5267456 -0.02572439 0.8496336
-0.3433199 -0.8007989 0.4907673
-0.4407597 -0.02161331 0.8973649
0.2542751 0.5927905 0.764162
0.3222611 0.7481204 0.5800548
-0.7460533 -0.03721844 0.6648453
0.3741127 0.8684387 0.3253519
0.3968998 0.9177008 0.01719596
-0.9907014 -0.04984804 0.1265931
-0.3176515 -0.7344572 0.5997251
-0.2822835 -0.6526 0.7031567
-0.1178541 -0.2723151 0.9549633
-0.3772153 -0.8700885 0.3172611
-0.2847194 -0.6565316 0.6984992
-0.9675232 -0.05193549 0.2473895
-0.3458999 -0.7965599 0.4958283
0.2279248 0.5234224 0.8210233
0.07340269 0.003997019 0.9972944
-0.2636696 -0.6047238 0.7515234
-0.9980319 -0.05523278 0.02969319
0.2972705 0.6804324 0.6698074
-0.3707466 -0.02061989 0.9285051
-0.700146 -0.03962856 0.7128991
0.3182829 0.7270622 0.6083392
-0.04680607 -0.1067802 0.9931803
0.1007632 0.2297931 0.9680092
-0.9280571 -0.05310314 0.3686328
-0.599584 -0.034486 0.7995685
0.3276656 0.7470474 0.5784077
-0.1463744 -0.008475042 0.989193
0.3175308 0.7228976 0.613672
0.2999589 0.6807401 0.6682945
0.2771656 0.01625344 0.9606847
-0.279866 -0.01648257 0.9598976
-0.07172034 -0.1627138 0.9840632
0.8080132 0.04785353 0.5872177
-0.1333911 -0.3021494 0.9438816
-0.2195803 -0.01317232 0.9755055
0.3684798 0.0223141 0.9293679
-0.4000866 -0.9058208 0.1393536
-0.135199 -0.3046389 0.9428236
0.3974545 0.8949751 0.2026068
-0.9199944 -0.05859609 0.3875265
-0.351432 -0.02258011 0.9359411
0.8586115 0.05533563 0.5096314
-0.2231139 -0.5019585 0.8356183
-0.1360246 -0.008785832 0.9906665
0.84039 0.05465243 0.5392196
-0.9519112 -0.06198536 0.300038
0.8922706 0.05818208 0.4477365
0.3454202 0.7754323 0.5285731
0.250727 0.01640991 0.9679188
-0.06936944 -0.1550149 0.9854736
-0.7486298 -0.04919575 0.6611605
-0.214989 -0.4801865 0.8504121
0.06309458 0.1408203 0.9880226
0.1583502 0.3523832 0.9223618
0.9222238 0.06134516 0.381759
-0.9504996 -0.06373181 0.3041197
0.1126293 0.2504361 0.9615594
0.3829056 0.8499102 0.3619889
-0.3308793 -0.7336032 0.5935868
0.8074147 0.05470599 0.5874426
-0.9976659 -0.06785014 0.007687883
0.5002182 0.03418678 0.8652242
-0.03187213 -0.07064405 0.9969923
0.299542 0.6636487 0.6854524
0.1690543 0.374237 0.9117935
0.1921295 0.01339798 0.9812781
-0.9015427 -0.06308536 0.4280665
0.2842002 0.01990377 0.9585583
-0.3986072 -0.8811358 0.2543857
0.00820098 0.01799637 0.9998044
0.4007713 0.02840834 0.9157376
-0.4131202 -0.9064422 0.08771722
-0.3434467 -0.7527583 0.5616042
0.08101028 0.1775286 0.9807757
-0.4549853 -0.03305213 0.8898854
0.03860134 0.08442571 0.9956818
0.3982545 0.8701893 0.2901102
-0.9651784 -0.07170076 0.2515743
-0.4128172 -0.9015146 0.1298204
0.948294 0.07102574 0.3093442
-0.9537466 -0.07166829 0.2919436
0.9008148 0.06860317 0.4287498
-0.3437561 -0.7504194 0.5645375
0.4170496 0.908149 0.03653825
-0.6050771 -0.04631319 0.7948187
0.3067293 0.6662451 0.6797312
0.5286955 0.04068952 0.8478357
-0.2334954 -0.5035023 0.8318445
0.2707042 0.5832274 0.7658753
-0.9968628 -0.07829063 0.01162274
0.4172655 0.8987666 0.1345664
-0.3784651 -0.8142543 0.4401749
-0.9447771 -0.07496698 0.3190239
0.1179716 0.2525123 0.9603751
-0.7285287 -0.05791332 0.6825628
-0.6558746 -0.05237305 0.7530508
0.4007505 0.8563743 0.3256105
0.2609292 0.02100621 0.9651294
-0.05144883 -0.1096384 0.9926391
0.4219601 0.8991655 0.1159791
-0.2544166 -0.02059021 0.9668755
-0.4164174 -0.8862047 0.203071
0.07999527 0.170036 0.9821856
-0.3767695 -0.7988387 0.4689364
-0.2393579 -0.5069108 0.8280998
0.1023174 0.008424833 0.9947161
-0.2635598 -0.5557607 0.7884582
-0.3157312 -0.6641469 0.6776597
-0.1478506 -0.01237462 0.9889323
-0.4078594 -0.8539894 0.323037
0.1653449 0.01399521 0.9861365
-0.1315131 -0.2753614 0.9523027
0.4836414 0.04096637 0.874307
0.8192613 0.06989267 0.569145
0.9185706 0.07849067 0.387385
0.3852772 0.8060725 0.4492312
0.2736279 0.5710891 0.7739412
0.356696 0.03075644 0.9337141
0.662143 0.05732291 0.7471818
-0.8005463 -0.069318 0.5952483
-0.5456128 -0.04746693 0.836692
-0.09409423 -0.1963568 0.9760073
0.4153281 0.8638288 0.2851355
0.404482 0.8409336 0.3594788
-0.6007832 -0.05347191 0.7976217
0.9579564 0.08565852 0.2738288
0.1724753 0.3569274 0.9180714
0.8913617 0.08059648 0.4460701
0.3292464 0.6803982 0.6547176
0.09120803 0.1882642 0.977874
0.9133471 0.08269679 0.3986959
-0.4169888 -0.8582745 0.2991408
-0.3821749 -0.7857001 0.4864336
-0.9840319 -0.09033044 0.1533678
0.7815363 0.07176635 0.6197181
-0.9723314 -0.08938637 0.2158279
0.3798231 0.7805264 0.4965007
-0.6978221 -0.06440661 0.7133695
0.4347565 0.8925692 0.1196114
-0.9659955 -0.08970584 0.2424986
-0.4019265 -0.8249533 0.3973754
-0.3287009 -0.6739183 0.6616569
0.4353983 0.8926669 0.1165076
-0.1889867 -0.3874306 0.9023201
0.2673813 0.5476191 0.792856
0.4398786 0.8965939 0.05124699
-0.3274943 -0.6673611 0.6688622
-0.19701 -0.399541 0.8952955
0.4233596 0.8582994 0.2899806
0.3940783 0.7989099 0.4543625
0.2331908 0.4721176 0.8501335
-0.4096085 -0.8292328 0.3802551
-0.1533241 -0.3100834 0.9382644
0.4375722 0.04283857 0.8981622
0.2890558 0.5839918 0.7585515
0.9942449 0.09750993 0.04437339
-0.001488813 -0.0001467953 0.9999989
0.2115792 0.4261946 0.879541
0.252596 0.5087789 0.8230063
0.1778852 0.01763158 0.9838933
0.09803124 0.1972156 0.9754465
-0.09694829 -0.1947703 0.9760458
-0.4462906 -0.894729 0.01687331
-0.9917562 -0.1002327 0.07983111
-0.326439 -0.6539156 0.6825188
0.3969753 0.7947933 0.4590362
-0.05319994 -0.005404798 0.9985693
0.3396616 0.6795172 0.6502972
-0.8520435 -0.08669823 0.5162415
-0.1571369 -0.3141737 0.9362707
-0.592298 -0.06049927 0.8034444
-0.3023774 -0.03089064 0.9526876
0.3137728 0.6267762 0.7132308
-0.9556454 -0.09865233 0.2775061
-0.7615761 -0.07863155 0.6432877
-0.9944897 -0.1026953 0.02107066
0.224322 0.447279 0.8658066
-0.2303146 -0.02396051 0.9728212
-0.4420953 -0.8793074 0.1771166
0.9832641 0.1037209 0.1497783
-0.447084 -0.8870795 0.1149172
-0.4468689 -0.8860871 0.123117
0.5334708 0.05716087 0.8438848
-0.989881 -0.106679 0.09356921
0.1409841 0.01520491 0.9898951
0.4487366 0.8872447 0.1069218
-0.1318909 -0.01424815 0.9911618
-0.8477188 -0.09200195 0.5224065
-0.4088961 -0.04447182 0.9114967
0.3483209 0.6850539 0.6398231
0.1545926 0.3039285 0.9400684
-0.9920681 -0.1086431 0.06322681
0.08456796 0.1662338 0.9824533
0.7194664 0.07892993 0.6900276
0.01461274 0.02868766 0.9994816
-0.9923342 -0.1095228 0.05725041
-0.2172194 -0.02400859 0.9758275
-0.738278 -0.08178487 0.6695199
0.4605695 0.05128649 0.8861408
-0.1694581 -0.3326455 0.927702
0.3400674 0.6656781 0.664249
0.1660311 0.01851444 0.9859467
-0.3048345 -0.03401694 0.9517977
-0.2601702 -0.02907844 0.9651248
-0.04121707 -0.08009921 0.9959344
-0.9083518 -0.1016485 0.4056657
0.1914203 0.02156644 0.9812712
-0.9932708 -0.1120912 0.02913106
0.2606719 0.5052655 0.8226523
0.4334465 0.8373193 0.3331974
-0.36697 -0.04207426 0.9292808
0.3974223 0.7675324 0.5029409
-0.8816025 -0.1012876 0.4609965
0.2130318 0.409899 0.8869049
0.2207647 0.42472 0.8779954
0.09836592 0.189236 0.9769922
0.3289247 0.0379515 0.9435933
0.9918667 0.1145619 0.05546169
-0.1096207 -0.0126639 0.9938928
0.5719051 0.0660725 0.8176546
0.206563 0.3970297 0.894259
0.6359956 0.0736318 0.7681718
0.7921923 0.09205643 0.6032884
0.245761 0.4705612 0.8474513
0.8061419 0.09420575 0.5841751
0.3276239 0.03845742 0.9440252
0.3436109 0.6577383 0.6703073
-0.3386261 -0.6470991 0.6830776
0.9881635 0.1177853 0.0982826
-0.06989942 -0.1335185 0.9885782
-0.3513524 -0.6699775 0.6539737
0.4117315 0.04920646 0.9099758
-0.4648947 -0.8850439 0.02387743
-0.1228951 -0.2329724 0.9646868
-0.1239496 -0.2348118 0.9641058
0.1687611 0.3194885 0.9324413
0.9900972 0.1191352 0.07425872
-0.07000494 -0.132404 0.9887207
-0.5903007 -0.07148135 0.8040121
-0.2723811 -0.5143202 0.8131933
-0.3965349 -0.7465799 0.5342084
0.4604815 0.8656133 0.1966477
-0.3142396 -0.5899117 0.7438129
-0.3288428 -0.6161402 0.715705
-0.04845468 -0.005945552 0.9988077
0.8891461 0.1092295 0.4443964
0.5489114 0.06747018 0.8331531
0.08549098 0.1599338 0.9834188
-0.4635215 -0.8667395 0.1841476
0.1524578 0.284089 0.9465992
-0.3494243 -0.0433391 0.9359617
0.4071917 0.7583586 0.509006
-0.5584227 -0.06949412 0.8266405
0.06705955 0.1248801 0.989903
0.4043744 0.05062471 0.9131914
0.8542442 0.1075442 0.5086267
-0.8395291 -0.105762 0.5329215
-0.3989994 -0.7428971 0.5374973
-0.3613604 -0.04573855 0.9313037
0.4650646 0.8652189 0.1873797
0.2698763 0.03421795 0.9622868
0.5158491 0.06552948 0.8541695
0.2283202 0.4229622 0.876911
0.9914593 0.1260122 0.03360798
0.9919282 0.1262813 0.01147212
0.1584378 0.02018687 0.9871626
0.9046264 0.115356 0.4102974
-0.8745054 -0.1116487 0.4719903
-0.334389 -0.6178674 0.7116346
0.3736985 0.6899614 0.6199215
0.0810741 0.1496766 0.9854054
0.5309625 0.06813394 0.8446518
-0.4081602 -0.7509175 0.5191611
-0.3017123 -0.03913677 0.9525954
-0.141178 -0.2591188 0.9554718
0.9245909 0.1203346 0.3614572
0.6179635 0.08057719 0.7820668
0.4290964 0.7867026 0.443819
0.4815269 0.06360461 0.8741203
0.4470974 0.8193718 0.358795
-0.9010543 -0.11946 0.4169297
-0.4028806 -0.05346423 0.9136897
-0.02524361 -0.04618419 0.998614
0.2634329 0.480268 0.8366276
-0.4312161 -0.7856473 0.4436339
-0.9823563 -0.1311849 0.1332913
-0.9279425 -0.1240911 0.35146
-0.3053755 -0.5553102 0.7735479
0.2118216 0.02846583 0.9768937
-0.9792073 -0.1316026 0.1543819
0.2659772 0.4835308 0.8339389
-0.2087592 -0.3793598 0.901391
-0.9631877 -0.1318062 0.2343001
-0.1128418 -0.01552637 0.9934916
0.6634721 0.09159047 0.7425739
-0.4759498 -0.8641798 0.163294
0.3388432 0.614586 0.7123688
-0.4434128 -0.8040215 0.3961495
0.09684835 0.01343688 0.9952084
-0.8515347 -0.1181845 0.5108044
0.05049723 0.09149525 0.9945244
0.4831389 0.87257 0.07209992
0.9603208 0.1343157 0.2444243
-0.0884882 -0.1596177 0.983205
0.2653558 0.03716296 0.963434
0.7872023 0.1103242 0.6067464
0.4264879 0.765605 0.4816192
-0.8048913 -0.113317 0.5825026
0.5488217 0.077369 0.8323513
0.9872567 0.139327 0.07689071
-0.5639634 -0.07996657 0.8219189
0.234608 0.03328647 0.97152
0.4267658 0.06079399 0.9023165
0.1001482 0.1794997 0.9786471
0.9613398 0.137145 0.2387825
-0.4522986 -0.8100143 0.3732329
0.03569033 0.06382798 0.9973225
-0.3498066 -0.6243826 0.6984137
-0.3739469 -0.6673753 0.6440295
-0.4623308 -0.06671946 0.8841938
-0.4229429 -0.7541233 0.5024116
-0.3781182 -0.05474822 0.9241371
0.09131389 0.01324615 0.995734
-0.9793035 -0.1421129 0.1441129
-0.4608824 -0.8206652 0.337781
0.9235023 0.1347534 0.3591448
0.03211154 0.05715578 0.9978487
0.6865025 0.1002486 0.7201837
-0.09422944 -0.01380447 0.9954548
0.4252466 0.7549352 0.4992375
-0.4016681 -0.7122336 0.5756614
0.0188099 0.03334765 0.9992668
0.9614601 0.1419152 0.235488
0.824757 0.1219479 0.5521817
0.7681698 0.1141546 0.6299873
0.946704 0.140846 0.2896791
0.2826104 0.5007969 0.8181282
0.4900177 0.8682525 0.0775898
0.9860045 0.1476465 0.07743078
0.9154032 0.1370902 0.3784748
0.08643553 0.153063 0.9844291
-0.01870271 -0.002811268 0.9998211
-0.1009352 -0.1786854 0.9787153
-0.1318725 -0.2328261 0.963536
0.3200935 0.5634203 0.7616414
0.4025503 0.7062032 0.5824347
-0.500922 -0.07608052 0.8621421
-0.4083087 -0.7158824 0.566389
0.3918357 0.6846945 0.614539
0.3655518 0.05572752 0.9291213
-0.3097163 -0.5395206 0.7829389
-0.9853523 -0.1505644 0.08007011
-0.4402826 -0.7662988 0.4679075
0.9387746 0.1440971 0.312951
-0.554272 -0.08509023 0.8279748
0.2238607 0.03439818 0.9740139
0.2118474 0.03261045 0.9767585
0.348673 0.6058019 0.7151442
0.498763 0.8665673 0.01722433
0.7374064 0.1142112 0.6657234
-0.8707408 -0.1348955 0.472878
0.4050309 0.7035596 0.5839125
-0.05781093 -0.008991053 0.9982871
0.988048 0.1537083 0.01162065
0.4505252 0.7809871 0.4325346
-0.9867697 -0.154222 0.05001016
0.6006336 0.09388551 0.7939929
-0.06224317 -0.1078055 0.9922217
0.9328264 0.1470147 0.3289704
0.9645143 0.1523748 0.2156252
-0.4377318 -0.7574272 0.4844533
-0.08289362 -0.01316447 0.9964715
0.1207666 0.2088404 0.9704644
-0.9684263 -0.1555095 0.1948522
-0.696711 -0.1122956 0.708508
0.1189656 0.01949264 0.992707
-0.03814741 -0.006250495 0.9992526
-0.361879 -0.6254767 0.691247
-0.9799029 -0.1609144 0.1178847
-0.9013239 -0.1483119 0.4069629
-0.8459354 -0.1394117 0.5147404
0.3428108 0.05662432 0.9376963
-0.3538397 -0.6110302 0.708124
0.1089523 0.01800237 0.993884
-0.3526721 -0.05831442 0.9339281
0.07805335 0.01292344 0.9968654
-0.3286675 -0.05448019 0.9428731
-0.3631367 -0.6270165 0.6891894
-0.9800894 -0.1633878 0.1128235
0.9807999 0.1635283 0.1062548
0.8512284 0.1420146 0.505215
-0.4994077 -0.8615959 0.09079828
0.4911914 0.8430548 0.2190652
-0.7069448 -0.1185824 0.697257
-0.9169331 -0.1541047 0.3680834
0.4944416 0.8466941 0.1965621
0.9839209 0.1656896 0.06668256
-0.4630261 -0.7920324 0.3978586
0.5048016 0.8628789 0.02480816
0.08204465 0.1400998 0.9867324
-0.9486203 -0.1603722 0.2727642
-0.2905029 -0.495902 0.8183454
-0.5707021 -0.09686157 0.8154244
0.7801548 0.1327618 0.6113369
0.2790323 0.4753063 0.834401
0.08892382 0.1513117 0.9844782
-0.2551672 -0.4339107 0.8640667
-0.4356284 -0.07483106 0.8970107
0.3532892 0.06071956 0.9335416
-0.7814926 -0.1343336 0.6092814
-0.09268721 -0.1574858 0.9831619
0.9847836 0.1696145 0.03784388
0.09396481 0.1594415 0.9827253
0.8429866 0.1460243 0.517736
-0.08425616 -0.01460345 0.9963371
-0.376761 -0.6357621 0.6736896
0.3292289 0.05747725 0.9424992
0.6362402 0.1111129 0.7634476
-0.852621 -0.1492274 0.5007679
0.2346768 0.04110461 0.971204
0.4345369 0.731319 0.5256903
-0.4413214 -0.7402177 0.5072604
0.3384082 0.05975886 0.9391
0.4048268 0.6778615 0.6136931
-0.4542767 -0.756946 0.4697504
0.2454486 0.4085234 0.8791266
0.375292 0.6239297 0.6854689
-0.2437639 -0.4050743 0.881189
-0.8910753 -0.1588586 0.4251456
-0.5796625 -0.1037375 0.8082264
0.3190637 0.5300206 0.7856694
0.9146437 0.1640032 0.3694995
-0.3059546 -0.5074618 0.8055273
-0.3146113 -0.5213727 0.7932152
0.2859772 0.4733693 0.8331498
0.4301063 0.7114756 0.5557078
0.0393761 0.06502095 0.9971067
0.2620129 0.4314963 0.8632267
0.976923 0.1768691 0.1197447
0.3249236 0.05888842 0.9439051
0.5973128 0.1084391 0.7946436
-0.4157431 -0.684194 0.5991964
-0.6339126 -0.1154336 0.7647418
-0.5011975 -0.8242534 0.2634528
0.5781219 0.1058336 0.8090577
0.9382903 0.1721471 0.2999611
0.6219245 0.1141576 0.7747115
0.3089363 0.5075536 0.8043306
0.2134999 0.03932189 0.9761514
0.2623375 0.04832547 0.9637654
0.4018742 0.6593737 0.6353924
0.5155992 0.8450335 0.1416895
0.2177453 0.3567379 0.908474
0.1404248 0.02599376 0.9897501
0.04103106 0.0076024 0.9991289
0.4497383 0.7353998 0.5068753
-0.4003665 -0.6527487 0.6431375
0.138228 0.2230598 0.9649546
-0.1968943 -0.3167107 0.9278615
-0.4768335 -0.7666838 0.4299137
-0.1172862 -0.1882415 0.9750944
-0.2538615 -0.4070299 0.8774287
0.7737853 0.1461966 0.6163464
-0.9825835 -0.1858213 0.0001643501
0.3791415 0.6070345 0.6983988
0.2747957 0.05198535 0.9600963
0.0943795 0.1510996 0.9840028
-0.4948806 -0.7919844 0.3575666
-0.4994838 -0.7990754 0.3346556
0.7575599 0.143903 0.6367063
-0.5227849 -0.8358133 0.1676663
0.1789316 0.2848541 0.9417227
-0.4687998 -0.08933587 0.8787752
-0.02530201 -0.040185 0.9988719
-0.5326673 -0.84551 0.03712715
-0.1745209 -0.2768438 0.9449338
0.4094329 0.6470004 0.6432381
-0.5112326 -0.8066832 0.2964853
0.02289174 0.03610149 0.9990859
-0.4353341 -0.681814 0.5878894
0.2178178 0.3409489 0.9144995
-0.04200462 -0.0657126 0.9969541
-0.9276707 -0.1819876 0.3260485
0.9195812 0.1804127 0.3490296
-0.3466737 -0.5416494 0.7657893
-0.2962262 -0.4618809 0.836012
-0.5263342 -0.819617 0.226275
0.4693 0.727988 0.4997909
0.6227493 0.1226601 0.7727469
-0.5027803 -0.7780564 0.3766168
-0.5285691 -0.8175884 0.2283943
0.5412363 0.8366404 0.08423863
0.2227268 0.343785 0.9122525
-0.1151726 -0.1777714 0.9773089
0.5440636 0.8389409 0.01315452
-0.9213478 -0.1822526 0.343369
0.5941942 0.1176027 0.7956776
0.4189382 0.6457235 0.6383822
0.3403911 0.5245263 0.7803884
0.05889827 0.09047024 0.994156
-0.069292 -0.1063178 0.9919149
-0.5436515 -0.8310704 0.1173244
-0.1437332 -0.02862436 0.9892024
0.5166958 0.7898088 0.330496
-0.9561427 -0.1906538 0.2223561
0.9697441 0.1938708 0.1483591
0.8608695 0.1728409 0.4785705
0.5457212 0.8329454 0.09159907
-0.3132393 -0.06298909 0.947583
-0.9506392 -0.1913082 0.2443077
0.3633364 0.07322307 0.9287761
0.1088577 0.02199798 0.9938139
0.5415757 0.8243918 0.1645415
0.07735664 0.1177448 0.9900263
0.4173087 0.6339125 0.6511592
0.1991481 0.3014143 0.9324642
0.463216 0.7006906 0.5426449
-0.1859425 -0.2807571 0.9415948
-0.5506829 -0.1127914 0.8270589
-0.539193 -0.8138557 0.2165868
0.5448211 0.8218026 0.1667643
0.308198 0.463755 0.8306295
-0.9786752 -0.2009219 0.0427237
-0.5535512 -0.8323581 0.02758811
0.2630624 0.3954493 0.8800102
0.4741564 0.7109281 0.5193813
0.1679587 0.2511775 0.9532574
0.7959123 0.1644835 0.5826396
-0.8345267 -0.1724995 0.5232678
-0.6552514 -0.1355746 0.7431453
-0.06348282 -0.09487017 0.9934635
0.4769046 0.7122687 0.5150101
0.945814 0.1969523 0.2581581
-0.6816248 -0.1422257 0.7177461
0.02005844 0.02979971 0.9993546
-0.55156 -0.1154736 0.8261038
0.1667362 0.03496053 0.9853815
0.5554516 0.824398 0.1088181
0.928365 0.1952826 0.3162327
-0.5565251 -0.825326 0.09548221
-0.5412415 -0.8022437 0.2519179
-0.1203953 -0.1778039 0.9766733
-0.3029895 -0.4454554 0.8424766
-0.3875253 -0.5691137 0.7252129
0.4246394 0.6224928 0.6574071
0.8986278 0.1898016 0.3955292
-0.8542037 -0.1805697 0.4875762
0.8447773 0.1787357 0.5043855
-0.3437884 -0.503054 0.7929352
0.945895 0.2010961 0.2546429
-0.4552149 -0.09681851 0.885102
-0.6847935 -0.1460481 0.7139523
-0.379573 -0.5535639 0.7412768
0.05637595 0.01205119 0.9983369
-0.5609055 -0.8159552 0.1400079
0.2542341 0.3692265 0.8938885
0.3327673 0.4825003 0.8102218
0.8538561 0.1840851 0.4868701
-0.9464511 -0.2043039 0.2499803
0.06500801 0.01405814 0.9977857
-0.2388805 -0.05177405 0.9696677
0.4810368 0.6963307 0.5326605
0.5684164 0.8223935 0.02390983
-0.05877884 -0.0850248 0.9946436
-0.7395409 -0.1608702 0.6536055
0.3431561 0.07465518 0.9363068
-0.0195734 -0.02823907 0.9994096
0.1555713 0.2243861 0.9620023
0.2768711 0.3991238 0.8740953
0.2668621 0.384541 0.8836927
-0.9555559 -0.2088602 0.2080636
0.220874 0.3176751 0.9221156
0.3579856 0.5146437 0.7790945
-0.5806336 -0.1273057 0.8041504
-0.5115303 -0.7348794 0.4452965
0.6872785 0.1510347 0.7105186
-0.9152656 -0.2014087 0.3488887
0.2123205 0.04690083 0.9760739
0.02609202 0.03743954 0.9989582
0.4055277 0.08990252 0.909651
0.5495176 0.7875573 0.2788977
-0.9379305 -0.208552 0.2771147
0.7983394 0.1775588 0.5754364
-0.8268409 -0.1839895 0.5314903
-0.5343919 -0.7651445 0.3591367
-0.3320773 -0.07418898 0.9403301
0.1225093 0.1753464 0.9768547
0.5393715 0.1212316 0.8332955
0.02281809 0.03262157 0.9992073
-0.5491154 -0.7848936 0.2870788
0.8451234 0.1906671 0.4994121
-0.9293797 -0.2099618 0.3035942
-0.8629778 -0.1949638 0.4661099
-0.3871706 -0.5533307 0.7375121
-0.1795716 -0.2566174 0.949685
0.914109 0.2077396 0.3482083
0.2033873 0.04632351 0.9780019
-0.5747792 -0.8182903 0.005471678
-0.9691291 -0.2210469 0.1092107
-0.9683146 -0.2213756 0.115584
-0.4985371 -0.1139822 0.8593421
-0.5264793 -0.7480328 0.4040625
-0.941834 -0.2158233 0.2576219
0.5761436 0.8170116 0.02346554
-0.3818249 -0.5407318 0.7495458
0.9621533 0.2209723 0.1594752
-0.7918488 -0.1819449 0.5829851
0.4737644 0.6700687 0.5714501
-0.5267474 -0.1214152 0.8413059
0.6365036 0.1467912 0.757176
-0.5575079 -0.7884931 0.2597375
0.1776916 0.2512571 0.9514702
0.4586693 0.6481079 0.6079298
-0.6897293 -0.1600555 0.7061556
-0.9560013 -0.2219857 0.1917912
0.1073013 0.1513346 0.9826415
-0.3088648 -0.4352785 0.8456566
-0.0830728 -0.1170577 0.9896446
0.1223139 0.02861639 0.9920788
-0.1428909 -0.03344202 0.9891733
0.5026716 0.70694 0.4975511
0.1453204 0.2043182 0.9680579
-0.4180572 -0.09799062 0.9031202
0.3722238 0.08733352 0.9240251
-0.5374536 -0.1263865 0.8337686
0.5530932 0.7728541 0.3111019
-0.367903 -0.08684881 0.9257995
-0.5119556 -0.7150089 0.4760922
0.5546092 0.7739614 0.3056016
-0.2988636 -0.4163264 0.8586925
0.532093 0.7410762 0.4094913
0.9311314 0.2215557 0.289668
-0.9426791 -0.2243518 0.2470272
0.09866762 0.1373036 0.9856026
0.5094481 0.121956 0.8518153
0.3945065 0.5481601 0.7374857
-0.5717905 -0.7942807 0.2053626
0.5372834 0.1290198 0.8334749
0.4370029 0.1050132 0.8933088
-0.5486858 -0.7608458 0.3464932
0.3119899 0.07519934 0.9471048
-0.5410024 -0.7497182 0.3811025
-0.5750195 -0.7941911 0.1965019
0.567718 0.7825187 0.2556574
-0.4652565 -0.6412148 0.6102294
-0.5875428 -0.8089944 0.01792913
-0.4431902 -0.6102049 0.6566829
0.5633554 0.7741111 0.2887605
-0.004504787 -0.001098143 0.9999893
-0.007241477 -0.009928542 0.9999245
0.1492634 0.03650389 0.9881234
-0.9660596 -0.2362702 0.1044279
0.4732682 0.6475143 0.5972792
-0.4945076 -0.675423 0.5470522
-0.03980216 -0.05420532 0.9977362
0.5892811 0.8012806 0.1034268
-0.3755408 -0.5103999 0.7736027
-0.3023202 -0.07433388 0.9503036
0.626047 0.154183 0.7643905
0.5421848 0.7358426 0.4056738
0.955625 0.2361379 0.1761241
-0.5787722 -0.1430211 0.8028498
-0.4380271 -0.1082746 0.8924174
0.01222681 0.01659206 0.9997876
0.5407541 0.7329556 0.4127481
0.9465423 0.2350121 0.2209684
0.4453692 0.1106073 0.8884888
0.842497 0.2100377 0.4960675
0.1713761 0.232142 0.9574656
-0.2262873 -0.306484 0.9245873
-0.4645919 -0.6280613 0.6242543
-0.6002941 -0.1507587 0.7854418
0.3048218 0.4113989 0.858973
0.5957896 0.8004803 0.06531512
0.8073374 0.2041202 0.5536616
-0.5458376 -0.7317947 0.4080905
0.2396661 0.0607159 0.968955
0.9554303 0.2421864 0.1688158
0.8413857 0.2134892 0.49648
0.2180511 0.0555307 0.9743562
-0.4697534 -0.629406 0.6190152
0.9065838 0.2309866 0.353201
0.0342739 0.0458929 0.9983582
0.7268939 0.1853614 0.6612612
-0.4498223 -0.1147331 0.8857179
-0.2684714 -0.3593067 0.8937683
-0.6114165 -0.1565973 0.7756592
-0.8427038 -0.2161854 0.493066
-0.4180162 -0.5594266 0.7157544
0.5674348 0.1457895 0.8104092
0.8472878 0.2178656 0.4843943
-0.4522611 -0.1163769 0.8842603
0.2661079 0.06852118 0.9615048
0.9675881 0.2498928 0.03642555
-0.5473253 -0.7321234 0.4055001
-0.4370225 -0.583829 0.6842185
-0.3195832 -0.4265433 0.8461249
-0.6035582 -0.1564748 0.781814
-0.251457 -0.06521814 0.9656687
0.594898 0.7928253 0.1323795
0.3097798 0.4128082 0.8565196
-0.911607 -0.2380928 0.3350887
-0.7494202 -0.1964699 0.6322729
0.922241 0.2418611 0.3016201
-0.4841349 -0.6449952 0.5912652
0.9650545 0.2539338 0.06471106
-0.07158117 -0.01884844 0.9972567
-0.3560275 -0.09389836 0.929746
0.03640074 0.0484277 0.9981632
0.4499263 0.5971664 0.6640471
-0.902513 -0.2383716 0.3586771
-0.9661261 -0.2554466 0.03670561
0.8840874 0.2337957 0.4046345
-0.309724 -0.4101957 0.857794
0.4974442 0.6587224 0.5644768
-0.3709537 -0.09872186 0.9233891
0.8561029 0.2280199 0.4637829
-0.9464841 -0.2523703 0.201189
-0.1637674 -0.2162455 0.9625062
-0.5120256 -0.1366964 0.8480235
0.7909195 0.2112625 0.5742947
-0.8324819 -0.2226545 0.507345
-0.9660424 -0.2583771 0.001827362
0.5197455 0.6852272 0.5102237
-0.5940593 -0.7829552 0.1845934
0.4241388 0.114276 0.8983581
0.4820811 0.1299473 0.8664361
-0.5980064 -0.1615946 0.7850322
-0.4929845 -0.1332649 0.8597713
-0.3283309 -0.4321709 0.8398971
-0.4122429 -0.5403361 0.733548
-0.4725905 -0.6192759 0.6270213
0.5998923 0.7857695 0.1506502
-0.9649539 -0.2620228 0.01442378
0.5886009 0.7698828 0.2466364
-0.0582424 -0.07617244 0.9953922
0.9377244 0.2551818 0.2357014
0.1840572 0.2404061 0.9530624
-0.6080504 -0.7930018 0.03772015
0.08619855 0.02359669 0.9959985
-0.9643824 -0.2642312 0.01218998
0.9637855 0.2641924 0.03633025
-0.6848989 -0.1880776 0.7039462
-0.3806631 -0.1045692 0.9187823
-0.5045388 -0.6576854 0.5593662
-0.9397216 -0.2586885 0.2236148
-0.6681961 -0.1847406 0.7206836
0.9377182 0.2595301 0.2309299
-0.924425 -0.2559765 0.2826914
0.3094778 0.4028485 0.8613574
-0.7291378 -0.2024804 0.6537276
0.4373424 0.5689164 0.6964666
0.1934965 0.2512167 0.948393
0.6215665 0.1727472 0.7640769
0.609388 0.7910903 0.05312578
0.9216402 0.2566252 0.291072
-0.2834309 -0.3676029 0.8857398
0.9485393 0.2644995 0.1741071
-0.4734753 -0.6140016 0.6315245
-0.5840516 -0.7565899 0.2940331
-0.2788813 -0.078038 0.9571496
-0.3036105 -0.08501826 0.9489955
0.610873 0.7903456 0.04677534
-0.2178153 -0.2816292 0.9344739
-0.2421493 -0.3122457 0.918622
-0.5035906 -0.1426876 0.852078
-0.3300906 -0.4254746 0.8426219
-0.5289612 -0.1501029 0.8352659
-0.5677813 -0.1612027 0.807241
-0.5744876 -0.7388254 0.3522797
-0.614401 -0.7884706 0.02873037
-0.1596933 -0.2047029 0.9657094
0.3236629 0.4147247 0.8504386
0.154036 0.1958585 0.9684588
0.01964258 0.00561129 0.9997913
-0.8969642 -0.2564513 0.3601221
-0.1539016 -0.1956591 0.9685204
-0.524074 -0.6658874 0.5309805
0.573393 0.7263687 0.3789576
-0.112002 -0.03207586 0.9931902
-0.2429345 -0.3077153 0.9199424
0.937207 0.2685886 0.2224933
0.1067502 0.1349637 0.9850833
-0.5212233 -0.6581859 0.5432472
-0.3511885 -0.4433991 0.8246599
0.4667454 0.5892098 0.6595305
0.6917863 0.1989285 0.6941608
0.3557346 0.4487009 0.8198295
0.1954204 0.05631609 0.9791013
0.9497551 0.2745341 0.1503207
-0.954946 -0.2760635 0.1089361
0.8947626 0.2589435 0.3637969
-0.9047977 -0.262175 0.3355673
-0.8151261 -0.236467 0.5288221
-0.7516092 -0.2181044 0.6225063
0.2011539 0.05843198 0.9778153
0.1359738 0.03950826 0.9899244
-0.2481846 -0.3114883 0.9172674
0.4050977 0.5083176 0.7599402
0.6228318 0.7813354 0.03994442
-0.1282492 -0.03746708 0.991034
-0.3181055 -0.3985362 0.8602196
-0.23253 -0.2910914 0.9280063
-0.08742949 -0.1092066 0.9901667
0.2247069 0.2794773 0.9334877
0.1486719 0.18459 0.9715056
-0.9592379 -0.2824088 0.01039059
0.3552235 0.4402694 0.8246085
0.9306251 0.2753527 0.2410765
-0.429516 -0.5313094 0.7302235
-0.2872944 -0.3541647 0.8899603
0.9144598 0.2713264 0.300242
0.9501839 0.2821825 0.1323765
0.6283827 0.1867321 0.7551598
-0.6041453 -0.7446921 0.2836231
-0.4821623 -0.5940394 0.6439229
0.2334455 0.2876112 0.9288611
0.1397715 0.04180329 0.989301
-0.6281465 -0.7738597 0.08107461
-0.5025344 -0.6168533 0.605765
-0.06635007 -0.0199213 0.9975975
-0.517775 -0.1560931 0.8411563
0.281862 0.08497804 0.9556844
-0.42465 -0.1282319 0.8962304
-0.6044871 -0.7419076 0.2901181
0.3228574 0.09792164 0.9413684
0.05878053 0.01783475 0.9981116
-0.9207897 -0.2793942 0.2721859
0.575272 0.7050776 0.4146417
-0.9540893 -0.2904691 0.07308433
0.04233746 0.01289328 0.9990202
0.1504571 0.04584607 0.9875529
-0.1639342 -0.2007194 0.965835
-0.4332315 -0.5299655 0.7290041
0.5048058 0.6174588 0.6032544
-0.429875 -0.1317365 0.8932262
0.1067652 0.1303343 0.9857049
-0.124563 -0.03828852 0.9914727
-0.605483 -0.7383918 0.296931
0.02249373 0.006946178 0.9997228
-0.776484 -0.2398018 0.5827244
0.4992247 0.6077561 0.6175818
0.5453116 0.6637557 0.5119215
0.6048187 0.7361136 0.3038603
0.209827 0.06512576 0.9755672
-0.5048658 -0.6143194 0.6064011
-0.3955399 -0.4807889 0.7825536
-0.01854827 -0.00577103 0.9998113
0.02605852 0.03167139 0.9991586
0.6772532 0.2111023 0.7048149
0.4283654 0.5205222 0.7386202
-0.1295546 -0.157353 0.9790075
0.9541509 0.2989392 0.01521639
0.6907937 0.2166071 0.6898445
0.6327241 0.7683774 0.09621011
0.2374767 0.2880814 0.9276928
0.06559723 0.07939338 0.9946827
-0.3676003 -0.4444799 0.816889
0.3655171 0.115625 0.9235952
0.9450783 0.298972 0.1320714
0.3877263 0.4685539 0.7938045
-0.4110602 -0.4966841 0.7644177
-0.9476396 -0.3003387 0.1085163
0.6393452 0.7688318 0.01163305
0.298656 0.3588563 0.8843228
-0.311515 -0.09902088 0.9450679
-0.6375654 -0.764649 0.09392633
0.3226779 0.1031417 0.9408724
-0.287321 -0.3436914 0.8940486
-0.8747147 -0.2801989 0.3954274
-0.4921182 -0.5873479 0.6425279
-0.003044083 -0.0009789477 0.9999949
0.05019725 0.01617572 0.9986084
0.1404787 0.04528101 0.9890477
-0.1067955 -0.1272223 0.9861081
0.6192392 0.7365766 0.2720253
-0.4990094 -0.1617718 0.8513634
-0.322488 -0.3821889 0.8659868
-0.5624776 -0.1826349 0.8063891
-0.5431405 -0.6414146 0.5418354
-0.3676788 -0.4336006 0.8226802
0.9164577 0.2981513 0.2668543
-0.2682998 -0.315767 0.9101134
-0.2737272 -0.3220725 0.9062796
-0.5284996 -0.1726803 0.8311857
0.8105127 0.2648371 0.5224276
-0.4645818 -0.1518641 0.8724111
-0.5066543 -0.1658548 0.8460459
0.5911981 0.6949072 0.409376
0.9075646 0.2974609 0.2963839
0.5200814 0.6108357 0.5969883
0.814649 0.2670325 0.514821
-0.6217827 -0.7302099 0.2831604
0.4853197 0.1592512 0.8597115
-0.4800664 -0.5635419 0.6722774
0.6195689 0.7268676 0.2963071
0.7302218 0.240925 0.639321
-0.4167929 -0.1376357 0.8985211
-0.08069216 -0.09446957 0.9922521
0.2755402 0.09099787 0.9569728
0.3799857 0.4448496 0.8109992
0.5522562 0.6450984 0.5280731
-0.9402702 -0.312396 0.1352797
-0.6192772 -0.723074 0.3060387
-0.9455332 -0.3145218 0.08392292
-0.1576186 -0.184026 0.9702014
0.9065763 0.3022319 0.2945763
0.09794964 0.03265747 0.9946554
0.1493035 0.1740601 0.9733507
-0.1787947 -0.2077641 0.9616998
-0.1556097 -0.1807738 0.9711367
0.2047315 0.2377738 0.9494992
-0.922534 -0.3088049 0.231453
0.8013601 0.2682762 0.5346494
-0.5455003 -0.6329018 0.5494221
-0.6515349 -0.7557018 0.06646086
0.3298647 0.3825928 0.863025
-0.08128153 -0.09426539 0.9922234
-0.624532 -0.7242218 0.2923398
0.08809642 0.102131 0.9908624
-0.2173062 -0.07336916 0.9733422
-0.375369 -0.126744 0.9181688
0.652238 0.7551394 0.06595485
0.4974159 0.5753234 0.6492923
-0.414282 -0.477612 0.7747626
-0.4544387 -0.5232522 0.7208971
0.3988755 0.1366533 0.9067658
0.699037 0.2398764 0.6736516
-0.4780691 -0.5500353 0.6847709
-0.6433303 -0.740069 0.1960203
0.6563611 0.7542261 0.0182527
0.300534 0.3452336 0.8890968
0.515233 0.5912671 0.6204338
-0.449823 -0.5160392 0.7289464
-0.4474653 -0.1548256 0.8807973
-0.3771971 -0.1305143 0.9168906
0.4514539 0.1565075 0.8784616
-0.6408178 -0.7332103 0.2274978
-0.2233394 -0.07759175 0.9716476
-0.2717781 -0.09465504 0.9576936
-0.4800788 -0.5488258 0.6843352
-0.4395389 -0.5017893 0.744992
-0.6589302 -0.7520062 0.01725175
0.2071321 0.2361078 0.9493942
0.6714521 0.2346004 0.702933
0.6520917 0.7430934 0.1502955
-0.2347322 -0.2674694 0.9345378
-0.820733 -0.2883603 0.4931994
-0.6342626 -0.7224502 0.2752756
-0.2562179 -0.2912346 0.9217021
0.3348234 0.1182219 0.9348352
-0.7568371 -0.2675641 0.5963281
-0.4644463 -0.5274907 0.7113671
0.5953525 0.6754779 0.435069
0.320783 0.3624089 0.8750761
-0.9403004 -0.3331626 0.06955489
-0.8934003 -0.3165701 0.3187778
-0.5473096 -0.6176189 0.5648001
0.5504807 0.620773 0.5582221
-0.09769824 -0.1101564 0.9891009
0.2868378 0.3212134 0.902522
0.6187014 0.6920667 0.3718228
-0.3334486 -0.1190769 0.935218
0.4879018 0.1743698 0.8553053
0.8355619 0.2990215 0.460893
0.4383895 0.1568907 0.8849859
-0.3719242 -0.4156591 0.8299999
0.3253965 0.3632267 0.8730312
0.8575763 0.3082379 0.4117674
0.5167692 0.1869324 0.8354675
0.4941166 0.1787473 0.850822
-0.4250683 -0.4744819 0.7708333
0.1309126 0.1457406 0.9806231
-0.9360899 -0.3396583 0.09147666
0.00282645 0.003143942 0.9999911
0.3485639 0.3873408 0.8535047
-0.9379359 -0.3411369 0.06246424
0.1420081 0.1572573 0.9772941
0.9093564 0.3309084 0.2521321
0.6413698 0.7093498 0.2923486
-0.7161791 -0.2613538 0.6471335
-0.4149227 -0.1514418 0.8971647
-0.6030538 -0.6666699 0.438038
-0.2390069 -0.2638844 0.9344735
-0.9337575 -0.3412344 0.1079625
-0.01393376 -0.01536841 0.9997848
0.718185 0.2628325 0.6443053
-0.6611181 -0.2420939 0.7101502
-0.4622877 -0.5092934 0.7258859
0.4673138 0.5140321 0.7192975
-0.9267937 -0.3400174 0.1595041
0.09357506 0.03438243 0.9950184
0.05531152 0.06075818 0.9966188
0.7457346 0.2745976 0.6070223
0.1692413 0.1858276 0.9678974
0.4658797 0.1719054 0.8679888
0.1359917 0.149222 0.9794075
0.463403 0.1715065 0.8693925
0.5966492 0.6544213 0.4644809
0.8116444 0.3005545 0.5008996
-0.3988816 -0.1479558 0.9049876
-0.1635345 -0.1789595 0.9701701
-0.7127371 -0.2647354 0.6495545
0.4799154 0.5238317 0.7037624
0.8234069 0.3062181 0.4777359
0.65943 0.7194046 0.2181951
0.6101568 0.2272371 0.758994
0.5289177 0.5751306 0.624076
-0.3342431 -0.3633114 0.8696473
0.1650105 0.06156803 0.9843683
-0.5915121 -0.6417433 0.4881382
-0.4982648 -0.538507 0.6795162
0.2411111 0.09008437 0.9663075
0.6163437 0.6660545 0.4201093
0.8405504 0.3148291 0.4408601
-0.6744005 -0.7277334 0.1248523
-0.5006326 -0.1875356 0.845102
0.9267001 0.347348 0.1434441
-0.9012718 -0.3382711 0.270706
-0.9129616 -0.3429502 0.2211025
0.09413487 0.1015535 0.9903663
0.4257596 0.4583856 0.7801355
-0.5557833 -0.5976406 0.5778673
0.4528219 0.485805 0.7476268
0.5360225 0.2021839 0.819635
-0.5161074 -0.5530064 0.6540773
0.836543 0.3164675 0.447263
-0.4102971 -0.4382298 0.7997568
0.3810183 0.4064842 0.8304189
0.495323 0.1878633 0.8481524
0.1630328 0.1738652 0.9711803
0.3214697 0.3417766 0.8830889
0.09538403 0.1013955 0.990263
0.2714606 0.1033057 0.9568893
-0.5029632 -0.5338681 0.6797153
0.2334369 0.08908853 0.9682822
0.5727096 0.6074741 0.5504352
-0.6432437 -0.6821055 0.3478069
0.07509281 0.02870934 0.9967632
0.7293214 0.2788778 0.6247539
-0.8196635 -0.3134753 0.4794632
-0.2449058 -0.259278 0.9342356
-0.6866626 -0.7269472 0.006506077
0.2075174 0.07948786 0.9749965
-0.09045952 -0.09575053 0.9912865
-0.5241412 -0.2009955 0.8275729
-0.08978891 -0.09499127 0.9914205
-0.217657 -0.2299401 0.9485531
0.3615244 0.1388362 0.9219678
0.2004251 0.2115771 0.9565902
0.5454729 0.5745387 0.6102169
-0.7938889 -0.3053989 0.525806
0.8159276 0.3141235 0.4853747
0.680003 0.7158374 0.1586589
0.7096794 0.2735319 0.6492577
0.1317176 0.1382442 0.9816002
-0.6669068 -0.6999409 0.255574
-0.2821685 -0.1089558 0.9531577
-0.9041883 -0.3492054 0.2459657
-0.6422279 -0.2480851 0.7252566
-0.7818682 -0.302278 0.5452616
0.8646121 0.3344354 0.3749652
0.08556969 0.08967621 0.9922883
0.5765838 0.6037889 0.5504453
-0.7208378 -0.2792256 0.6343706
-0.5232788 -0.2035237 0.8275007
0.8203381 0.3190808 0.4745871
0.1127118 0.04400323 0.9926529
-0.4300346 -0.4502485 0.7825258
0.4604401 0.4818352 0.7455398
0.4627679 0.4840858 0.742635
0.9089059 0.3554226 0.2180937
0.5753006 0.225602 0.7862143
0.6910092 0.7225664 0.02010368
-0.1065232 -0.04178911 0.9934317
0.9070943 0.356233 0.2242274
0.1000088 0.1045271 0.9894809
-0.6702269 -0.7000126 0.2465326
0.2942798 0.3061762 0.9053483
-0.6574571 -0.6833877 0.3173822
-0.005888511 -0.002332425 0.9999799
-0.6686843 -0.2649406 0.6947429
-0.2403081 -0.09522041 0.966015
0.5949337 0.2364022 0.7682238
-0.5096494 -0.2025835 0.8361922
0.8521177 0.3390371 0.3986845
-0.3741649 -0.3887073 0.8419663
-0.6422766 -0.2559833 0.7224634
-0.8081384 -0.3222797 0.4929991
-0.09003994 -0.09342676 0.9915464
-0.5105776 -0.5295831 0.6773864
-0.4044023 -0.4194226 0.8127383
0.2389317 0.09540863 0.9663379
-0.9093117 -0.363488 0.2025555
0.924661 0.3700247 0.08990996
0.442369 0.4582153 0.77094
-0.5707543 -0.2288418 0.7885879
0.168188 0.1737328 0.9703245
-0.5399354 -0.2170454 0.8132411
0.6593992 0.2652404 0.7034488
0.05191747 0.05358668 0.9972126
-0.8113489 -0.3267573 0.4847089
0.4392827 0.4531797 0.7756667
0.6622416 0.682453 0.3093442
0.7967872 0.3212366 0.511798
-0.6053929 -0.6228496 0.4955378
-0.6774948 -0.2732694 0.6828797
0.8935238 0.3605428 0.2676267
-0.7417497 -0.2994118 0.6001332
-0.2791813 -0.1126987 0.953602
-0.001062597 -0.0004289628 0.9999993
0.1842012 0.1894094 0.9644657
0.2916314 0.1179916 0.9492255
0.9117358 0.3695243 0.1794147
0.2456562 0.0995649 0.9642302
-0.3518817 -0.3607627 0.86373
-0.9161668 -0.3728895 0.1469418
-0.5499654 -0.5633755 0.6165598
0.6981697 0.7147779 0.04064099
0.5300125 0.5414197 0.6526495
-0.2738667 -0.1116376 0.9552665
0.6871966 0.7009135 0.1910002
-0.4375587 -0.4457411 0.7809335
0.6539451 0.6656595 0.3595182
0.08668686 0.0354016 0.9956064
0.4933244 0.501919 0.7104284
-0.5815174 -0.5903269 0.5597783
-0.5121497 -0.2092598 0.8330144
-0.1386806 -0.05667097 0.9887144
-0.9143362 -0.3739137 0.1554921
-0.6350362 -0.6445353 0.4257973
-0.7454569 -0.3055186 0.5924124
0.676931 0.6869226 0.2643895
-0.3138635 -0.318333 0.8945132
0.9240155 0.379757 0.0444963
0.9139122 0.3756861 0.1537027
-0.7119726 -0.2935217 0.6379185
-0.9083433 -0.3750985 0.1849694
0.5832217 0.5913967 0.5568683
0.09009624 0.09132667 0.9917369
0.337679 0.3415111 0.877122
-0.6413515 -0.6474292 0.4117083
0.3357342 0.3382995 0.8791109
-0.5594587 -0.2317645 0.7957959
-0.9231172 -0.383222 0.03155176
0.4829549 0.4864515 0.7280931
0.3185213 0.132535 0.9386047
-0.6325896 -0.6367617 0.4408685
0.05881007 0.05904035 0.9965218
0.8814508 0.3679749 0.2960389
0.5015941 0.5033964 0.7035591
-0.1273872 -0.0534069 0.9904141
0.7036799 0.7059622 0.08032448
-0.3419432 -0.3422738 0.8751706
-0.2725511 -0.1145566 0.9552972
-0.7006222 -0.7006141 0.1351608
-0.07716782 -0.03248793 0.9964887
-0.5811375 -0.5808315 0.5700123
0.6840538 0.6835339 0.2546602
-0.2068933 -0.2058051 0.9564724
-0.04266555 -0.01802463 0.9989268
0.6170838 0.6133712 0.4929334
-0.416253 -0.1762009 0.8920127
0.1262481 0.05345024 0.9905577
0.04862763 0.0206 0.9986045
0.6677021 0.2831231 0.6884876
0.5786922 0.575201 0.5781516
-0.4497183 -0.4465309 0.7735397
0.4130715 0.4094699 0.8134533
0.6359776 0.2702151 0.7228529
-0.1488045 -0.06328227 0.9868397
-0.07641349 -0.07564797 0.9942024
0.4202507 0.4156095 0.8066338
0.8206106 0.3493338 0.4522878
-0.9034871 -0.3846288 0.189134
-0.5752366 -0.5685501 0.5880933
-0.5065351 -0.5006463 0.7019797
0.5272079 0.5209792 0.6712917
0.1410374 0.06023024 0.9881704
0.07845645 0.0775271 0.9938985
-0.2900603 -0.2864744 0.9131251
-0.8963302 -0.3844426 0.2208983
-0.7824495 -0.3359907 0.5242928
0.1710326 0.07353646 0.9825173
0.01270338 0.005470228 0.9999043
-0.1887673 -0.1864241 0.9641644
-0.3121294 -0.134628 0.9404523
0.2709832 0.2669844 0.9248175
-0.6871042 -0.6761631 0.2658783
-0.2271702 -0.09813438 0.968898
0.9036574 0.3907209 0.1753294
-0.905086 -0.3913908 0.1662302
-0.6872993 -0.6755859 0.2668399
-0.4979422 -0.2157233 0.8399506
-0.4362483 -0.189124 0.879727
0.6784626 0.66664 0.3086737
0.4312042 0.4218032 0.797587
0.6657371 0.2904089 0.6873549
-0.5424345 -0.2367401 0.8060515
-0.4469953 -0.1952643 0.8729646
-0.9119028 -0.3985362 0.09799092
0.03079881 0.01346979 0.9994348
0.4778049 0.4668991 0.7441154
-0.08933645 -0.08724938 0.9921727
0.4941375 0.4825371 0.7231779
-0.5586092 -0.5454603 0.624843
-0.5340239 -0.5213322 0.6656059
-0.5875772 -0.2581945 0.7668694
-0.4422395 -0.1945454 0.8755434
-0.1455817 -0.1420864 0.9790901
-0.5433478 -0.5299552 0.6510919
-0.7160279 -0.697621 0.02507984
-0.3329756 -0.1469932 0.9314077
-0.07295341 -0.07100971 0.9948042
-0.1874359 -0.08282774 0.9787785
-0.8865051 -0.3917475 0.2462574
-0.1706765 -0.1657018 0.9712942
-0.01554177 -0.006874346 0.9998556
0.6236732 0.2763282 0.7312143
0.0701331 0.06806061 0.9952131
0.7105108 0.6878918 0.1482539
-0.1996062 -0.1932362 0.9606337
0.912098 0.4054694 0.06059524
-0.9093487 -0.4045358 0.0971379
-0.08854515 -0.08570221 0.9923784
0.2072966 0.2003321 0.9575464
0.545579 0.5268052 0.651782
-0.6977473 -0.6737168 0.2434223
0.09580412 0.09246092 0.9910966
0.9034716 0.404033 0.1431654
-0.2605703 -0.251454 0.9321341
-0.9124873 -0.4083823 0.02430679
-0.5238422 -0.5053622 0.6857102
0.6332343 0.6099873 0.4763716
-0.4001797 -0.3854217 0.8314483
0.2711465 0.1216676 0.9548175
-0.2098468 -0.2019408 0.9566526
-0.6166297 -0.2771501 0.7368552
-0.3950992 -0.1777615 0.9012755
0.3987991 0.3836657 0.8329225
0.1335998 0.06017083 0.989207
-0.07256349 -0.03273869 0.9968264
-0.6974425 -0.6701383 0.2539462
0.3928269 0.1775794 0.9023041
-0.3752449 -0.169921 0.9112179
0.8791177 0.3987048 0.2611255
-0.4333642 -0.4161344 0.799392
0.7180762 0.3260168 0.6148818
-0.3021325 -0.1371922 0.943342
-0.7194309 -0.689447 0.08415493
0.2143169 0.2053727 0.9549295
0.9029402 0.410816 0.1262109
0.7221433 0.6915613 0.01587602
-0.6600913 -0.3009221 0.6882771
-0.6527758 -0.2975884 0.6966526
-0.6691157 -0.6394786 0.3786176
0.9072582 0.4143371 0.07216246
0.9010774 0.4119775 0.1354029
0.4221764 0.1931792 0.8856912
-0.6510455 -0.2992693 0.6975512
-0.5062188 -0.2328626 0.8303719
0.2455316 0.2343354 0.9406387
0.8393727 0.3864096 0.3822841
0.3411868 0.3245836 0.8821774
0.3302799 0.3140683 0.890099
-0.5985577 -0.568314 0.5645776
-0.8208089 -0.3785393 0.4277624
0.5130873 0.2368389 0.8250144
0.5443035 0.2512766 0.800371
-0.6369092 -0.2946954 0.7123912
-0.1086804 -0.1031572 0.9887099
0.7204329 0.3345864 0.6074771
-0.5765688 -0.5467772 0.6071269
-0.4397267 -0.4166096 0.7956613
-0.01953572 -0.009087306 0.9997678
0.8595447 0.4003698 0.317627
-0.7617693 -0.355961 0.5412942
-0.6054068 -0.2830282 0.7438936
-0.7807907 -0.3661958 0.5062277
0.7133318 0.6741737 0.1914357
-0.3613623 -0.3414478 0.8676582
-0.1593847 -0.1504927 0.9756784
0.9031157 0.4239351 0.06827133
0.270689 0.1272332 0.9542218
-0.8891439 -0.4182068 0.185812
0.6592976 0.3103105 0.6848606
0.3728713 0.3513208 0.8588019
0.7231019 0.6804861 0.1185845
0.685436 0.6435395 0.3406382
0.6890292 0.6458392 0.3288319
0.4581942 0.4284637 0.7787663
0.2750258 0.257155 0.9264082
0.6156901 0.5754465 0.5383188
0.8056979 0.3822127 0.4525089
0.6568224 0.6136905 0.4381418
-0.7841101 -0.3721227 0.4966851
0.1416946 0.1323857 0.9810182
0.0437474 0.02080653 0.998826
-0.5919009 -0.552804 0.5865672
-0.8350844 -0.3974957 0.380304
-0.6429872 -0.5988138 0.4774825
-0.2067692 -0.09877957 0.9733905
0.8994947 0.4297555 0.07886333
0.4508616 0.2157263 0.8661327
0.4294423 0.3998462 0.8097545
0.4942056 0.2371511 0.8363732
-0.3290024 -0.1579925 0.9310187
-0.8654968 -0.4157263 0.2794405
-0.7853341 -0.3790074 0.4894935
-0.7251434 -0.6737614 0.1421712
-0.8307441 -0.4013637 0.3857088
0.8970149 0.4337657 0.08492044
0.5080969 0.4718823 0.7205308
-0.2584072 -0.2388982 0.9360306
0.7290261 0.6729944 0.124898
0.7191681 0.6629866 0.2079569
-0.7220795 -0.6652331 0.1899112
-0.6400825 -0.310088 0.7029508
0.2460164 0.2265693 0.942413
-0.8659179 -0.4197591 0.2720083
0.8073652 0.3915882 0.4413843
0.8976928 0.4357558 0.06530371
0.6568165 0.3190052 0.6832479
0.8992307 0.4373336 0.01111571
0.7304229 0.671055 0.1271522
0.7283536 0.669072 0.147796
-0.898784 -0.4378915 0.02093545
0.7600834 0.3704619 0.5338831
0.8921846 0.4349512 0.1217543
0.5041117 0.4628731 0.7291227
-0.8377662 -0.4089414 0.3618213
-0.8832412 -0.4311908 0.1842805
-0.276365 -0.2530222 0.9271473
-0.5720951 -0.5232294 0.6316155
0.2512175 0.2294644 0.9403381
-0.6112375 -0.2996661 0.7325222
0.1022504 0.05017859 0.9934923
-0.7328881 -0.6678772 0.1296729
-0.5500616 -0.2706508 0.7900509
0.8753137 0.4309552 0.2193251
0.576965 0.5255629 0.625216
-0.8186229 -0.4036551 0.4085573
0.5779809 0.5261136 0.6238129
-0.4682049 -0.4243942 0.7750314
0.5383933 0.4880011 0.6870136
0.1074089 0.09733063 0.9894392
0.3162222 0.1563375 0.9357148
0.5797392 0.524471 0.6235645
0.7086704 0.6396858 0.2976379
-0.0726155 -0.06535614 0.9952164
0.3822011 0.1895089 0.9044383
0.6529658 0.3238556 0.6846555
-0.8583643 -0.4259187 0.286014
0.2543876 0.2281435 0.9398071
-0.478729 -0.4265775 0.7673658
0.5556191 0.4940903 0.6687019
-0.6980969 -0.6198583 0.3583803
0.7399316 0.6566843 0.1458317
0.859883 0.4287429 0.2770935
0.7285509 0.3632758 0.5807274
-0.1322868 -0.1171004 0.9842702
0.526543 0.466085 0.7109975
-0.5342215 -0.4724267 0.7010139
0.2200211 0.1945294 0.9559022
0.7796798 0.3904271 0.4895569
0.3460493 0.3059546 0.8869282
0.3548035 0.1781843 0.9178044
0.7159104 0.6327387 0.2951508
0.4904516 0.4333595 0.7560799
-0.7204473 -0.6358449 0.2768698
-0.634452 -0.5599273 0.5328715
-0.6979071 -0.6140863 0.3685426
0.8170047 0.4119734 0.4034617
0.5919608 0.2987832 0.7485392
-0.7388061 -0.3729834 0.5612922
-0.8610772 -0.4348132 0.2635973
-0.2847698 -0.1438489 0.9477413
-0.6010827 -0.3037298 0.739221
-0.7823303 -0.3956774 0.4810392
0.5585233 0.2826651 0.7798411
0.71856 0.3636886 0.5927917
0.7422381 0.6528812 0.1510919
-0.5211913 -0.458281 0.7199571
-0.3934055 -0.1991824 0.8975291
0.6007249 0.3042718 0.739289
0.09743774 0.08566505 0.991548
-0.4426828 -0.3891869 0.8078153
-0.8907788 -0.4532821 0.03237847
-0.712433 -0.3625872 0.6008075
-0.5975802 -0.5240285 0.6068707
0.1479975 0.1297306 0.9804421
0.2878534 0.1470238 0.9463215
-0.5708475 -0.2922345 0.7672889
-0.7303793 -0.639781 0.2392203
0.6767356 0.3475365 0.6490356
0.7191201 0.6285962 0.2961976
0.6608806 0.5773203 0.4795186
0.4438225 0.3876532 0.8079273
-0.6804934 -0.5940846 0.4289432
-0.4343851 -0.2240945 0.8724055
0.3512302 0.3059972 0.8848746
0.7138316 0.6216108 0.3225592
-0.6246592 -0.5435485 0.5606746
-0.128372 -0.1115799 0.9854291
0.1812445 0.1573336 0.9707711
-0.3595005 -0.1864568 0.9143267
0.3758098 0.3257227 0.8675665
0.5364736 0.2787332 0.7965575
0.1896607 0.1642378 0.9680159
-0.6988255 -0.6032612 0.384342
0.2011935 0.1046301 0.9739475
-0.6546524 -0.5648842 0.5023306
0.6935298 0.5976689 0.4022538
0.5354924 0.460964 0.707644
-0.8540142 -0.445189 0.2691962
0.6110462 0.5256637 0.5918617
-0.6008549 -0.3141301 0.7350481
0.7097146 0.6103748 0.351778
-0.5983769 -0.5145041 0.614191
-0.187295 -0.09800962 0.977402
0.8194168 0.4290547 0.3800896
0.08733591 0.07505651 0.9933473
0.8529455 0.4475699 0.2686357
0.7503719 0.6448562 0.1452668
0.8285484 0.4350881 0.3524287
0.7250412 0.6229113 0.293763
-0.4527462 -0.3887945 0.8024087
-0.1834163 -0.1575051 0.9703353
-0.8028088 -0.4230032 0.420198
0.4552632 0.3903352 0.8002336
0.5042012 0.2659827 0.8216048
0.2167124 0.1854194 0.9584651
-0.2504869 -0.2142936 0.9441052
-0.8544722 -0.4522025 0.255715
0.743387 0.6359203 0.207319
0.871833 0.4616345 0.1637094
0.1717772 0.1464795 0.9741849
-0.6809893 -0.36095 0.6371567
0.8811255 0.4672924 0.07249586
0.8478978 0.4497058 0.280774
0.699252 0.5954678 0.3955562
-0.7063168 -0.6007851 0.3743978
0.8454095 0.4496978 0.2881923
-0.72062 -0.6126626 0.3245787
-0.3193362 -0.1700621 0.9322571
-0.4408453 -0.3745563 0.8156979
-0.8127951 -0.433982 0.3886177
0.7039692 0.5978906 0.383346
0.599952 0.3206917 0.7329491
-0.7913171 -0.4249417 0.4395927
-0.5952936 -0.3197567 0.7371439
-0.7465637 -0.6339512 0.2018623
0.6829474 0.3670943 0.6315256
0.7582755 0.6432377 0.1061298
-0.4919667 -0.4169749 0.7642648
0.553773 0.4692054 0.6878821
0.157391 0.1330991 0.9785258
0.6229835 0.5261042 0.5788833
0.7631183 0.6442 0.05154485
0.7405526 0.6246557 0.2477642
-0.6287982 -0.5294586 0.5694615
0.8456343 0.4567975 0.2761133
-0.4793853 -0.2591309 0.8384753
0.6521711 0.5486569 0.5231141
0.8113314 0.4391393 0.3858731
-0.6468167 -0.5440821 0.5344182
-0.8604606 -0.4661766 0.2056375
0.7080649 0.5946498 0.3808356
-0.7035398 -0.5899584 0.3962081
0.02196375 0.01190337 0.9996879
0.6120618 0.3321676 0.7176664
-0.4955723 -0.4150493 0.7629824
-0.3145691 -0.2633601 0.9119692
-0.5973877 -0.4998292 0.6271353
-0.7507606 -0.4092196 0.5185536
0.8393345 0.4575211 0.2935848
-0.7655237 -0.6393867 0.07182016
0.5997794 0.4987161 0.6257371
0.6013272 0.4982897 0.6245902
-0.7372707 -0.4022702 0.5427805
0.187357 0.1542702 0.9701021
-0.255194 -0.210062 0.9437955
0.806426 0.4411722 0.3937563
-0.6938607 -0.5704769 0.4394469
0.4333222 0.3558189 0.8280246
0.7357789 0.4030859 0.5441977
0.1024719 0.05613977 0.9931505
-0.2172017 -0.1190379 0.9688413
0.6609438 0.3623175 0.6571753
-0.04963192 -0.04065397 0.9979398
-0.8425793 -0.4629739 0.2751641
0.4205796 0.231274 0.8772829
-0.8283027 -0.4555791 0.3261324
0.04334376 0.03534758 0.9984347
-0.8436071 -0.4643775 0.2695932
0.41827 0.3410333 0.8418708
0.4100152 0.2263497 0.8835459
-0.7663876 -0.6213586 0.1629829
0.7398843 0.5997084 0.3048294
0.8741228 0.4831907 0.04935729
0.5603579 0.453446 0.6930987
-0.8732292 -0.4831964 0.0631827
-0.1888402 -0.1520571 0.9701639
-0.7176659 -0.3978667 0.5715398
0.3788322 0.3050278 0.873753
0.2776608 0.1541294 0.9482344
-0.6880336 -0.553678 0.4690954
-0.698216 -0.5601916 0.445735
-0.8495657 -0.473638 0.2321747
0.8700213 0.4858891 0.08351449
-0.8409819 -0.4699148 0.2681968
-0.6188217 -0.4964106 0.6087989
-0.2146099 -0.1719019 0.9614533
-0.7802978 -0.6242247 0.03845587
0.7354051 0.5877712 0.3372007
0.2798305 0.1572272 0.9470873
0.8670593 0.4872706 0.1038055
-0.3081389 -0.2458316 0.9190306
-0.2302073 -0.12938 0.9645027
-0.7145933 -0.5686362 0.4074424
-0.7672702 -0.6102756 0.1971298
-0.06588002 -0.03709272 0.9971379
0.2741156 0.2176716 0.9367388
-0.8470211 -0.477001 0.2345748
-0.02758688 -0.01553687 0.9994987
-0.1679952 -0.1331064 0.9767601
-0.02984029 -0.01684006 0.9994128
0.3802971 0.2150329 0.8995193
-0.8400698 -0.4753907 0.2613166
0.8679191 0.4915626 0.07129258
-0.5925972 -0.3357475 0.73219
0.3592041 0.284521 0.8888308
0.7381418 0.5838655 0.3380057
0.2075754 0.1640723 0.9643613
0.646576 0.3677768 0.6683409
0.8257217 0.4699364 0.3119991
-0.1690716 -0.1336269 0.9765033
0.5570178 0.4400276 0.7043486
-0.211492 -0.1205442 0.9699177
0.6122847 0.4829127 0.6260214
0.509142 0.2907423 0.8100885
0.8199148 0.4689164 0.3284163
-0.5381251 -0.3080329 0.7845618
-0.6146185 -0.484216 0.622719
0.2626649 0.1505078 0.9530764
0.4705912 0.2699048 0.8400567
0.2702211 0.1550276 0.9502352
-0.2536551 -0.1994195 0.9465151
-0.7383996 -0.5802756 0.3435786
-0.7874638 -0.6158831 0.0242632
0.8266798 0.4757251 0.3004764
0.7773005 0.4475222 0.4421853
-0.5522915 -0.3181718 0.7705458
-0.2936947 -0.169199 0.9408056
-0.8663124 -0.4995022 0.0005050608
-0.3534591 -0.2764331 0.8936729
-0.5003007 -0.3907438 0.7726697
-0.8100983 -0.4687171 0.3522003
0.7830513 0.6090061 0.126263
0.08392671 0.04862187 0.995285
0.374153 0.2908091 0.8805905
0.2216094 0.1287593 0.9665973
0.7479151 0.4348247 0.501548
0.5228212 0.3040715 0.7963658
-0.1029899 -0.05995141 0.9928741
-0.8419322 -0.4903156 0.2252571
-0.8515608 -0.4962254 0.1691291
0.1469542 0.1140409 0.9825473
-0.7889125 -0.6121995 0.0531852
0.7652703 0.5933107 0.2496874
-0.5798661 -0.3385205 0.7410527
0.815426 0.4761843 0.3291336
-0.2817952 -0.2184124 0.9342845
-0.7543123 -0.4406676 0.4866467
0.6427701 0.4979272 0.5821642
-0.8299562 -0.4856871 0.2743731
-0.6993694 -0.4093949 0.5858995
0.5066466 0.2965865 0.8095343
-0.5860525 -0.4538885 0.6712135
-0.03026807 -0.01776945 0.9993839
-0.4114794 -0.3181155 0.8541002
0.7630921 0.5894848 0.2649494
-0.6866962 -0.5303828 0.4971343
0.8525693 0.5012135 0.1480221
0.7633986 0.588912 0.26534
-0.6206671 -0.4783816 0.6212273
0.8480427 0.4989213 0.178609
-0.3380625 -0.1989914 0.9198458
0.7604521 0.4478762 0.4702334
0.8159968 0.4807791 0.3209373
-0.09674016 -0.05706672 0.9936724
0.6284649 0.4827677 0.6098912
0.7268169 0.5571885 0.4015945
-0.5578121 -0.329723 0.7616616
-0.799387 -0.4727421 0.3708037
-0.2074392 -0.1584234 0.9653347
-0.594623 -0.4539663 0.6635798
-0.002894287 -0.002208999 0.9999934
-0.07745399 -0.04588148 0.9959396
-0.7029936 -0.4166622 0.5763615
-0.2036229 -0.1207117 0.9715793
0.06322965 0.03748727 0.9972947
0.8574063 0.5108431 0.06240069
-0.8571786 -0.5108384 0.06549028
-0.6416582 -0.3824794 0.6648189
-0.6561069 -0.4999198 0.5653353
0.3313433 0.2519371 0.9092521
0.472415 0.3589467 0.8049729
-0.7931383 -0.6016636 0.09451275
-0.8583317 -0.513091 0.002087255
-0.7473665 -0.4472671 0.49132
-0.732263 -0.4383326 0.5212058
-0.5676168 -0.429952 0.7021058
0.647176 0.4898911 0.5840975
-0.369921 -0.2215431 0.9022622
-0.8553976 -0.5134218 0.0685048
0.5400191 0.3247823 0.7764636
0.7964781 0.6027911 0.04759769
-0.6182691 -0.4676136 0.6317284
0.304279 0.2300807 0.9243793
0.7954242 0.6004397 0.08229537
-0.8546307 -0.5149198 0.06681321
0.8392446 0.506009 0.199056
-0.4369855 -0.329789 0.8368291
-0.7505236 -0.5662009 0.3407797
-0.7758732 -0.583867 0.2389982
0.2552935 0.1916103 0.947687
-0.002927196 -0.001774933 0.9999942
-0.3966099 -0.2966511 0.8687339
-0.2871256 -0.2141361 0.9336512
-0.4169919 -0.2537748 0.8727635
-0.53811 -0.3999524 0.7419405
-0.1383287 -0.1027818 0.9850386
0.7003664 0.515453 0.4937561
0.4740109 0.3482625 0.8087193
-0.5927318 -0.3630279 0.7189435
0.7623292 0.5596812 0.3249788
-0.06634315 -0.04854886 0.9966151
-0.8046409 -0.493639 0.32996
-0.8205258 -0.5036104 0.2703962
-0.104023 -0.06389101 0.9925206
-0.7970571 -0.5831375 0.1570052
-0.05833309 -0.03589183 0.9976518
-0.5526519 -0.4041424 0.7288654
0.2489989 0.180255 0.9515817
-0.5435091 -0.335793 0.769312
0.5953583 0.4308942 0.6781436
-0.7369883 -0.5329418 0.4157179
0.8003618 0.57822 0.1583755
0.671262 0.4158047 0.6136072
0.4553751 0.3289746 0.8272903
-0.6587569 -0.4749924 0.5834566
-0.02711472 -0.01954259 0.9994413
-0.7774548 -0.4845326 0.4009891
0.3618822 0.2255401 0.9045292
0.2776583 0.1730718 0.9449614
0.3135214 0.1954328 0.9292526
-0.6250942 -0.4502501 0.6375987
-0.6362559 -0.3971096 0.6614246
0.03827646 0.0238975 0.9989814
0.7692179 0.5536487 0.319025
-0.19197 -0.1199052 0.9740484
0.7815926 0.5616335 0.2714421
0.8476218 0.5300807 0.02348794
0.4854232 0.348614 0.8017684
0.74669 0.5344739 0.3959693
0.06280458 0.03929112 0.9972521
0.8370158 0.5238414 0.158097
-0.7915412 -0.4961999 0.3567188
-0.191061 -0.1202419 0.9741856
0.7847899 0.4939596 0.3743109
-0.3873631 -0.2438765 0.8890861
-0.6594595 -0.4153978 0.6265444
-0.8410267 -0.5297861 0.1095479
0.7584123 0.5410874 0.3633664
0.009377992 0.006679366 0.9999337
0.8113779 0.5776662 0.0892617
0.8230343 0.5191764 0.2303701
0.263746 0.1877235 0.946149
0.69353 0.4383138 0.5717492
-0.8088152 -0.5747024 0.1246399
0.7143074 0.5073528 0.4820354
-0.8113699 -0.5759532 0.09978388
-0.8048987 -0.5709467 0.1617343
0.632203 0.4008707 0.66304
0.7426751 0.5256763 0.4148472
0.355118 0.2252789 0.907271
0.6707516 0.4261544 0.6070294
-0.3812103 -0.2423614 0.8921545
0.8225312 0.5230911 0.2231998
0.5284596 0.3739018 0.7621862
-0.6803172 -0.4329678 0.5913606
0.8091837 0.572329 0.1328956
-0.685201 -0.4820032 0.5460517
-0.08779112 -0.05598489 0.9945644
-0.07620309 -0.05356822 0.9956523
0.04423495 0.02822288 0.9986224
-0.2392204 -0.1679084 0.956337
-0.8185393 -0.5723145 0.0494918
-0.7987702 -0.5099663 0.3192186
0.7009799 0.4898793 0.5183102
0.7801284 0.4986494 0.3778206
0.4778072 0.3054099 0.8236656
-0.5968835 -0.3816584 0.7057386
0.8133971 0.5671478 0.1293387
0.5089412 0.3544135 0.7844552
0.4616742 0.2955689 0.8363587
0.3274462 0.2096826 0.9213101
0.7588844 0.4860564 0.4334092
-0.2916973 -0.186906 0.9380719
0.7730011 0.4953977 0.396296
-0.2456257 -0.1709931 0.9541642
0.5487333 0.3818564 0.7436917
-0.7667766 -0.491716 0.4126365
-0.6749185 -0.432943 0.5975327
0.4680479 0.3003227 0.8311061
-0.7787806 -0.5417503 0.3162394
0.1114484 0.07154381 0.9911916
0.7204115 0.462725 0.5166167
-0.6928689 -0.4813097 0.5369112
-0.5473273 -0.3800357 0.7456579
-0.7936285 -0.5114551 0.3294959
0.4583167 0.3177433 0.8300512
0.1514674 0.1048412 0.9828866
0.5880991 0.3809184 0.7134708
0.8161365 0.5630773 0.1298661
0.2272987 0.1474482 0.9625977
-0.1861892 -0.1208793 0.9750496
0.7771119 0.5049453 0.3756691
0.8225439 0.5669106 0.0450996
0.4769316 0.3100448 0.8224406
0.04764376 0.03281812 0.9983251
-0.3964411 -0.2580573 0.8810453
0.1027062 0.06688911 0.9924602
-0.4153455 -0.2859565 0.8635491
-0.7874901 -0.5418777 0.2936457
-0.708757 -0.4623933 0.5327814
0.4904899 0.3200944 0.8105302
-0.2886713 -0.1983563 0.9366556
0.7523169 0.4913875 0.4388138
0.8099351 0.5554177 0.1884578
0.767202 0.501608 0.399738
0.1800205 0.1234323 0.9758878
-0.3570799 -0.2446155 0.901475
-0.7117603 -0.4666882 0.5249757
0.7242411 0.4957685 0.4792581
-0.5652442 -0.371126 0.7367256
-0.780257 -0.5128145 0.3580786
0.7923625 0.5207844 0.317719
0.6274182 0.4294615 0.6495454
0.7947488 0.522979 0.3080053
-0.7732379 -0.508962 0.3782339
0.2197805 0.1447101 0.9647567
-0.7583308 -0.5187412 0.3947683
0.8173972 0.5390943 0.2030742
0.07205071 0.04757731 0.9962656
-0.686482 -0.468972 0.5557048
-0.8247296 -0.5632933 0.05021729
-0.3030881 -0.2068654 0.9302388
-0.5403835 -0.3679867 0.7566845
-0.4236851 -0.2883315 0.8586943
0.4695979 0.3110406 0.8262757
0.5347344 0.3636276 0.7627805
0.0800842 0.05440433 0.9953023
-0.816834 -0.5540257 0.1607413
-0.3516102 -0.2379789 0.9053929
-0.8318496 -0.5516476 0.06091874
0.7963496 0.5281814 0.2947061
0.1349836 0.08956836 0.9867913
0.4999318 0.338041 0.7973685
0.2127145 0.1434609 0.9665255
-0.8106933 -0.5388496 0.2289485
0.6379794 0.424594 0.642419
-0.8284194 -0.5569313 0.05957119
-0.6255674 -0.4164038 0.6597524
-0.2284047 -0.1533859 0.9614074
0.6236978 0.4185937 0.6601366
0.04567708 0.03064477 0.9984861
0.1934132 0.1292566 0.9725657
0.8307198 0.5564191 0.01738881
0.2504696 0.1677612 0.9534785
0.7038576 0.4707084 0.5319945
-0.3520514 -0.2356883 0.9058205
0.5624644 0.0001656688 0.8268214
0.9461969 0.0007537488 0.3235907
0.5072298 0.0006481774 0.8618106
-0.5995399 -0.0008085488 0.8003444
-0.3497225 -0.0004904809 0.9368532
0.6395712 0.001119536 0.768731
-0.2807005 -0.0007130688 0.9597951
-0.9242771 -0.002355436 0.381715
0.6214955 0.002004892 0.7834152
-0.2057167 -0.0007070439 0.9786114
0.2175696 0.000776975 0.9760445
-0.03154418 -0.0001138492 0.9995024
-0.2437586 -0.0009253435 0.9698355
0.7985088 0.003101027 0.6019752
-0.3162684 -0.001384247 0.9486687
0.3932399 0.001828242 0.9194341
0.5303994 0.002928903 0.8477429
0.8056996 0.005576165 0.5922981
0.9993317 0.007066989 0.03586391
-0.5151302 -0.004124892 0.857102
-0.1146569 -0.001006678 0.9934046
-0.3871381 -0.003776068 0.922014
0.9039279 0.00955035 0.4275783
-0.9618461 -0.01082375 0.2733769
-0.8014472 -0.009101275 0.5979962
-0.2824438 -0.003886946 0.959276
0.8216794 0.01173408 0.5698291
-0.9382335 -0.01471537 0.3456896
0.9923991 0.01576216 0.1220474
0.9990302 0.01608154 0.04098842
0.9983824 0.01615488 0.05451159
-0.9839561 -0.01610474 0.1776823
0.4839017 0.007934808 0.8750864
0.9277186 0.01579517 0.3729458
0.7245645 0.01247803 0.6890941
0.9087386 0.0157504 0.4170686
-0.6510873 -0.01129925 0.7589188
0.7137428 0.01283516 0.7002903
-0.5484096 -0.009913422 0.8361511
0.2698052 0.004960249 0.9629022
-0.6697825 -0.01271518 0.7424485
0.9264764 0.0178383 0.37593
0.4571418 0.008937989 0.8893489
0.984768 0.01939853 0.1727878
0.960629 0.01896377 0.2771865
0.2412594 0.005138949 0.9704471
0.9191728 0.0199747 0.3933478
-0.3011316 -0.006554785 0.9535601
-0.9723397 -0.02121456 0.2326056
-0.5085849 -0.01133231 0.8609373
-0.6124684 -0.01402337 0.7903707
0.7368034 0.0171305 0.67589
-0.0009898924 -2.451541e-05 0.9999995
-0.2196226 -0.005514694 0.9755693
-0.9819948 -0.02487909 0.1872623
-0.3525681 -0.009388543 0.935739
0.4067236 0.01096939 0.9134854
0.9983325 0.0274534 0.05077875
-0.8751965 -0.0246438 0.4831394
-0.9331351 -0.02629662 0.3585629
-0.8732107 -0.02556367 0.486672
-0.5116713 -0.01535052 0.8590441
0.6276929 0.01904951 0.778228
0.3302328 0.01039322 0.9438423
-0.996288 -0.03178711 0.07999866
-0.48333 -0.01576782 0.8752962
0.9660618 0.03196386 0.2563258
0.6485295 0.02148943 0.7608861
0.5130907 0.01716751 0.8581627
-0.06167632 -0.002103377 0.998094
0.9971802 0.0343693 0.06671137
-0.4227984 -0.01457601 0.9061065
0.8232635 0.02857011 0.5669401
-0.6454088 -0.02290035 0.763494
-0.4589555 -0.01689683 0.8882986
0.4868715 0.01841711 0.8732794
0.6475546 0.02494906 0.7616105
-0.9300959 -0.03625249 0.3655234
-0.9921256 -0.03956494 0.118834
0.9614298 0.03883716 0.2722947
-0.9979814 -0.04131163 0.04823258
-0.1962958 -0.00819722 0.9805105
0.6495295 0.02716425 0.759851
0.8422261 0.03650785 0.5378869
0.7701774 0.03367464 0.6369402
-0.1703511 -0.007667444 0.9853536
0.7166246 0.03262676 0.6966955
-0.7303637 -0.03356149 0.6822335
-0.9942905 -0.04604968 0.09625877
-0.7575041 -0.035357 0.6518722
-0.6059054 -0.02893895 0.7950102
0.9977202 0.04782287 0.04761786
0.9365979 0.04651023 0.3473055
0.8880742 0.04434295 0.4575564
0.8242137 0.04202537 0.5647173
-0.203602 -0.01062349 0.9789961
-0.08597723 -0.004736098 0.9962859
-0.3504086 -0.01931593 0.9363977
0.04635541 0.002598007 0.9989216
0.4321806 0.0248014 0.901446
-0.6085346 -0.0357007 0.7927238
0.9961051 0.0589148 0.06560156
-0.2172654 -0.01294213 0.9760268
-0.5097834 -0.03118979 0.8597372
-0.2454478 -0.01534733 0.9692883
-0.6320325 -0.03967394 0.7739257
0.06339315 0.00401285 0.9979805
-0.9372923 -0.05951995 0.3434248
0.2834532 0.01815589 0.9588142
-0.8911169 -0.05858204 0.4499766
-0.7843398 -0.05240055 0.6181142
-0.6575196 -0.04437995 0.7521292
0.9696662 0.06602869 0.235346
-0.8095673 -0.05572062 0.5843766
-0.9161578 -0.06355219 0.3957473
0.9903733 0.0687815 0.1201249
-0.8503968 -0.05922183 0.5227983
-0.9953132 -0.06995088 0.06677224
-0.6928949 -0.04932553 0.7193495
-0.9389995 -0.0676727 0.3371948
-0.1159481 -0.008385446 0.9932199
-0.7664405 -0.05650693 0.639825
-0.9923729 -0.07380361 0.0987379
-0.5771692 -0.04381732 0.8154482
-0.4580662 -0.03496307 0.8882303
-0.8491111 -0.06501339 0.5241981
0.2457817 0.01893229 0.9691403
0.9945593 0.07738763 0.06973445
0.3317335 0.02615226 0.9430106
-0.9928144 -0.078963 0.08991328
0.8243684 0.06606124 0.5621856
0.7597151 0.06139152 0.6473515
0.9789894 0.07922406 0.1878915
0.1645025 0.01349922 0.9862843
0.6110787 0.05064922 0.7899477
0.4746885 0.03959394 0.8792629
-0.7445961 -0.06218957 0.664612
-0.299576 -0.02512947 0.9537414
0.829788 0.07086135 0.5535617
-0.9893451 -0.08501177 0.1181913
-0.001488935 -0.0001296613 0.9999989
0.7455698 0.06505585 0.6632446
-0.9417092 -0.08248448 0.3261596
0.4465929 0.03962389 0.8938594
0.148405 0.0131894 0.9888387
-0.6033475 -0.05370355 0.7956681
0.6889476 0.0614185 0.7222042
0.07435163 0.006680937 0.9972097
0.5602273 0.0506511 0.8267889
-0.8897074 -0.08059115 0.4493615
-0.9188638 -0.08437023 0.385449
-0.5638626 -0.05260111 0.8241917
0.956571 0.09003944 0.277245
0.7089518 0.06689847 0.7020769
0.3612348 0.03435011 0.931842
-0.9842717 -0.09647432 0.1479929
0.1435832 0.01420841 0.9895362
0.06090247 0.00603682 0.9981255
-0.7585636 -0.07536732 0.6472257
0.6934777 0.06912738 0.7171541
-0.503664 -0.0504873 0.8624231
0.5253658 0.05274956 0.8492398
-0.6072067 -0.06096691 0.7922014
0.9117038 0.09157918 0.4005114
0.4544055 0.04573904 0.8896199
0.9937341 0.1001765 0.04956975
0.246696 0.02487518 0.9687736
0.988188 0.1003282 0.1158393
0.8039738 0.08202412 0.5889806
0.04444466 0.004567984 0.9990014
0.6693017 0.06916635 0.7397643
-0.0663123 -0.00719714 0.9977729
-0.08127437 -0.008826062 0.9966527
0.6645833 0.07342491 0.7435979
-0.01912832 -0.002113421 0.9998148
0.8717512 0.09674647 0.4803019
-0.05362872 -0.006055696 0.9985426
-0.562986 -0.06361093 0.8240148
-0.4118857 -0.04654989 0.9100457
-0.9305913 -0.1060716 0.350355
-0.815975 -0.09302144 0.570554
0.8736814 0.1003527 0.4760358
-0.4589761 -0.05276633 0.8868803
-0.9121663 -0.1057363 0.395945
0.7960305 0.09248797 0.5981483
0.9924801 0.115465 0.04063408
0.9871995 0.1156217 0.1098579
0.9883814 0.1177273 0.09613731
-0.5521271 -0.0659141 0.8311504
0.5140113 0.06196367 0.8555424
0.6440996 0.07765114 0.7609901
0.5230603 0.06371607 0.8499107
-0.8189073 -0.09981291 0.5651798
0.02177868 0.002667276 0.9997593
0.8034645 0.09859797 0.5871313
0.9562595 0.1185845 0.2674052
0.357145 0.04453557 0.9329866
0.02359125 0.002959494 0.9997173
-0.8481306 -0.1067962 0.5189114
0.1173158 0.01490683 0.9929828
-0.1153928 -0.0148335 0.9932092
-0.9158327 -0.1182677 0.3837489
0.3388114 0.04389174 0.9398299
0.9370784 0.1214226 0.3273235
-0.8494176 -0.1111478 0.5158836
-0.4969984 -0.06540848 0.8652828
-0.9086393 -0.1198698 0.4000074
-0.8195947 -0.1089311 0.5624932
0.9811055 0.1305934 0.1427492
0.7387314 0.1000105 0.6665387
-0.6402832 -0.08675529 0.763224
-0.5195875 -0.07147504 0.8514224
-0.7352441 -0.1020532 0.6700755
0.5493192 0.07646607 0.8321066
-0.7004178 -0.09782601 0.7069972
0.9659238 0.1351935 0.2207123
0.6734607 0.09442542 0.7331675
0.8855941 0.1247496 0.4473932
0.3052817 0.04325473 0.9512792
-0.9897541 -0.1406808 0.02440702
0.5051808 0.07220496 0.8599877
0.9867072 0.1423303 0.07842829
0.2511976 0.03639929 0.9672512
-0.8924868 -0.1312959 0.4315422
-0.8813355 -0.1308223 0.4540191
0.1293947 0.01920793 0.9914071
-0.793124 -0.1201294 0.5970956
0.4909871 0.07492319 0.8679391
-0.768928 -0.1177337 0.6284016
-0.72493 -0.1110292 0.6798154
-0.9125032 -0.1398816 0.38441
-0.1344776 -0.02063467 0.9907017
-0.4420329 -0.06789066 0.8944259
0.8549632 0.1314217 0.5017632
-0.374499 -0.05772265 0.9254289
0.4051223 0.06257555 0.9121186
-0.8281089 -0.1282442 0.5457006
0.7411615 0.1155266 0.6613117
-0.1555167 -0.02426399 0.9875352
0.8155589 0.1283183 0.5642679
0.5694946 0.09042385 0.8170064
-0.9648396 -0.1533181 0.2134903
-0.107241 -0.01708438 0.9940863
0.9873406 0.1574218 0.01941376
0.6809901 0.1086626 0.7241857
-0.1934234 -0.03096628 0.9806266
-0.4477519 -0.07176375 0.8912733
-0.9760796 -0.1573449 0.1500369
-0.3280151 -0.0530725 0.9431805
-0.1870481 -0.03034072 0.9818821
0.7973076 0.1294284 0.5895329
0.9265978 0.1507413 0.3445194
-0.6249639 -0.1024846 0.7738972
-0.2553653 -0.042227 0.9659221
-0.3074975 -0.05088849 0.9501871
0.7911815 0.131728 0.5972266
0.6776251 0.1131365 0.7266529
0.412021 0.06901196 0.9085571
-0.7379999 -0.1239716 0.6633154
-0.9544307 -0.1604154 0.2516525
-0.9799033 -0.1649281 0.1121976
-0.9472851 -0.160768 0.2771366
-0.7897769 -0.134181 0.5985382
0.9721136 0.1665217 0.1651233
-0.7955447 -0.1363287 0.5903584
-0.47109 -0.08084867 0.8783721
-0.9448678 -0.1622818 0.2844107
-0.9832268 -0.1690691 0.06841548
0.5892426 0.1016333 0.8015384
0.8751255 0.1512697 0.4596441
-0.6616814 -0.1145557 0.7409823
0.2823246 0.04889162 0.9580722
0.9314357 0.1627799 0.3254693
-0.2601523 -0.04550787 0.9644946
-0.004292256 -0.000760777 0.9999905
0.7660576 0.1365934 0.6280908
0.9179946 0.1645322 0.3608533
-0.1923874 -0.03456742 0.98071
0.9616042 0.1746183 0.2117213
0.01077136 0.00195759 0.9999401
-0.9146743 -0.1663163 0.3683882
0.4944355 0.09002928 0.8645393
-0.9777296 -0.1786095 0.1101971
0.9816872 0.1797188 0.0631777
0.9431268 0.1726778 0.2840673
-0.05154662 -0.009460635 0.9986258
0.6402068 0.1175261 0.7591593
0.9519761 0.1756517 0.2507749
0.3376289 0.06244832 0.9392055
0.8761606 0.1625542 0.4537827
-0.4211515 -0.078191 0.9036136
-0.9708503 -0.1803323 0.1578924
0.70351 0.1308941 0.6985272
-0.2965311 -0.0554144 0.9534141
0.8350632 0.1563758 0.5274618
0.9827325 0.1850267 0.001358243
0.3057744 0.05782682 0.9503463
0.6497278 0.1230683 0.7501386
-0.9741777 -0.1845801 0.1300306
-0.7459852 -0.1416754 0.6507182
-0.9149859 -0.1753967 0.3633687
0.06445495 0.01236494 0.997844
0.3117592 0.06017648 0.9482536
-0.8767406 -0.1696301 0.4500572
0.5899393 0.1141749 0.7993345
0.2974876 0.05762387 0.9529851
-0.9803541 -0.190082 0.0526758
-0.1212441 -0.02357781 0.9923427
-0.2001708 -0.03899078 0.9789849
-0.5499008 -0.1076994 0.8282571
-0.2702433 -0.05339934 0.9613101
0.6516151 0.1287936 0.7475359
0.6630043 0.1317052 0.7369389
0.8695664 0.1729961 0.4625219
0.3645293 0.07283257 0.9283392
-0.1005574 -0.02018399 0.9947265
-0.7645746 -0.1535621 0.6259747
0.7468331 0.1502935 0.6478057
0.7322587 0.1475669 0.6648468
-0.9560659 -0.1933793 0.2203236
0.7446432 0.1506842 0.6502314
-0.9783916 -0.1987767 0.0569009
-0.1328361 -0.02706892 0.9907683
-0.9704071 -0.1978103 0.1384962
-0.6941713 -0.1417672 0.7057112
-0.8617019 -0.1781053 0.4751299
-0.9767483 -0.203147 0.06851252
-0.9594676 -0.1997573 0.1987938
0.7415454 0.1547095 0.6528211
-0.8055686 -0.1680948 0.5681579
0.9353009 0.1954216 0.2949959
-0.2892905 -0.06058892 0.955322
0.6582193 0.1386388 0.7399504
0.4500656 0.09494174 0.8879341
0.8880315 0.1876245 0.4197584
-0.06363529 -0.01344722 0.9978826
0.9451211 0.2013554 0.2572977
0.8561583 0.1825791 0.4833816
-0.7246972 -0.1548154 0.6714507
-0.9776847 -0.2100298 0.004480021
-0.4332145 -0.09371182 0.8964058
-0.190985 -0.04161186 0.9807106
0.2105313 0.04592444 0.9765078
-0.1795859 -0.03926926 0.9829582
-0.9201159 -0.2032195 0.3347961
-0.8881419 -0.196862 0.4152701
0.9483119 0.2120594 0.2360836
-0.07399336 -0.01672849 0.9971184
0.5351269 0.1214496 0.8359959
-0.3993612 -0.09065681 0.9123003
0.9653291 0.2201813 0.1402137
-0.5412979 -0.1242013 0.8316072
-0.9462557 -0.2208272 0.2362952
0.6689188 0.1564893 0.7266765
-0.768428 -0.1800443 0.6140867
0.7095225 0.1664349 0.6847461
0.5930235 0.139138 0.7930723
-0.9374471 -0.2219306 0.2682156
-0.9053041 -0.2182902 0.3643815
0.5598312 0.1351274 0.8175142
-0.9061839 -0.218806 0.3618766
-0.8190577 -0.1979875 0.5384658
0.4353814 0.1053735 0.8940579
-0.6794951 -0.1656206 0.7147421
0.1528381 0.03735921 0.9875448
0.6390904 0.1565304 0.753035
-0.1059525 -0.02596524 0.9940321
0.5354383 0.1316008 0.8342584
0.3083562 0.07604305 0.9482267
0.803142 0.1981676 0.5618652
-0.9700164 -0.2403785 0.03586635
0.6545972 0.1634627 0.7380938
-0.9203439 -0.2306562 0.3158557
0.6615816 0.1658304 0.731307
-0.944313 -0.2384694 0.2267272
-0.9558926 -0.2415495 0.1671024
-0.1841848 -0.04676536 0.9817784
-0.8466386 -0.215776 0.4864604
-0.9183227 -0.2352041 0.3183748
0.9621697 0.2467855 0.11544
0.9662151 0.248792 0.06731125
0.8308686 0.2145086 0.5134622
0.05811217 0.01506081 0.9981964
0.9221126 0.2397887 0.3036604
-0.1859855 -0.04841556 0.9813589
0.6649266 0.1733926 0.7265037
-0.9179599 -0.2403968 0.3155299
0.9445276 0.2475238 0.2158695
-0.9593501 -0.2516792 0.1276907
-0.5993416 -0.1572748 0.7848912
-0.3976534 -0.1049981 0.9115082
-0.6536362 -0.1726031 0.7368636
0.6829575 0.1809827 0.7076823
-0.2680516 -0.07107311 0.9607794
0.9568852 0.254313 0.1403409
0.9247756 0.2459184 0.2903692
-0.3574057 -0.09524798 0.9290797
-0.1866002 -0.04997636 0.981164
0.7542102 0.2034837 0.6243087
0.9591782 0.2597946 0.1117313
-0.9515913 -0.2580589 0.1669719
0.7867614 0.2134948 0.5791602
0.6508936 0.1771383 0.7382138
0.5942727 0.1624281 0.7876909
-0.9583022 -0.2624376 0.1130639
0.8956604 0.2454849 0.3708499
0.8774862 0.2412112 0.4145301
0.05057253 0.01392249 0.9986234
0.1199076 0.03305944 0.9922345
0.7787783 0.2148054 0.5893751
0.9498762 0.262565 0.1696899
0.7042615 0.1948287 0.682684
0.6734483 0.1888614 0.7147019
0.6336755 0.1778787 0.7528709
0.8609485 0.2432063 0.4467867
0.7114113 0.2010704 0.6733978
0.9513777 0.2693833 0.1493758
0.9466653 0.2682642 0.178491
-0.4758749 -0.1350486 0.8690828
0.2428279 0.06901867 0.967611
-0.1185011 -0.03369216 0.9923822
0.7063401 0.2008552 0.6787789
0.4795241 0.1365051 0.8668466
0.9169876 0.261227 0.3014867
-0.1090535 -0.03120645 0.9935459
0.1204394 0.03455202 0.9921192
-0.6232955 -0.1793079 0.7611514
-0.6683186 -0.1927937 0.7184572
0.4106823 0.1190854 0.9039683
-0.08205909 -0.02383534 0.9963424
0.6709039 0.1954319 0.7153282
-0.6618304 -0.1929037 0.7244092
0.8763646 0.2557439 0.4081423
-0.8322942 -0.2429187 0.4982739
0.007699387 0.00224848 0.9999678
-0.6501095 -0.1901081 0.7356742
0.4329561 0.1272365 0.89239
-0.2688347 -0.07967159 0.9598856
-0.3697181 -0.1096409 0.9226524
-0.958357 -0.2845887 0.02368744
0.8365672 0.2486937 0.4881668
-0.5338142 -0.1587197 0.8305724
-0.3435876 -0.1029027 0.9334659
-0.2025862 -0.06074588 0.9773785
-0.9459874 -0.2846987 0.1550951
-0.5772908 -0.1741755 0.7977457
0.4097489 0.1244787 0.9036653
0.03989573 0.01213232 0.9991302
-0.7895758 -0.2414277 0.5641654
-0.3261084 -0.1004283 0.9399827
-0.03794685 -0.01169448 0.9992113
-0.9461662 -0.2916642 0.1403618
-0.9547391 -0.294428 0.04225394
0.1393006 0.04301085 0.9893156
-0.5057174 -0.1563912 0.8484054
0.2267869 0.07017381 0.9714131
0.9185396 0.2846393 0.2743454
0.5247683 0.1627944 0.8355335
0.3717569 0.1154197 0.9211271
0.7231726 0.2250334 0.6529788
0.4108579 0.1284059 0.9026116
-0.9240798 -0.2894981 0.2495343
0.4456636 0.1406551 0.8840815
0.8201228 0.25888 0.5102742
-0.8317469 -0.2626959 0.4890685
0.694058 0.2194466 0.6856578
0.691977 0.2199211 0.6876063
0.9528211 0.3031032 0.01613843
-0.904373 -0.2885959 0.3143595
0.5234855 0.1671161 0.835485
0.9309022 0.2972911 0.212224
-0.5072631 -0.1622377 0.8463823
0.81141 0.2601647 0.5233815
0.2563722 0.08225725 0.9630716
0.7066201 0.2272888 0.6700954
0.948891 0.3077633 0.06991078
-0.8430685 -0.2735369 0.4630475
0.7108933 0.2320313 0.6639218
0.9423881 0.3079249 0.1307167
0.8275571 0.2709242 0.49168
0.7930408 0.2597936 0.5509933
0.6254233 0.2052054 0.7528189
0.4712475 0.1547993 0.8683104
-0.8486986 -0.2790993 0.4492374
0.9096002 0.2991686 0.2883152
-0.6282618 -0.2069867 0.7499624
0.9364936 0.3095557 0.1647877
0.9453375 0.3125543 0.0929883
0.4289113 0.1425541 0.8920277
0.4382227 0.1460727 0.8869181
0.09153979 0.03053865 0.995333
0.5336396 0.1782198 0.8267204
0.2494957 0.08333869 0.9647831
0.895175 0.3002683 0.3293945
-0.06351634 -0.02134039 0.9977526
0.7190575 0.2420156 0.6514482
-0.94756 -0.3190323 0.01866867
0.03186044 0.01073967 0.9994346
0.881542 0.297626 0.366473
0.7385783 0.2497822 0.6261876
0.9254084 0.3129695 0.213704
0.5185176 0.1754881 0.8368653
0.02292604 0.00779084 0.9997068
-0.9239333 -0.3171126 0.2139787
0.5933391 0.2041026 0.7786468
-0.8150437 -0.280369 0.5070473
0.8125795 0.2798476 0.5112728
-0.8452317 -0.2915414 0.4478693
0.5981559 0.2070668 0.774166
0.6497319 0.2251331 0.7260603
-0.5494898 -0.1907618 0.8134316
-0.2026961 -0.07042126 0.9767063
-0.9159589 -0.318844 0.2436345
0.2242452 0.07826085 0.9713852
0.8847384 0.309706 0.3483105
0.9223477 0.3228929 0.2121671
-0.3125466 -0.1096679 0.9435505
-0.5050741 -0.1773909 0.8446494
0.8382833 0.2945655 0.4588162
-0.9431974 -0.3317345 0.01818786
0.1020986 0.03594207 0.9941248
-0.04400546 -0.01550285 0.998911
-0.9191242 -0.3241179 0.2239604
-0.8265325 -0.2915622 0.481493
0.9137928 0.3227196 0.2466468
0.7293685 0.2578144 0.6336824
-0.9353166 -0.3307888 0.1255458
0.868425 0.3073947 0.3890328
-0.6665171 -0.2360089 0.7071456
-0.8480041 -0.3007674 0.4363806
0.1774834 0.06302017 0.9821039
0.2784659 0.09890883 0.9553396
0.4302278 0.1530867 0.8896452
0.4159016 0.1484409 0.897213
0.6601707 0.2359928 0.7130793
-0.8808525 -0.3155284 0.3529034
-0.7819718 -0.2807511 0.5565061
-0.4655331 -0.1675273 0.8690302
-0.9121328 -0.3282578 0.2454803
0.9173043 0.3318822 0.2200157
0.9182497 0.3332691 0.2138907
-0.6284504 -0.2284713 0.7435395
0.44641 0.1625836 0.8799345
-0.209227 -0.07621739 0.9748923
-0.3930434 -0.1433062 0.9082842
0.5839233 0.2136675 0.7831857
-0.9384501 -0.3438176 0.03317907
0.5909079 0.2171043 0.7769772
0.8501621 0.3124643 0.4237812
-0.9309372 -0.3426138 0.1263791
0.9285405 0.3423793 0.1434885
0.764558 0.2833952 0.5789113
-0.9245439 -0.3427273 0.1666028
0.02228142 0.008271911 0.9997175
-0.3535154 -0.1315745 0.926129
0.9365129 0.3492812 0.03075964
0.8360464 0.3121335 0.4512196
0.5508146 0.2057 0.8088825
0.9127967 0.3412234 0.2244301
-0.8811687 -0.3294738 0.3391
-0.6511049 -0.2437615 0.7187787
-0.6482778 -0.2427184 0.7216811
-0.1212917 -0.04546197 0.9915753
-0.9358851 -0.3511838 0.02808813
0.6192209 0.2326219 0.7499683
0.2027988 0.07635023 0.9762394
-0.5651415 -0.2130872 0.797
-0.3910887 -0.1475583 0.9084471
-0.9200101 -0.3472761 0.1816057
-0.8712807 -0.3301998 0.363095
0.9317439 0.3532484 0.08407727
-0.2336241 -0.08861681 0.9682804
-0.8775203 -0.3332407 0.3448315
0.2359527 0.08963558 0.9676217
-0.6475182 -0.2464498 0.7210983
-0.8191294 -0.3129103 0.4807433
-0.3123424 -0.1194431 0.9424307
-0.3295318 -0.1260542 0.9356918
0.8249903 0.3163588 0.4683034
0.5479625 0.2106505 0.8095453
0.5109536 0.1965314 0.8368404
-0.9326471 -0.3592237 0.03358034
0.2407072 0.09276641 0.9661545
0.8330001 0.3221025 0.4498452
0.9290744 0.3594901 0.08710704
-0.8030729 -0.3108238 0.5083921
0.2545796 0.09856868 0.9620153
0.06199207 0.02409461 0.9977857
0.2858827 0.1112062 0.95179
0.8311403 0.323736 0.4521071
0.3037582 0.1183724 0.9453671
0.9151244 0.3567699 0.1877832
0.9057221 0.3543659 0.2325775
0.4871082 0.1907792 0.8522493
-0.3136857 -0.1229678 0.9415308
0.752813 0.2951712 0.5883422
0.9138215 0.3583015 0.1911816
-0.09896088 -0.03888008 0.9943315
0.1124617 0.04423621 0.9926709
0.9027048 0.3553594 0.2425774
-0.237217 -0.09347965 0.9669486
0.6945549 0.2737144 0.6653374
-0.8508938 -0.3359008 0.4039189
-0.5735765 -0.2272116 0.7870101
-0.8621558 -0.3417097 0.3740613
-0.8360344 -0.3316071 0.4371306
0.2310144 0.09197804 0.968593
0.4498436 0.1794214 0.8748993
-0.2585692 -0.1031742 0.9604671
-0.5808668 -0.2319331 0.7802569
-0.8980843 -0.3589568 0.2541545
-0.2673911 -0.1068913 0.957641
0.8583519 0.3439417 0.3807046
-0.7334861 -0.2939946 0.6128339
0.8354134 0.3354754 0.4353628
0.9268614 0.3749766 0.01789994
0.1316825 0.05335344 0.9898551
-0.9254643 -0.3756426 0.04907582
-0.3203 -0.1303001 0.9383122
-0.895889 -0.3665989 0.2509742
0.0389345 0.01594073 0.9991146
0.5488193 0.2254898 0.8049545
-0.568236 -0.2334954 0.7890423
0.9101281 0.3740869 0.1781177
0.6968557 0.2867759 0.6573825
-0.4806047 -0.1979702 0.8542991
-0.1497729 -0.06169867 0.9867935
0.8897249 0.3670525 0.2714076
-0.3273411 -0.1353167 0.9351669
0.4069232 0.16898 0.8976967
0.883177 0.3669553 0.2921337
-0.4261225 -0.177176 0.8871462
-0.9198252 -0.3831066 0.08456291
-0.6915123 -0.2883377 0.6623233
-0.7655085 -0.3193994 0.5585524
0.2011137 0.08396629 0.9759626
0.04267949 0.01785133 0.9989293
0.2743316 0.1148142 0.9547564
-0.9211739 -0.3859574 0.04975544
-0.9201784 -0.385741 0.06690071
-0.2257475 -0.09479532 0.9695627
0.3980854 0.1675161 0.9019237
0.8353831 0.3522161 0.4219941
0.8426321 0.3556885 0.4042979
-0.5663996 -0.2391733 0.7886619
0.1775812 0.07500259 0.9812438
-0.3825427 -0.1618616 0.9096493
0.6343669 0.2687273 0.7248201
-0.077677 -0.03295856 0.9964337
-0.5187048 -0.2212203 0.8258371
0.9125403 0.389263 0.1254769
0.8708691 0.3719706 0.3212863
-0.8755839 -0.3746885 0.3048957
0.4375501 0.1873137 0.8794677
-0.7580473 -0.325085 0.5654061
-0.8192799 -0.3528305 0.4519858
0.1383633 0.05984969 0.9885715
-0.9170476 -0.3966841 0.04080989
0.8916283 0.3860433 0.2365787
-0.2491082 -0.1079572 0.9624398
-0.6921996 -0.300207 0.6563044
0.8341728 0.3620957 0.4159837
0.1157591 0.05030743 0.9920025
-0.7849882 -0.3413981 0.5169535
0.09183696 0.04004578 0.9949685
0.3983037 0.1740853 0.9005823
0.3147255 0.1376562 0.9391478
0.9126491 0.3993166 0.08727996
-0.796492 -0.3488913 0.4938374
-0.9132904 -0.4009824 0.0715097
-0.7807672 -0.3449857 0.5209486
0.2316981 0.1023957 0.9673836
-0.3847091 -0.1702716 0.9071971
-0.6660881 -0.2952684 0.6849403
-0.1162853 -0.05164274 0.9918724
-0.5928083 -0.2637187 0.7609407
-0.2245092 -0.09994955 0.9693326
0.0128244 0.005710383 0.9999015
-0.144979 -0.06488466 0.987305
0.6634683 0.2980039 0.6862969
0.3799363 0.1706604 0.9091333
-0.1075478 -0.04838904 0.9930217
-0.2324607 -0.1048848 0.9669339
-0.03674969 -0.01659294 0.9991868
0.885348 0.4003352 0.2364122
-0.474354 -0.2145661 0.8537855
0.6532377 0.2958997 0.6969389
0.8173952 0.3707547 0.4409151
0.2345964 0.1066124 0.9662289
0.8999066 0.4091356 0.1509181
-0.9093814 -0.4136744 0.04357761
0.5843427 0.2661012 0.7666379
-0.5042093 -0.2320485 0.8318211
0.726344 0.3344615 0.6004664
-0.4469723 -0.2062734 0.8704407
-0.8495518 -0.392724 0.3521783
-0.8493401 -0.3932863 0.3520616
-0.8873928 -0.4109077 0.2090188
-0.6366153 -0.2947897 0.712615
0.5361356 0.248276 0.8067947
-0.852289 -0.3952752 0.3425798
0.5306125 0.2461524 0.8110853
-0.612269 -0.2840824 0.7378508
-0.4599437 -0.2134241 0.8619176
-0.9061015 -0.4217095 0.03378193
-0.6543788 -0.3055695 0.691676
0.6124669 0.2862901 0.7368326
0.7913236 0.3707325 0.4861732
0.9046763 0.4246262 0.03540311
0.2543915 0.1195249 0.9596868
-0.8861041 -0.4170529 0.2022038
0.7356895 0.3466986 0.58186
-0.0001607835 -7.586893e-05 1
-0.01810499 -0.008569176 0.9997994
-0.8364612 -0.398176 0.3765483
-0.8399374 -0.399983 0.366768
-0.1604085 -0.07649206 0.9840823
0.1062919 0.05095441 0.9930285
-0.8926911 -0.4281454 0.1406918
-0.8049049 -0.3862539 0.4504843
0.9006124 0.4335905 0.0299448
-0.3748723 -0.1805277 0.9093297
-0.797501 -0.387399 0.4625086
0.844965 0.4114234 0.3417089
0.8536834 0.4161296 0.3131467
0.8451062 0.4123451 0.3402456
-0.8873166 -0.4332771 0.1579249
-0.5673177 -0.2774026 0.7753699
0.1346204 0.06583681 0.9887077
-0.4190011 -0.204963 0.8845497
-0.5502751 -0.2694314 0.790319
-0.5871943 -0.2884017 0.7563248
-0.8021564 -0.394647 0.4481057
0.7284839 0.3584135 0.5838244
-0.8024715 -0.3952122 0.4470423
-0.2710688 -0.1338327 0.9532107
0.8171564 0.4037097 0.4114291
0.8928879 0.4420089 0.08590362
0.780426 0.3866921 0.4913292
-0.8687897 -0.4333449 0.239618
-0.2354841 -0.1175583 0.9647421
-0.0482908 -0.02412324 0.998542
0.8939905 0.4466911 0.03532831
0.7963487 0.398069 0.4553788
0.5554463 0.2778121 0.7837728
-0.8506627 -0.4254858 0.3087633
0.4662028 0.233204 0.8533879
0.5642654 0.2823151 0.775824
-0.8805135 -0.4410299 0.1737488
0.6254066 0.3132544 0.7146596
0.6870604 0.3449662 0.6394892
0.176749 0.08935547 0.9801915
0.89206 0.451195 0.02553296
0.6341566 0.3212414 0.7033132
-0.8019996 -0.4064409 0.4377243
0.8141659 0.4127681 0.4083582
-0.7620258 -0.3867765 0.5193462
-0.6237057 -0.3178215 0.7141293
-0.6385875 -0.3257752 0.6971918
-0.8887819 -0.4544917 0.05919514
0.8622339 0.4415723 0.2481261
0.8869051 0.4548708 0.08057214
-0.8740404 -0.4490437 0.1855079
0.3368829 0.1731516 0.9254882
-0.8386826 -0.4311284 0.3327759
-0.1944108 -0.1000206 0.9758075
-0.8839864 -0.4557101 0.104386
-0.4593898 -0.2373302 0.8559412
0.854534 0.4415744 0.2734661
0.5910986 0.3057376 0.7464094
-0.1163789 -0.06021939 0.9913776
0.5130512 0.2657139 0.8161952
-0.1235525 -0.06420248 0.990259
0.4089486 0.2125793 0.887452
-0.7407641 -0.3855262 0.5501254
0.7310669 0.3805898 0.5662973
0.8640693 0.4517998 0.2219485
0.8428254 0.4407681 0.3088184
-0.8757674 -0.4612024 0.1425613
-0.5171441 -0.2733354 0.8110793
0.8801724 0.4654304 0.09311839
-0.7371147 -0.3901828 0.5517421
0.5944163 0.3153962 0.739726
-0.1992771 -0.1057767 0.9742176
0.2049926 0.1094306 0.9726269
0.6649703 0.3554864 0.6568439
-0.7696453 -0.4121048 0.4876635
-0.7583583 -0.4060958 0.5098813
-0.1953713 -0.1047149 0.975123
-0.8801926 -0.4724695 0.04509556
-0.374001 -0.2008211 0.9054248
-0.02627211 -0.01413674 0.9995549
-0.7515904 -0.4059716 0.5199028
-0.7031291 -0.3798997 0.6010705
-0.7653448 -0.4137202 0.4930344
-0.08694056 -0.04704542 0.995102
-0.1132712 -0.06155368 0.9916556
-0.8774016 -0.4784048 0.03598786
-0.8628476 -0.4706879 0.1842468
-0.04037596 -0.02207876 0.9989406
-0.7152806 -0.39246 0.578229
-0.3152905 -0.1730542 0.9330831
-0.3979032 -0.2189209 0.8909246
-0.09564935 -0.05262925 0.9940228
-0.4483368 -0.2469749 0.8590679
0.7107456 0.3916992 0.5843051
-0.4042514 -0.2228458 0.8870854
-0.8577142 -0.4742311 0.198573
-0.8689402 -0.4806567 0.1179498
-0.5233809 -0.2899847 0.8012373
-0.6941468 -0.3846826 0.6084238
0.6374242 0.3534249 0.684676
0.8701093 0.4840241 0.09290032
0.872728 0.4873742 0.02850066
-0.6284227 -0.3520116 0.6936662
-0.6515093 -0.3654614 0.664811
-0.5225642 -0.2935663 0.8004658
-0.8237193 -0.4635709 0.3264791
0.2592105 0.1463067 0.954675
-0.801998 -0.4530511 0.3892864
-0.3493639 -0.197455 0.9159456
0.3299131 0.1864827 0.9254088
-0.6770475 -0.3834143 0.6281721
0.07362318 0.04176275 0.9964113
-0.05807782 -0.0330923 0.9977635
-0.5971044 -0.3405402 0.7262911
0.5438521 0.3105565 0.7796022
0.3439978 0.1965793 0.9181623
0.4775443 0.2731701 0.8350626
-0.4653311 -0.2662828 0.844133
-0.38245 -0.2191421 0.8976128
-0.4683937 -0.2688711 0.8416149
0.02018778 0.01158864 0.999729
-0.5749302 -0.3302428 0.7485954
0.8663821 0.4991385 0.01558017
0.0498355 0.02879341 0.9983423
0.8650374 0.4999024 0.04252043
0.8302208 0.4801343 0.2832038
0.07783686 0.04503245 0.9959486
0.5235909 0.3030479 0.7962503
-0.3251519 -0.1882806 0.926729
0.4797127 0.2778463 0.8322723
0.8489274 0.4918822 0.1933242
-0.3396373 -0.1969374 0.9197077
0.2503722 0.1452272 0.9571953
-0.8294702 -0.4821016 0.282059
-0.1261093 -0.07354674 0.9892863
-0.7972794 -0.4651649 0.384665
0.7054735 0.412103 0.5766092
0.5117767 0.2990202 0.8054015
-0.07937717 -0.04641964 0.9957632
0.5763854 0.3378992 0.7440457
0.02786308 0.0163393 0.9994782
-0.7380955 -0.4331415 0.5173041
0.06632007 0.03894726 0.997038
0.4644782 0.2744689 0.841978
0.1257287 0.07464158 0.9892527
0.7357951 0.4374181 0.5169826
0.5329973 0.3168699 0.7845428
-0.2288863 -0.1360944 0.9638928
-0.853403 -0.5086198 0.1140583
-0.8548256 -0.5104831 0.0931678
0.8506445 0.5084063 0.1338921
0.1019458 0.06098367 0.992919
0.7811382 0.4674564 0.4138932
0.4330356 0.2596174 0.8631796
-0.8503051 -0.51015 0.1293372
0.3313251 0.1988376 0.9223271
0.3607209 0.2165596 0.9071838
0.2395193 0.1439181 0.9601657
0.1204502 0.07237488 0.9900776
-0.1486407 -0.08945169 0.9848372
0.8498316 0.5115155 0.1270358
0.0609787 0.0367378 0.9974627
-0.8495456 -0.511849 0.1276041
0.5360162 0.3233971 0.7798083
-0.2242506 -0.1356753 0.9650409
-0.513697 -0.3109002 0.7996602
0.4139024 0.250685 0.8751239
-0.179912 -0.109102 0.9776136
-0.8304574 -0.503862 0.2376208
0.3820115 0.2318166 0.8946107
-0.03674084 -0.02233229 0.9990752
-0.7625003 -0.4636865 0.4512074
0.2922791 0.1779386 0.9396333
-0.8470544 -0.5160662 0.1271792
0.5350444 0.3262773 0.7792757
-0.8066799 -0.4929757 0.3259486
-0.5024706 -0.3074001 0.8081018
-0.7982409 -0.4884746 0.352426
0.8466842 0.5188611 0.1179368
0.01319705 0.008103045 0.9998801
0.8508916 0.5237072 0.04140297
0.2282291 0.1405897 0.9634033
0.3837548 0.2365979 0.8926106
-0.5422977 -0.3348457 0.7705787
-0.6260586 -0.3870671 0.6769266
-0.4902122 -0.303591 0.8170217
0.4458525 0.2764081 0.8513601
0.2176894 0.1350764 0.9666259
0.6462946 0.401031 0.649213
0.5740042 0.3566363 0.7371091
0.7830965 0.4870883 0.3866586
-0.3892076 -0.2422773 0.8887177
-0.1269894 -0.07942083 0.9887194
0.5765522 0.3608789 0.7330443
0.8256964 0.5178795 0.2236654
0.7443275 0.4669338 0.4774404
-0.6277355 -0.3942536 0.6712021
0.404049 0.2550883 0.87845
0.7140101 0.4513569 0.5352257
0.4915884 0.3107732 0.8134869
-0.02497895 -0.01579202 0.9995632
0.5177478 0.3276129 0.7903208
0.8133141 0.5153643 0.2700365
-0.4295505 -0.2722022 0.8610414
-0.3499913 -0.221845 0.9101049
-0.4102097 -0.2605302 0.8739863
-0.5810382 -0.3693013 0.7252663
-0.6528606 -0.4161933 0.632895
0.2453554 0.156899 0.9566522
-0.5747899 -0.3676159 0.731078
-0.2666619 -0.1709696 0.9485045
0.8380805 0.5385836 0.08688379
-0.8385794 -0.5396605 0.07450647
0.7900609 0.5093788 0.3410822
0.6793925 0.4382653 0.5885146
0.5369618 0.3467134 0.7690656
0.4364129 0.2818404 0.8544647
-0.42555 -0.2752605 0.8620551
0.1572143 0.1017469 0.9823091
0.1605157 0.1040232 0.9815365
-0.1597809 -0.1037814 0.9816819
-0.01371084 -0.008943864 0.999866
0.7854096 0.5125941 0.3469568
-0.1449285 -0.09463939 0.9849057
-0.2672269 -0.1754349 0.9475296
-0.8138756 -0.5345705 0.2276861
-0.2019469 -0.1326907 0.9703662
0.2086496 0.1371192 0.9683304
-0.8129231 -0.5348768 0.2303539
-0.8033605 -0.5298534 0.2717853
-0.1328317 -0.08782087 0.9872402
-0.4772209 -0.3158102 0.8200757
-0.02725745 -0.01806156 0.9994653
0.4768312 0.3160844 0.8201967
0.4336666 0.2877975 0.853877
0.6922048 0.4603923 0.5557801
0.5508649 0.3667283 0.7497055
-0.8317043 -0.5551873 0.005916712
-0.393241 -0.2626958 0.8811086
-0.549628 -0.3673229 0.7503219
0.7992523 0.5343169 0.2751385
0.3940966 0.2635011 0.8804857
0.3033602 0.202876 0.9310284
0.8257512 0.5534392 0.108812
0.5954225 0.3991055 0.697271
0.7920352 0.5315469 0.3002301
-0.7406774 -0.4971112 0.4519707
-0.7927775 -0.5321676 0.2971557
-0.8266408 -0.5558065 0.08800043
0.7981402 0.5368612 0.2734086
-0.7050844 -0.4748304 0.5266802
0.2196496 0.1480869 0.964274
-0.4721352 -0.3184599 0.8219925
-0.1049848 -0.07111334 0.991928
-0.0247031 -0.01674739 0.9995545
-0.626933 -0.4251005 0.6528741
0.7381724 0.5026817 0.449903
0.8220734 0.5606839 0.09914048
-0.7837868 -0.5356926 0.3141844
0.4700175 0.3213718 0.8220728
0.480527 0.3299328 0.8125504
-0.6106798 -0.4208263 0.6708021
0.6571187 0.4538565 0.6018383
-0.6204911 -0.4289815 0.6564797
0.7789447 0.5388089 0.3208273
-0.3346245 -0.2318522 0.9133844
0.06528665 0.04533596 0.9968361
0.7460003 0.5182092 0.4182616
-0.4755937 -0.3307681 0.8151093
0.5933329 0.4128644 0.6910131
0.6164461 0.4306259 0.6592084
0.02457493 0.01717405 0.9995505
0.7072105 0.4946042 0.5051931
0.7259255 0.5089828 0.4625674
0.800316 0.5613534 0.2106574
0.8180107 0.5750496 0.01327628
0.2765065 0.1951051 0.9409985
0.6694712 0.4726989 0.5730306
-0.008243662 -0.005853134 0.9999489
0.803165 0.5704404 0.1718249
0.7061331 0.5017284 0.4996446
-0.7812323 -0.5551785 0.2853996
-0.6357672 -0.4518535 0.6258023
0.7596087 0.5414289 0.3603462
-0.8073879 -0.5762559 0.1267043
0.7937049 0.5679817 0.2177828
0.810621 0.5805178 0.07676369
0.1464302 0.1049415 0.9836389
-0.7641735 -0.5479143 0.3403362
0.1705894 0.1225607 0.9776902
0.6095417 0.4382828 0.6605809
-0.7917342 -0.5693758 0.2212874
0.1303187 0.09375638 0.9870293
-0.07447281 -0.05359823 0.9957816
-0.6074905 -0.4373992 0.6630514
-0.8108765 -0.5848203 0.021552
-0.518144 -0.3737882 0.7692913
0.1437898 0.1037572 0.9841539
0.07412701 0.05352236 0.9958115
-0.8024365 -0.5795732 0.1420936
-0.6009311 -0.4340648 0.6711703
0.8103283 0.5858915 0.009959185
0.8015974 0.5798971 0.1454681
-0.783106 -0.5688476 0.2513114
0.7962612 0.5787864 0.1759956
0.1671858 0.1215345 0.978406
0.1692287 0.1232051 0.9778457
-0.05037995 -0.03670127 0.9980556
0.7905474 0.5759889 0.208018
-0.05584702 -0.0407078 0.9976091
-0.6998441 -0.5103259 0.4997857
0.1887284 0.138202 0.972256
-0.6603199 -0.4838573 0.5743342
0.6158558 0.451837 0.6454185
0.1917521 0.1412217 0.9712299
-0.6406205 -0.471973 0.6056789
-0.3404157 -0.2513809 0.906049
0.7866402 0.5815471 0.2073648
0.2268897 0.1679008 0.9593385
-0.3338875 -0.2472478 0.9096085
0.4421504 0.3274548 0.8350307
-0.8032846 -0.5954068 0.01498801
0.7995695 0.5947092 0.08372336
0.6256014 0.4658045 0.6258187
-0.6269327 -0.4675365 0.6231894
-0.5334341 -0.3991498 0.7457396
-0.6075305 -0.4557555 0.6505333
-0.7975065 -0.5991468 0.07075725
0.7120827 0.5350323 0.4546192
-0.7983013 -0.6010845 0.03758228
-0.3005288 -0.2267391 0.9264296
-0.1642962 -0.124223 0.9785578
0.5598456 0.4240477 0.7118683
0.7370963 0.5586894 0.3802043
-0.7952617 -0.6047217 0.04324842
0.139711 0.1063024 0.9844697
-0.6621103 -0.5058826 0.5528948
0.7030219 0.5377029 0.4654415
0.7897784 0.6049424 0.1014637
-0.07828034 -0.06000223 0.9951241
-0.671285 -0.5148789 0.5331755
-0.4845621 -0.3719927 0.7917203
0.7673683 0.5897207 0.2517449
-0.5258501 -0.4047886 0.7480828
0.3674872 0.2840124 0.8856016
-0.4462318 -0.3458599 0.8253837
0.2627999 0.204062 0.9430243
-0.3151022 -0.2452296 0.9168277
-0.2076976 -0.1618845 0.9647047
0.5196555 0.4055869 0.751969
-0.3690687 -0.2896956 0.8830996
-0.03291485 -0.02595531 0.9991211
0.1943282 0.1534206 0.9688646
-0.3336787 -0.2635311 0.9051021
0.1624085 0.1283675 0.978338
-0.6612895 -0.5229781 0.5377641
-0.0154735 -0.01227588 0.9998049
-0.1631711 -0.1294561 0.9780676
-0.357334 -0.2835947 0.88988
0.5584697 0.4435396 0.7009881
-0.7702643 -0.6129618 0.175985
0.7815602 0.6235834 0.01753451
0.1622855 0.1295645 0.9782006
0.4814799 0.3850403 0.7873507
0.6434057 0.5159608 0.5655206
-0.7678921 -0.6170877 0.1718854
0.5219451 0.4200464 0.7423843
0.7372804 0.5942931 0.3212994
0.4514311 0.3651122 0.8141885
-0.5364927 -0.4356061 0.7227883
-0.7468074 -0.6068865 0.2719696
0.7309337 0.5941116 0.3358085
0.007432991 0.006057458 0.999954
-0.1674829 -0.1366289 0.9763616
-0.6866472 -0.5604267 0.4630739
0.6610539 0.5398695 0.5211032
0.5509447 0.4504827 0.7025135
-0.6913013 -0.5663145 0.4487653
0.5969273 0.4894523 0.6356998
0.1080303 0.08866822 0.9901856
0.7725713 0.6348789 0.007899226
0.5996699 0.4930449 0.6303196
-0.759202 -0.6260966 0.1778071
-0.6647393 -0.5496033 0.5060217
-0.6381762 -0.5277291 0.560565
0.1269412 0.1052113 0.9863146
-0.04075465 -0.03380825 0.998597
0.6359911 0.5281771 0.5626227
-0.260895 -0.2167313 0.9407238
-0.2813007 -0.234172 0.9306091
-0.5332435 -0.4455551 0.7191189
0.5941267 0.4964624 0.6328812
0.3474652 0.2904939 0.8915611
0.760178 0.636268 0.1315004
0.6429455 0.5390172 0.5441338
-0.7122008 -0.5983428 0.3670911
-0.4937786 -0.4152 0.7640626
-0.7422637 -0.6254178 0.2406183
0.2796331 0.2356305 0.9307436
0.7348766 0.6196074 0.275759
-0.3380427 -0.2855933 0.8967517
-0.5640982 -0.4768879 0.6740705
-0.4124007 -0.3491052 0.8414578
0.7237836 0.6137132 0.3154256
-0.4350202 -0.3690967 0.8212948
0.6921179 0.5873182 0.4195594
0.6000217 0.5096058 0.6166652
0.6540368 0.555782 0.5131689
-0.3419038 -0.2909205 0.8935698
-0.4977888 -0.4240938 0.7565386
-0.5581432 -0.4775201 0.6785652
-0.7582451 -0.6488225 0.06398182
0.5793947 0.4961858 0.6466076
0.103734 0.0888629 0.9906274
-0.516282 -0.4423768 0.7333183
0.7306689 0.6267452 0.2707645
-0.01740932 -0.01494397 0.9997368
0.2042073 0.1754491 0.9630768
-0.7355026 -0.6321464 0.2437763
-0.116943 -0.1007623 0.9880138
0.3313867 0.2858451 0.8991526
0.6886069 0.594205 0.4156211
0.4223714 0.3654208 0.8294999
0.5309991 0.4599514 0.7116774
0.03933366 0.03411674 0.9986435
-0.288611 -0.2503741 0.9241301
0.6251888 0.5431383 0.5604817
0.2213151 0.1923252 0.9560495
0.1776231 0.1545555 0.9718861
-0.7281676 -0.6340087 0.2603938
-0.2279031 -0.1984507 0.9532458
-0.4025971 -0.3514296 0.8452294
-0.7519459 -0.6564841 0.06005001
0.2104241 0.1837308 0.9601899
-0.7428781 -0.649235 0.1631747
0.4668625 0.409018 0.7840559
-0.673385 -0.5904565 0.444875
0.52963 0.4649442 0.7094497
-0.3893865 -0.3422114 0.855143
-0.006219956 -0.005477469 0.9999657
-0.5150252 -0.4548553 0.7265368
-0.04427092 -0.03910775 0.9982538
-0.397792 -0.3514761 0.8474822
0.5842971 0.5164047 0.6260376
0.7202069 0.6386113 0.2710676
0.5946934 0.5276332 0.606583
-0.2037101 -0.1808285 0.9621867
0.4056326 0.3601378 0.840097
-0.3577777 -0.3185464 0.8777946
-0.5280362 -0.4701978 0.7071717
0.6631926 0.5930831 0.4565392
0.7116189 0.6388698 0.292308
0.5461192 0.490431 0.6791401
-0.1054508 -0.0948525 0.9898905
0.1147406 0.1032122 0.9880192
-0.4244302 -0.3819574 0.8209553
0.02700738 0.02432513 0.9993392
-0.6959901 -0.6276295 0.3488251
-0.1898281 -0.1716314 0.9666995
-0.7281054 -0.659206 0.1879094
-0.06734005 -0.06098677 0.9958644
-0.6749427 -0.6116473 0.4127225
0.391504 0.3552112 0.8488519
-0.6731601 -0.6112352 0.4162294
-0.5632401 -0.5115345 0.6489168
0.7267042 0.6611369 0.1865449
0.1519314 0.1382793 0.9786704
-0.3732766 -0.3400085 0.8631679
-0.08579721 -0.07816955 0.9932413
0.6147813 0.5606043 0.5547674
0.2683033 0.2446812 0.9317427
0.1555008 0.1418302 0.977601
0.6998156 0.6386173 0.3200408
0.6631375 0.6072795 0.4375618
0.7365802 0.6749871 0.04291757
-0.5886408 -0.5398412 0.6017254
0.6454948 0.5922078 0.4823136
-0.406693 -0.3731853 0.8338667
-0.6161147 -0.5670038 0.546726
-0.3042651 -0.2800617 0.9104879
-0.4675667 -0.4311216 0.7716966
-0.7290176 -0.6727082 0.1264796
-0.08298596 -0.07669646 0.993595
-0.7278315 -0.6734108 0.1295346
-0.07069306 -0.06542267 0.9953504
0.06597077 0.06113523 0.9959469
-0.4243999 -0.3937226 0.8153939
-0.5100015 -0.4734354 0.7181625
-0.7324463 -0.6806852 0.01378508
0.4907501 0.4562889 0.7422701
0.02982559 0.02778171 0.9991689
0.7092258 0.6606941 0.245931
0.4442889 0.4139635 0.7945071
0.2440692 0.2274585 0.9427051
0.7054555 0.6576094 0.2643528
0.6401735 0.5978907 0.4823947
-0.05073344 -0.04740841 0.9975864
0.5572131 0.5208263 0.6467252
0.7300602 0.6824892 0.03493726
-0.7220734 -0.675224 0.1506073
-0.0769387 -0.07242919 0.9944016
0.6053063 0.5704977 0.5551006
0.3135477 0.2956206 0.9023837
0.6643946 0.6265771 0.4074076
0.2885289 0.2722136 0.9179602
-0.7073581 -0.6676835 0.2320416
0.3072554 0.2900994 0.9063313
-0.09247164 -0.08750135 0.9918631
-0.2051183 -0.1941906 0.9592791
-0.6143182 -0.5824038 0.5323711
-0.7189727 -0.6818749 0.134629
0.7206365 0.6864281 0.09746502
-0.5850413 -0.5578632 0.5886555
-0.403754 -0.385062 0.8298855
0.02289245 0.02183949 0.9994994
-0.6788503 -0.6476439 0.3460053
-0.6047426 -0.577395 0.5485448
-0.3474028 -0.331796 0.8770534
-0.4324725 -0.4135924 0.8011921
-0.01701985 -0.01629648 0.9997224
-0.2623902 -0.2518212 0.9315243
-0.6030843 -0.581809 0.5456991
0.06919953 0.06686959 0.9953592
-0.7144303 -0.6922362 0.1019721
0.1751441 0.1697225 0.9698035
-0.1678152 -0.1627614 0.9722894
-0.247704 -0.2403434 0.9385509
-0.4956603 -0.4815608 0.7227863
0.6912227 0.6716114 0.2667382
-0.4802188 -0.4670721 0.7424511
0.6614975 0.6437241 0.38476
0.3850075 0.3753056 0.8431577
0.1808472 0.1765224 0.9675403
0.5292904 0.5171034 0.6726483
-0.01257205 -0.01228736 0.9998454
0.5349294 0.5229152 0.6636341
-0.6326717 -0.6185076 0.4660203
0.4733957 0.4636041 0.7489778
0.2459632 0.2408807 0.938871
-0.4456274 -0.4377946 0.7808663
-0.6452997 -0.6356222 0.4237602
-0.6965623 -0.6870481 0.2067991
-0.1027801 -0.1014004 0.9895222
-0.06554806 -0.06486999 0.9957386
0.3658857 0.3625592 0.8571339
-0.2049102 -0.203083 0.9574806
0.7025797 0.6970162 0.1433534
-0.5561546 -0.5519708 0.6213053
-0.3472332 -0.3456077 0.8717709
-0.5805712 -0.5798103 0.5716267
-0.3450496 -0.3448795 0.8729255
-0.7070002 -0.706992 0.01769156
-0.1515622 -0.1516638 0.976743
-0.6350151 -0.6356228 0.4390211
0.3266105 0.3269612 0.8868043
-0.005432804 -0.005445582 0.9999704
-0.6991478 -0.701569 0.137816
0.7024091 0.7051835 0.09663114
0.2330499 0.2341565 0.943853
0.3830496 0.3851405 0.8396069
-0.2599848 -0.2614575 0.9295418
0.6608937 0.6651515 0.3475529
-0.3771244 -0.3800664 0.8445867
-0.670176 -0.6787444 0.3002834
0.3572714 0.3627295 0.8606883
-0.6816994 -0.6922479 0.2368097
0.6831169 0.6943668 0.2262875
-0.513393 -0.5233089 0.680129
0.09835596 0.1004411 0.9900696
-0.6989365 -0.7139164 0.04255788
0.3473333 0.3553032 0.8678244
0.6811802 0.6976841 0.2218793
0.6956705 0.7133216 0.08494046
-0.1456982 -0.1499158 0.9779045
0.3715138 0.3824982 0.8459744
0.2411434 0.2485658 0.9381177
-0.6800608 -0.7012723 0.2138562
-0.4706537 -0.486235 0.7362477
0.3223946 0.3336996 0.8858365
0.5592211 0.5788351 0.5934827
-0.4206305 -0.4355648 0.795835
0.115923 0.1201579 0.9859635
-0.1557005 -0.1617589 0.9744698
0.1196372 0.124585 0.9849698
0.4152715 0.4330692 0.8000004
-0.3849492 -0.401927 0.8308241
0.6198756 0.6480638 0.4424562
-0.6886364 -0.7203205 0.08317711
0.5224811 0.5468058 0.65423
-0.6715997 -0.7055491 0.2261733
0.2672236 0.2812337 0.9216828
0.6726601 0.7081919 0.2144591
-0.3006131 -0.3166808 0.899636
0.08394915 0.08844392 0.9925373
0.4302342 0.45455 0.7799249
0.5870401 0.6204912 0.5199757
-0.491192 -0.5192491 0.6993646
-0.4045158 -0.4285463 0.8079078
0.6586692 0.6987065 0.2792204
0.2953327 0.3134594 0.9025086
0.5314473 0.5644427 0.6316393
-0.6252776 -0.6659772 0.4068198
-0.4602775 -0.4903508 0.740068
0.67893 0.7244915 0.1190216
0.1346232 0.1437453 0.9804152
-0.6357636 -0.6792409 0.3666556
0.5671218 0.6063922 0.5573701
-0.6472108 -0.6948848 0.3134536
0.6697062 0.7196116 0.1834469
-0.66334 -0.7130406 0.227053
0.2343811 0.2520891 0.9388911
0.2253884 0.2426938 0.943557
-0.6604649 -0.7127629 0.2361254
-0.5211253 -0.5629484 0.6414964
-0.5759725 -0.6226107 0.5297279
0.563188 0.6092998 0.5581872
0.1595286 0.1726081 0.9719862
0.1119145 0.1212105 0.9862977
0.4209369 0.4561864 0.7840319
0.120593 0.1308307 0.984043
0.5355311 0.5816092 0.6123211
-0.6166962 -0.669888 0.413444
0.6630198 0.7202327 0.2041314
-0.6564803 -0.7132874 0.2454685
-0.02763498 -0.03006065 0.999166
-0.2563954 -0.2791284 0.9253911
-0.6745072 -0.7350789 0.0685501
-0.5537518 -0.6041705 0.573007
-0.6484834 -0.7093613 0.2761809
0.6687164 0.7339848 0.1186786
-0.006854203 -0.007530136 0.9999481
0.672707 0.7396717 0.01873832
0.6519758 0.7180191 0.2436721
-0.4737948 -0.5224891 0.708889
0.6684282 0.7372051 0.09865256
0.2073609 0.2287232 0.9511505
-0.4981717 -0.5511684 0.6693567
0.5730771 0.6359311 0.516889
0.1997475 0.2217826 0.9544178
0.1973677 0.2191765 0.9555143
-0.6328086 -0.7029727 0.324627
0.1072374 0.119413 0.9870363
0.6395276 0.7127935 0.2879755
0.6139397 0.6842844 0.3934881
-0.01837779 -0.02049467 0.999621
0.5563305 0.6217068 0.5513412
0.3082314 0.3445903 0.8867079
-0.6231753 -0.6970749 0.3545972
0.6489381 0.7260414 0.2274712
0.664983 0.7447026 0.05670609
-0.4091652 -0.459477 0.7883304
-0.5985461 -0.6723174 0.4355822
0.6013947 0.6756908 0.4263408
-0.1961221 -0.2203826 0.9554934
0.07635184 0.08587304 0.9933762
0.03770458 0.04249959 0.9983848
0.4429321 0.5012841 0.7433205
-0.6615387 -0.7490036 0.03688182
0.4084138 0.4642897 0.7858965
0.5261407 0.5982135 0.6044143
0.58573 0.6669853 0.46049
0.01160869 0.01322544 0.9998451
0.2670778 0.3044613 0.9143155
-0.4459635 -0.5089629 0.7362562
0.6453187 0.7370388 0.2008422
-0.6258665 -0.7152002 0.3110945
-0.3786443 -0.4329028 0.8180609
-0.5238414 -0.5989068 0.6057234
0.5183051 0.5970891 0.6122454
0.3411402 0.3936467 0.8536192
0.6520211 0.7530998 0.08780156
0.4374437 0.506395 0.7431064
0.2029652 0.2350593 0.9505537
-0.03958165 -0.04588174 0.9981624
-0.2055672 -0.238503 0.9491356
0.3465407 0.4025882 0.8472499
-0.6192586 -0.7202435 0.312679
-0.1562204 -0.182076 0.9707953
-0.3187678 -0.373049 0.8713332
0.5000447 0.5857203 0.637877
-0.4862521 -0.5711351 0.6613348
-0.553813 -0.6507298 0.519463
-0.000888253 -0.001044275 0.999999
0.3832047 0.4505208 0.8063406
-0.1425111 -0.1680999 0.9754143
-0.5619084 -0.6630709 0.4945664
-0.4131029 -0.4882506 0.7687375
0.4071827 0.4816604 0.776019
-0.6447095 -0.7643958 0.006984328
0.545956 0.6477498 0.5313683
0.122773 0.1456919 0.9816825
0.6307585 0.7500899 0.1987684
0.5273868 0.6289353 0.5712299
0.3970048 0.4738081 0.7860618
-0.3195244 -0.381662 0.8673167
0.32529 0.3887915 0.8619905
0.6190711 0.740445 0.2617102
-0.2481575 -0.2969136 0.9220955
0.6409979 0.7671598 0.02423996
-0.5195377 -0.6224561 0.5853453
0.5998415 0.7192761 0.350474
0.02160252 0.02591091 0.9994308
-0.0836992 -0.1004114 0.9914192
0.03641518 0.04376518 0.998378
-0.2418042 -0.291082 0.925636
0.01743933 0.02103047 0.9996267
0.3533652 0.4269094 0.832395
-0.4155241 -0.5021833 0.7583876
-0.556549 -0.6727277 0.4875353
-0.1522975 -0.1845268 0.9709558
0.3791669 0.4611699 0.8022187
0.6134732 0.7462302 0.2584396
0.3090757 0.3763543 0.8734012
0.3928413 0.4788246 0.7851132
0.6282504 0.7660966 0.1356373
-0.4044904 -0.4940027 0.7696421
-0.1395648 -0.1706259 0.9754017
-0.6073737 -0.7441418 0.2781192
0.6135401 0.7529939 0.2378417
-0.5710355 -0.701017 0.4271927
0.6084726 0.7474772 0.2665312
0.389346 0.4786817 0.7869393
0.02613454 0.03216361 0.9991409
0.2767073 0.3405507 0.8985869
0.6207776 0.7647485 0.1726121
0.6014076 0.7409254 0.2988954
-0.06269202 -0.07758321 0.9950128
0.5900302 0.7310061 0.3427747
0.481381 0.5964714 0.6422572
-0.1734493 -0.2154399 0.9609896
0.5733908 0.7139117 0.4019367
0.2012162 0.2506607 0.9469326
0.4703647 0.5866546 0.659237
0.6145916 0.7666834 0.1856709
-0.6245502 -0.7809795 0.002839712
-0.6057225 -0.758093 0.241651
0.05807247 0.07280526 0.995654
-0.2979176 -0.3737293 0.8783914
-0.4176886 -0.5244288 0.741964
-0.4776381 -0.5999484 0.6418129
-0.09213744 -0.1157895 0.9889911
-0.2713655 -0.3414368 0.8998787
0.2139084 0.2694926 0.9389446
0.4542996 0.5723762 0.68264
-0.1405396 -0.1771608 0.9740958
0.4543113 0.5743257 0.6809928
-0.3946287 -0.4992442 0.7713776
0.0001978264 0.0002505046 0.9999999
0.03243063 0.04108824 0.9986291
-0.1288714 -0.1636157 0.9780706
-0.5280566 -0.6718486 0.5193994
-0.6128839 -0.7799114 0.1269316
-0.310788 -0.3964302 0.8638599
0.1416071 0.1807843 0.9732751
0.615654 0.787618 0.02506294
0.3138541 0.4015481 0.8603805
0.4278199 0.5479122 0.7188619
0.00819668 0.01050951 0.9999112
0.4659824 0.5977744 0.6523236
-0.198095 -0.2544132 0.9465898
-0.6137664 -0.7891223 0.02401303
0.2120212 0.272649 0.9384612
0.349245 0.450229 0.8217797
0.03024035 0.03900494 0.9987813
-0.5087957 -0.6565285 0.5568638
-0.6123 -0.7906242 0.001423748
0.01538543 0.01987525 0.9996841
0.1371219 0.1771967 0.9745763
-0.3556988 -0.4598158 0.8136632
0.2917823 0.3782977 0.8784953
-0.4885666 -0.6336839 0.5997895
-0.2937639 -0.3817648 0.8763323
0.232604 0.3022886 0.9244009
0.4617672 0.6017693 0.6516477
0.09136874 0.1193505 0.9886391
-0.5972434 -0.7812374 0.1815724
0.2499212 0.3270452 0.9113621
0.3304709 0.4348345 0.8376801
0.1206609 0.1598081 0.979746
-0.2903019 -0.384742 0.876184
-0.5814983 -0.7709768 0.2597202
-0.4552051 -0.6037505 0.6544261
-0.2427795 -0.3225022 0.9149046
-0.5921085 -0.7874992 0.1710335
-0.333337 -0.4436154 0.8319205
0.3224123 0.4303461 0.8431208
-0.5344065 -0.7141774 0.4520623
-0.5778237 -0.7730853 0.2616465
-0.5483772 -0.7371802 0.3947756
0.5206007 0.7000543 0.4887727
-0.5340263 -0.7186694 0.4453428
-0.546472 -0.7357362 0.4000758
0.5946147 0.8013387 0.06549634
-0.121326 -0.1637746 0.9790086
0.4043126 0.5489396 0.7315713
-0.4625614 -0.6280346 0.6257871
-0.01326429 -0.01801195 0.9997498
0.1175146 0.1597951 0.9801305
-0.5203758 -0.7096714 0.474948
0.5854575 0.8014804 0.1219373
0.3490299 0.4797468 0.8049976
-0.5504714 -0.7573389 0.3513104
0.4770846 0.6570942 0.5836244
-0.3451466 -0.4774275 0.808045
-0.2983659 -0.4141039 0.8599394
0.5454709 0.7578738 0.3578951
-0.0008956197 -0.001248224 0.9999988
0.5221446 0.7304759 0.4401931
-0.4167421 -0.5847172 0.6960114
-0.0008895529 -0.001248458 0.9999988
0.1853047 0.2614379 0.9472657
-0.497308 -0.701807 0.5100507
0.04894346 0.06923401 0.9963991
-0.5732625 -0.8112232 0.1152695
0.05246161 0.07438929 0.9958484
-0.4814867 -0.6836843 0.5484034
0.1682125 0.2390655 0.9563223
0.0587259 0.08354875 0.9947718
0.4764251 0.6780456 0.5597082
-0.0577849 -0.08246816 0.994917
0.5608766 0.8020657 0.2052025
0.5679459 0.8123984 0.1320844
0.5632675 0.8063483 0.1803668
0.5706583 0.8178675 0.073769
0.4253052 0.6099716 0.6686181
-0.4247437 -0.609749 0.6691778
-0.4231666 -0.6079916 0.671771
-0.5011466 -0.7200751 0.4799415
0.186576 0.2680855 0.9451559
0.3250618 0.4671216 0.8222727
0.1585279 0.2280175 0.9606649
0.3377925 0.4859423 0.8060746
0.09564827 0.1376142 0.9858568
-0.08998503 -0.1296049 0.9874742
0.5366348 0.7741947 0.3356272
0.5124056 0.7392839 0.4369209
-0.4510657 -0.6537983 0.6075258
-0.567411 -0.823297 0.01506025
0.1520242 0.2206455 0.9634336
-0.4348712 -0.6321404 0.6413155
0.4780952 0.695397 0.5365147
0.5285162 0.7689136 0.3597811
0.5278749 0.7682905 0.3620467
0.5229912 0.761371 0.3831375
0.2891481 0.4210073 0.8597361
-0.4379647 -0.6393924 0.6319527
0.5649661 0.8251076 0.003282598
-0.1919802 -0.2804926 0.9404613
0.5020835 0.7352889 0.4552609
-0.2932525 -0.429587 0.8540831
0.4487023 0.6585628 0.6041203
-0.492967 -0.7241884 0.4822186
-0.4568606 -0.6733285 0.5812979
-0.5407944 -0.7984394 0.2646429
-0.1220402 -0.1803713 0.9759982
-0.149178 -0.2205099 0.9639094
0.4743752 0.7023826 0.5306852
-0.204627 -0.3037531 0.930517
0.5487183 0.8153644 0.1846323
0.3578078 0.5320823 0.7673734
0.5132856 0.7641435 0.3906695
0.5505266 0.824964 0.1278863
-0.553624 -0.8301944 0.06540458
-0.1327204 -0.199355 0.970898
0.5535501 0.8326986 0.01397074
0.2130016 0.3204794 0.9229969
-0.4495726 -0.6767758 0.5829744
0.5037521 0.7583663 0.4136597
-0.3650904 -0.5497757 0.7513026
-0.5256966 -0.7926913 0.3086803
-0.2008716 -0.3038896 0.9312903
-0.4988285 -0.7550799 0.4254698
0.02783673 0.0421526 0.9987233
0.5230846 0.7929087 0.3125352
-0.53663 -0.8147858 0.2194363
0.5467648 0.8311394 0.1012692
-0.04195612 -0.0639087 0.9970734
0.2610864 0.3978007 0.8795388
-0.4991264 -0.7627462 0.4112067
-0.2820477 -0.4310924 0.857093
-0.3570807 -0.5464685 0.7575392
0.5428616 0.831535 0.1176892
0.417389 0.6396734 0.6454489
-0.3827813 -0.5872394 0.7131819
-0.2796048 -0.429788 0.8585473
0.4396895 0.6768066 0.5904287
0.25967 0.4007461 0.8786205
-0.44352 -0.684609 0.5784466
0.2774674 0.4287571 0.8597553
0.08671772 0.1345012 0.9871117
0.1523807 0.2363555 0.9596438
-0.01534152 -0.02383357 0.9995982
-0.5235692 -0.813643 0.2527059
-0.1791602 -0.2788155 0.9434848
0.4286931 0.6690586 0.6071103
0.395575 0.618652 0.6788152
0.2160293 0.3378719 0.9160644
-0.3604853 -0.5638598 0.7430426
-0.529794 -0.8294165 0.1771626
0.5012668 0.7862015 0.3614121
0.5287254 0.8293661 0.1805582
-0.1780231 -0.2800763 0.9433266
0.4806488 0.7573682 0.4420069
-0.5227994 -0.827682 0.204018
0.4900122 0.7764064 0.3963346
0.5071437 0.8041171 0.3101629
-0.1866114 -0.2959001 0.9368134
0.3637899 0.5769507 0.7312898
-0.07408101 -0.1175131 0.9903044
0.5154378 0.8195789 0.2502284
0.3264178 0.5191652 0.7898854
0.2219975 0.3535892 0.9086758
0.4946171 0.7882798 0.3660176
0.3874319 0.6175426 0.6844982
-0.1697159 -0.2707355 0.9475752
-0.469851 -0.7495617 0.4662588
0.3728672 0.5969534 0.7103638
-0.3166295 -0.5070684 0.8016405
-0.03815498 -0.06110699 0.9974017
0.4992277 0.8006499 0.3312573
-0.2194321 -0.3520038 0.9099137
0.4871591 0.7821977 0.3883848
-0.5247084 -0.8440853 0.1104582
-0.2094355 -0.3369313 0.9179401
0.3694151 0.5949887 0.7138073
-0.4794183 -0.7722172 0.4169397
-0.1139345 -0.1837353 0.9763505
0.2930509 0.473057 0.830866
-0.006472257 -0.01048395 0.9999241
0.5030389 0.8170753 0.2816734
0.521431 0.8502101 0.07247438
0.4182077 0.6845968 0.5970172
-0.07799841 -0.127744 0.9887354
0.4659528 0.7637344 0.4467637
0.1694971 0.2778465 0.9455538
0.2517642 0.4130489 0.8752173
0.3793543 0.6226655 0.6843815
-0.01464072 -0.02406905 0.9996031
0.4769502 0.7842523 0.396821
-0.5017667 -0.8259503 0.2569752
-0.4034736 -0.6643115 0.6292052
-0.5165735 -0.8532758 0.07121981
0.198801 0.3285226 0.9233369
-0.4667547 -0.7742503 0.4274068
-0.5149974 -0.8568918 0.02267396
-0.5106201 -0.8510881 0.1221317
0.3456896 0.5774268 0.7396466
0.5121229 0.8583624 0.03072433
-0.07802112 -0.1308076 0.988333
-0.4335929 -0.7271357 0.532232
0.00667584 0.01120656 0.9999149
0.4692861 0.7901495 0.3942516
0.5086732 0.8598229 0.04422978
0.507574 0.8584477 0.07373091
-0.3952517 -0.668635 0.629844
-0.4232603 -0.716364 0.5546831
-0.2787131 -0.4717487 0.8365239
0.3462245 0.5860668 0.732567
-0.5047579 -0.8551148 0.1183144
-0.3148248 -0.5335699 0.7849768
-0.4513851 -0.7650302 0.4593259
-0.279576 -0.47384 0.8350527
-0.05313776 -0.09030131 0.9944959
0.3332205 0.5664343 0.7537349
0.4562819 0.7773817 0.432995
0.434965 0.7436852 0.5076789
-0.1839513 -0.3148687 0.9311389
0.04537841 0.07775516 0.9959392
0.3938527 0.6751805 0.6237078
0.3185443 0.5466511 0.7744043
-0.4872381 -0.8403447 0.2375284
-0.04479003 -0.07753222 0.9959832
-0.4369754 -0.7578392 0.4844917
-0.4711385 -0.8200812 0.3248006
-0.2114531 -0.3688297 0.9051256
0.1447964 0.2526195 0.9566699
0.4753803 0.8331211 0.2827062
-0.4398047 -0.7719725 0.4589447
-0.3697158 -0.6493922 0.6645299
-0.4912519 -0.8632764 0.115868
-0.2711165 -0.4767337 0.8361943
-0.3064182 -0.539567 0.7842036
-0.4833255 -0.8535715 0.1944535
-0.4916294 -0.8700161 0.03704812
-0.4897874 -0.8668639 0.09303344
-0.4012403 -0.7103801 0.5782441
-0.4762301 -0.8453302 0.2421192
-0.434932 -0.7727764 0.4622238
0.2989727 0.5321082 0.7921339
-0.485747 -0.8682633 0.10084
-0.4011155 -0.7170784 0.5700042
0.4319201 0.7731164 0.4644741
0.06203236 0.1110351 0.9918786
0.3045698 0.5466501 0.780007
0.3792241 0.6811228 0.6263072
-0.4703188 -0.8450274 0.2544188
0.4733267 0.8505265 0.229274
0.4533589 0.8168073 0.3567795
0.3461863 0.6250228 0.6996439
-0.397076 -0.7178457 0.5718638
-0.4005507 -0.7245117 0.5609296
0.01274998 0.02306269 0.9996527
-0.4800299 -0.8702995 0.1102274
-0.1785479 -0.3250545 0.9286873
0.3056565 0.5581355 0.7714006
0.1537578 0.281027 0.9473027
0.4426069 0.8097402 0.385253
0.2529273 0.4627368 0.8496484
0.1843345 0.3372785 0.9231814
-0.475896 -0.8719559 0.1149602
-0.4731471 -0.8717405 0.1272804
0.1369458 0.253974 0.957467
-0.3620051 -0.6792352 0.6384292
-0.4635738 -0.8711156 0.1620402
-0.4484489 -0.8465641 0.2867452
0.374153 0.7064169 0.6008201
0.3787736 0.7168776 0.585335
0.4060157 0.7701778 0.4919119
-0.4491346 -0.852436 0.2676398
0.2413656 0.4588755 0.8550883
-0.3487682 -0.6641027 0.6613081
0.3796792 0.7230903 0.5770478
-0.4401858 -0.8385471 0.3210534
0.4229426 0.8060872 0.413936
0.4608096 0.8787986 0.1239655
0.2577028 0.4921472 0.8314929
-0.3897558 -0.7459849 0.5399972
0.229849 0.4401688 0.8679982
0.1828416 0.3502818 0.9186249
0.1341766 0.2571574 0.9570093
-0.107568 -0.2062678 0.972565
0.4550005 0.875297 0.1637977
-0.1542761 -0.2969368 0.9423521
0.1442517 0.2781003 0.9496587
-0.3902269 -0.7524092 0.5306632
-0.2707262 -0.5228139 0.8083149
-0.4048559 -0.7827822 0.4725926
-0.1093818 -0.2115922 0.971218
0.175069 0.3390284 0.9243433
0.2663776 0.515913 0.8141724
0.4565254 0.8847067 0.0942268
-0.2747668 -0.5327165 0.8004476
0.2198779 0.4263685 0.8774188
0.01845674 0.03588957 0.9991853
0.337768 0.6574018 0.673599
-0.4545665 -0.8865636 0.08587372
-0.451772 -0.884713 0.1148262
-0.3545157 -0.6956011 0.6248661
0.3610611 0.7094973 0.6051846
0.09074362 0.1783838 0.9797677
-0.2962624 -0.582881 0.756623
-0.1307649 -0.25785 0.9572951
-0.1490613 -0.2943774 0.943993
0.4339554 0.8571785 0.2773584
-0.3053367 -0.6042786 0.7359462
0.4436693 0.8787149 0.1761184
-0.3414168 -0.6800887 0.6487788
0.4226639 0.8423315 0.3344142
-0.445713 -0.8897169 0.09871061
-0.07680341 -0.1533506 0.9851826
0.405141 0.8092228 0.4254636
-0.2403099 -0.4802018 0.8435978
0.02790495 0.05581207 0.9980513
-0.2350468 -0.4703309 0.8506126
0.2218825 0.4449575 0.8676295
0.3578644 0.7176673 0.5974
-0.1360448 -0.2743968 0.9519445
-0.2112078 -0.4269199 0.8792785
0.3642798 0.7368937 0.5694628
-0.3626987 -0.7344019 0.5736755
-0.3569341 -0.7236395 0.5907147
-0.3276283 -0.6654324 0.6707156
-0.1193918 -0.2426535 0.9627382
-0.4301863 -0.8752058 0.221257
0.4174621 0.849609 0.3223198
0.3166636 0.6451825 0.6953155
0.4205823 0.8602586 0.2882111
-0.3295267 -0.677412 0.6576664
-0.3115529 -0.6406406 0.7017937
-0.2803412 -0.5774728 0.7667685
0.02122783 0.04372888 0.9988179
0.07639296 0.1577082 0.9845264
-0.3584762 -0.7408329 0.5680329
0.4046127 0.8367213 0.3690338
0.3311169 0.6847381 0.6492267
-0.3935443 -0.8188257 0.4179084
0.4115725 0.8598889 0.3019921
-0.2746211 -0.574083 0.7713702
0.4272459 0.8942249 0.1335022
-0.2789541 -0.585141 0.7614424
0.4111292 0.862671 0.2945699
0.2081878 0.4371193 0.8749769
0.3618136 0.7611606 0.5382616
-0.3926119 -0.8267713 0.402871
0.388686 0.821214 0.4177688
-0.4275473 -0.903778 0.01971704
-0.2138818 -0.4522622 0.86586
0.1599519 0.3387131 0.9271941
-0.3432491 -0.7276899 0.5938414
0.1534737 0.3262906 0.9327273
0.09538254 0.2028119 0.9745612
-0.2677992 -0.5700917 0.7767105
-0.2693547 -0.573683 0.7735218
-0.04210005 -0.08969288 0.9950793
0.06388833 0.1361785 0.9886221
-0.4211382 -0.8980334 0.1271955
0.3363639 0.7181392 0.6092088
0.4000722 0.8562915 0.3266605
-0.2706628 -0.5794546 0.7687483
-0.1410937 -0.302486 0.9426531
0.3905295 0.8436145 0.3685124
0.4105475 0.8876552 0.2086122
-0.004758941 -0.01029922 0.9999356
-0.2276042 -0.4929883 0.8397374
0.07374801 0.1598244 0.9843868
-0.008447896 -0.01831978 0.9997965
0.416258 0.9029204 0.10707
-0.2055436 -0.4461648 0.8710274
-0.2345175 -0.5114461 0.8266948
0.015712 0.03429923 0.9992881
0.3575878 0.7810525 0.5119453
0.2388108 0.5232735 0.8180185
0.4138162 0.9098102 0.03164649
-0.06562185 -0.1444064 0.9873402
0.4058077 0.8950636 0.1848817
-0.1536344 -0.3399096 0.9278243
0.2060016 0.4565512 0.8655197
0.2023043 0.4507126 0.869443
-0.3613639 -0.8106047 0.4607995
0.3301058 0.7437451 0.5812687
0.1828823 0.4123874 0.8924633
-0.3692913 -0.8338476 0.4102707
-0.2515568 -0.5681131 0.7835603
-0.3902866 -0.883041 0.2606049
0.0760773 0.1722323 0.9821142
-0.3997462 -0.9070002 0.1324897
0.2646786 0.6007094 0.7543828
-0.0105662 -0.02401678 0.9996557
-0.08109149 -0.1844152 0.9794974
0.1908706 0.4341553 0.8803849
0.2228581 0.5086706 0.831618
-0.4009574 -0.9154771 0.03368685
0.3064068 0.7001741 0.6448807
0.3627085 0.8314937 0.4207859
-0.2953051 -0.6770828 0.6740577
-0.2702467 -0.6200077 0.7365848
-0.278645 -0.6401552 0.7159318
0.3787386 0.8715237 0.3114538
0.04748821 0.1093953 0.9928633
-0.3741797 -0.8621827 0.3415121
-0.2314987 -0.5341899 0.8130495
0.3925757 0.9062021 0.1571055
0.008281292 0.01912804 0.9997827
0.132609 0.3067579 0.9425043
0.1919806 0.4442321 0.8751007
0.2476817 0.5755597 0.779349
0.3949553 0.918137 0.03216828
0.3831438 0.8914798 0.2417943
-0.1921761 -0.4478032 0.8732358
-0.07468661 -0.1741289 0.9818864
0.3693717 0.8625364 0.3458257
-0.3487298 -0.8143737 0.4638782
-0.08751422 -0.2057241 0.9746891
0.1450392 0.3411043 0.9287688
0.2514505 0.5915527 0.7660536
0.3862897 0.911463 0.1414765
-0.06827812 -0.1612859 0.984543
0.3186583 0.7528794 0.5758728
0.04768078 0.1130071 0.9924495
0.1989722 0.4725552 0.8585463
-0.253157 -0.6017474 0.7575036
0.1985794 0.4721361 0.8588676
0.3710561 0.8939939 0.2511817
-0.3416553 -0.8239083 0.452158
-0.3626203 -0.8756663 0.318928
-0.06276373 -0.1516142 0.9864451
-0.05154843 -0.1245342 0.9908754
0.1931217 0.4690315 0.8618082
-0.3488702 -0.8528534 0.388498
-0.2294862 -0.5614086 0.7950826
-0.087603 -0.2143362 0.9728236
-0.2346655 -0.5765878 0.7826101
-0.1645368 -0.4050695 0.8993589
0.3676358 0.905818 0.2105651
-0.0187361 -0.04620452 0.9987563
-0.3413537 -0.84258 0.4165773
-0.05773408 -0.1425561 0.9881015
-0.350412 -0.8668073 0.3547628
-0.2955805 -0.7313022 0.6146782
-0.148408 -0.3686886 0.9176295
-0.3685929 -0.9183355 0.1442191
0.2772865 0.6916685 0.6668634
-0.1676066 -0.4186164 0.8925627
-0.1020575 -0.2557064 0.9613524
0.2639886 0.6640126 0.6995694
0.03021635 0.07612538 0.9966403
0.3350787 0.8442032 0.4183817
-0.3624929 -0.9137871 0.183281
-0.3113704 -0.7852694 0.5351639
0.2619432 0.6617858 0.7024423
-0.2958187 -0.7474411 0.5948303
0.3085092 0.7800698 0.5443466
0.264086 0.668442 0.6953013
0.01415993 0.03584816 0.9992569
-0.3337853 -0.8469647 0.4138093
-0.2612603 -0.6633626 0.7012084
0.07753716 0.1968826 0.9773563
-0.1012866 -0.2575271 0.9609479
0.3526577 0.9047084 0.2390299
-0.3604609 -0.9271189 0.1025596
-0.1159287 -0.3011225 0.9465125
-0.3407267 -0.8859432 0.3146583
0.3093902 0.8090978 0.4996384
0.1285338 0.3363011 0.9329419
0.3385106 0.8862157 0.316279
-0.3484416 -0.9139432 0.2080777
0.2439948 0.6404289 0.7282289
0.291674 0.7668803 0.5716825
-0.0200857 -0.05292248 0.9983966
-0.2586649 -0.6845832 0.681497
0.1705754 0.4526997 0.8751954
-0.04236262 -0.112483 0.9927502
-0.3514683 -0.9359793 0.02031679
0.2740109 0.7302031 0.6258766
-0.1316171 -0.3522012 0.9266236
0.326697 0.8751701 0.3568562
0.3104965 0.8352969 0.4537302
-0.1809833 -0.4869856 0.8544531
0.01288155 0.03471628 0.9993142
0.113862 0.3077585 0.944627
0.2758118 0.7466457 0.6053495
-0.06930301 -0.1881638 0.9796895
0.0468628 0.1272767 0.9907596
0.1547109 0.4231097 0.8927725
0.321097 0.879562 0.3510945
-0.3422562 -0.9389487 0.03515726
-0.3399363 -0.9340754 0.1092999
0.1808944 0.4974823 0.8484036
-0.334438 -0.9198557 0.2049797
-0.3282757 -0.9039863 0.2739412
-0.3294982 -0.9073725 0.2609715
-0.3028718 -0.8342736 0.4607127
-0.2990517 -0.8315476 0.4680776
-0.2674136 -0.7447626 0.6114071
0.2211467 0.616963 0.7552819
0.3143489 0.8770746 0.3632148
-0.1729906 -0.4840133 0.857791
-0.04148947 -0.1162536 0.9923526
-0.1195335 -0.3350226 0.934597
-0.3341205 -0.9368785 0.1030637
0.006612916 0.01854621 0.9998061
0.3345354 0.9383032 0.08759634
0.2772559 0.7781556 0.5635628
0.07008563 0.1973737 0.9778199
-0.3270575 -0.921582 0.2090931
-0.332971 -0.9387174 0.08910687
-0.3028492 -0.8551878 0.4206378
-0.1429354 -0.405722 0.9027508
-0.2976059 -0.8447701 0.4447405
0.2190314 0.6231161 0.7508339
-0.1901931 -0.5422239 0.8184252
-0.3267743 -0.937852 0.1168431
-0.03202739 -0.09206683 0.9952376
0.01710774 0.04925299 0.9986398
-0.2693379 -0.775463 0.5710642
-0.1081791 -0.3121801 0.9438437
-0.2682341 -0.7741786 0.5733219
-0.2453652 -0.7096767 0.6604202
-0.3251929 -0.9420033 0.08294261
0.1618051 0.4700109 0.8677032
-0.3252408 -0.9450459 0.03326676
-0.1647679 -0.4796833 0.8618326
0.3188937 0.9291222 0.1871863
-0.2174495 -0.6343452 0.7418368
0.2273077 0.6659008 0.7105684
0.02878117 0.08443882 0.9960129
-0.002112348 -0.006202128 0.9999785
0.02918931 0.08581179 0.9958837
-0.2049919 -0.6034967 0.7705648
-0.319075 -0.9397914 0.122406
-0.3152215 -0.931937 0.1792449
0.2064368 0.6127393 0.7628463
-0.1613155 -0.4805664 0.8619938
0.2569413 0.7660988 0.5891297
0.2632239 0.7848666 0.5609791
-0.1814386 -0.5416323 0.8208011
0.2752435 0.8241422 0.4950057
0.1900042 0.5692524 0.7999063
0.3106744 0.9321516 0.185943
0.314792 0.9462717 0.07399922
-0.2937601 -0.8841189 0.3633715
0.2904695 0.8751358 0.3869947
-0.306578 -0.9237553 0.2295346
-0.2942957 -0.8874376 0.3547456
0.1313169 0.3962454 0.9087054
0.1957678 0.5912665 0.7823548
-0.1925676 -0.5826516 0.789579
-0.1766065 -0.5345731 0.8264634
-0.2236871 -0.6812906 0.6969987
-0.2649769 -0.8076215 0.5268156
0.2014662 0.6140552 0.763117
0.3107946 0.9492542 0.04820027
-0.07297231 -0.2232667 0.9720221
-0.06781878 -0.2076745 0.9758442
-0.2655841 -0.8139067 0.5167408
-0.002981761 -0.009139422 0.9999538
-0.009866713 -0.03032653 0.9994913
-0.2496352 -0.7741256 0.5817318
0.04004185 0.1244651 0.9914157
-0.0958541 -0.2980868 0.9497138
-0.1982656 -0.621866 0.7576103
0.2724648 0.8562219 0.4389156
-0.2805308 -0.8848847 0.3718622
-0.2527557 -0.7983128 0.5466362
-0.08394216 -0.265379 0.9604831
-0.2970904 -0.940433 0.1652973
-0.1865664 -0.5909685 0.7848243
0.227198 0.726383 0.6486515
0.2140567 0.6873433 0.6940742
-0.2925699 -0.9400102 0.1754529
-0.1914714 -0.6157385 0.764333
0.07250398 0.2339949 0.9695306
0.2934508 0.9488493 0.116497
-0.1293081 -0.4205306 0.8980164
0.2191873 0.7237217 0.6543576
0.1583177 0.5259466 0.8356528
0.09674497 0.3226213 0.941571
0.2208831 0.7386787 0.6368394
0.1435943 0.4812544 0.8647398
0.1914936 0.6474749 0.7376357
-0.2631509 -0.8925429 0.3662223
-0.265213 -0.9001436 0.3455482
-0.1889817 -0.6426826 0.7424587
-0.2569769 -0.8757984 0.408583
0.2733698 0.9335282 0.2319355
0.09866332 0.3369557 0.9363367
-0.266294 -0.9099512 0.317925
-0.04605852 -0.1578684 0.9863854
0.08416057 0.2892061 0.9535601
0.1101624 0.3811311 0.9179342
0.2531488 0.8760352 0.4104609
0.2619365 0.910646 0.3195516
0.2216119 0.77075 0.5973547
-0.2331777 -0.8110698 0.5364643
0.1966335 0.6882342 0.698333
0.2542107 0.8916813 0.3745415
-0.04919375 -0.1740972 0.9834989
-0.2501229 -0.8861775 0.390036
-0.1051633 -0.3731133 0.9218065
-0.2401418 -0.8549986 0.459684
0.129133 0.4618431 0.877511
0.1245303 0.4454639 0.8865969
0.265949 0.9521447 0.1506369
0.2669472 0.9605778 0.07764968
-0.1811154 -0.6522594 0.73604
-0.02318773 -0.08409679 0.9961877
0.2651557 0.962519 0.05700536
-0.2268787 -0.8246983 0.5180722
0.1869704 0.6805398 0.7084543
-0.196069 -0.7164978 0.6694683
0.2008682 0.7360069 0.6464873
-0.08695961 -0.3191743 0.9436979
-0.1088616 -0.4000274 0.9100149
-0.1041234 -0.3827763 0.9179546
-0.261962 -0.9648091 0.0227867
0.1881204 0.6961685 0.6927916
-0.1782591 -0.6599459 0.7298597
0.2595238 0.9616973 0.08823654
0.2600368 0.9650651 0.0320963
-0.1000466 -0.3714243 0.9230573
0.03864482 0.1435112 0.9888939
-0.1900963 -0.7069504 0.6812375
-0.1828002 -0.6824882 0.7076679
0.2236797 0.8358318 0.5013508
0.1325342 0.4988359 0.856503
-0.08663779 -0.3269509 0.9410616
0.1157899 0.4373187 0.8918212
-0.1656999 -0.6266916 0.7614468
0.08164356 0.3092947 0.9474551
-0.254553 -0.964831 0.06560418
0.2472673 0.9452167 0.2131296
-0.2513112 -0.9667846 0.04658601
0.1935943 0.7454184 0.6378657
0.06363366 0.2459276 0.9671972
-0.2500055 -0.9664322 0.05921299
-0.2293008 -0.8867908 0.401277
0.1937587 0.7496145 0.6328788
-0.1457615 -0.5640025 0.8128068
-0.06915645 -0.2678498 0.9609755
-0.1549446 -0.6018194 0.7834575
0.2123103 0.8276362 0.5195601
0.02877101 0.1123847 0.9932482
0.05239658 0.2058952 0.9771703
-0.06414724 -0.2525177 0.9654636
-0.2428976 -0.9570516 0.1582813
0.1006325 0.3991988 0.9113251
-0.2442511 -0.9695091 0.01983575
-0.2378188 -0.9463051 0.2189724
-0.09958421 -0.396604 0.9125723
-0.2400469 -0.9569286 0.1632945
-0.09287516 -0.3703258 0.9242473
0.1628179 0.6496704 0.7425758
-0.03671205 -0.1469065 0.9884689
-0.09306422 -0.3731753 0.9230814
0.1459486 0.5897253 0.7943067
-0.2020784 -0.8183464 0.5380273
-0.225162 -0.9201759 0.3202785
0.1331747 0.5465626 0.8267611
-0.09951745 -0.4087281 0.9072142
0.0178384 0.07339071 0.9971437
-0.1957232 -0.8064423 0.5579814
-0.1764444 -0.7302664 0.6599836
0.1917718 0.7943071 0.5764545
0.2327248 0.97078 0.05852674
0.2261652 0.9458432 0.2328731
-0.1173537 -0.4920398 0.8626267
-0.004227456 -0.01774269 0.9998336
-0.2294029 -0.9633462 0.1390624
0.2242823 0.9430689 0.2455983
-0.002963987 -0.01255209 0.9999169
0.1913191 0.8113959 0.5522985
0.1085735 0.4611748 0.8806416
0.2282291 0.9698285 0.08569729
-0.1216424 -0.5185592 0.8463448
0.1974008 0.8484076 0.4911594
-0.1067945 -0.4590312 0.8819781
0.1549836 0.6668112 0.7289327
-0.1065677 -0.4588844 0.8820819
-0.1840729 -0.7944359 0.5787821
-0.03707653 -0.1601937 0.986389
0.0337095 0.1456868 0.9887563
-0.1934483 -0.8382608 0.5098006
-0.2230121 -0.9682329 0.1130956
-0.1245172 -0.5432375 0.8302942
-0.2202509 -0.9629171 0.155821
-0.1998216 -0.8789468 0.4330403
0.183501 0.8111535 0.5552993
-0.03846449 -0.1707736 0.9845592
-0.164508 -0.7309082 0.6623521
0.2193402 0.9754372 0.02029987
-0.136266 -0.6062102 0.7835437
-0.217266 -0.9759351 0.01860503
0.1146827 0.5168761 0.8483437
0.1731086 0.7810066 0.6000517
0.1934509 0.8745667 0.4446458
0.1881259 0.8565911 0.4804792
0.1989596 0.9068775 0.3714679
0.1049195 0.4785657 0.8717607
0.2129703 0.9737278 0.08060907
0.05829245 0.2685182 0.9615092
-0.0424719 -0.195662 0.9797512
0.1666094 0.7679195 0.618499
-0.1294769 -0.5973474 0.7914618
-0.1093331 -0.5066538 0.855189
-0.01973845 -0.09178849 0.9955829
-0.2100973 -0.9774432 0.02153794
0.163327 0.7607155 0.6282008
0.1715875 0.8000373 0.5748897
-0.07584487 -0.3548301 0.9318493
-0.1699881 -0.7971746 0.5793244
0.04157916 0.19622 0.979678
-0.1512931 -0.7152848 0.6822595
-0.134304 -0.6352012 0.76058
-0.0611598 -0.2901393 0.9550281
-0.1992932 -0.9470143 0.2518851
-0.2054785 -0.9775056 0.04755316
0.09786037 0.4663992 0.8791445
-0.1221604 -0.5832701 0.8030397
-0.119197 -0.5705295 0.8125812
-0.02743625 -0.1316495 0.9909166
-0.1469554 -0.7055571 0.6932484
0.1778707 0.8545032 0.4880433
0.08230656 0.3958174 0.9146334
0.04414056 0.2122963 0.9762079
0.02256021 0.1085163 0.9938387
0.1330832 0.64244 0.7546918
0.1819004 0.8797518 0.4392596
0.0140896 0.06820171 0.9975721
-0.1795819 -0.8749171 0.4497449
0.1138449 0.5577515 0.8221634
0.1934222 0.9484662 0.2509973
0.09338887 0.4582988 0.8838782
0.09870507 0.4856567 0.8685591
-0.1717916 -0.8452974 0.5059249
0.09145532 0.4501055 0.8882798
-0.05673129 -0.279517 0.9584633
0.01781588 0.08786881 0.9959728
0.1484357 0.7347315 0.6619188
-0.1141654 -0.5656232 0.8167231
0.1396577 0.6948225 0.7054909
0.1490384 0.741976 0.6536506
-0.1871737 -0.9334151 0.3061082
0.09168704 0.4579051 0.8842604
0.1353671 0.6769358 0.7234872
-0.1842655 -0.9270127 0.32664
-0.1641418 -0.8266445 0.538253
-0.1870038 -0.9435104 0.2735282
-0.05658952 -0.2863176 0.9564621
-0.1745894 -0.8863527 0.4288327
-0.02780276 -0.1411566 0.9895968
-0.1000175 -0.5078378 0.8556269
0.1582138 0.8050474 0.5717229
-0.1907968 -0.9715108 0.1405825
-0.1125415 -0.5734044 0.8115059
-0.1705675 -0.8785402 0.446177
-0.105907 -0.5466178 0.830658
-0.0328351 -0.1697668 0.9849371
0.04754005 0.2460628 0.9680873
0.1023428 0.5345253 0.8389331
-0.1571086 -0.8210753 0.5487734
-0.1095176 -0.575107 0.8107144
0.1332256 0.6996815 0.7019237
-0.1784638 -0.9412643 0.2866571
0.1180609 0.6228287 0.7733991
-0.1713682 -0.9151959 0.3647594
0.1286354 0.6871276 0.7150584
0.1152917 0.6162158 0.779093
-0.1641284 -0.8792713 0.4471508
-0.1547855 -0.8378341 0.5235223
-0.09192369 -0.5011527 0.8604627
-0.1681921 -0.9190004 0.3565804
-0.07806131 -0.4273642 0.9007032
0.1398132 0.7709631 0.6213439
-0.1600375 -0.8831052 0.4410364
-0.05867756 -0.3243275 0.9441232
-0.1460612 -0.8084086 0.5702119
-0.1123708 -0.6228452 0.774233
0.125379 0.6966466 0.7063736
0.01112853 0.06251173 0.9979822
-0.1535103 -0.8634204 0.480562
-0.1017847 -0.575446 0.8114812
-0.1582865 -0.8952441 0.4165134
0.1486023 0.8435173 0.5161355
0.1221219 0.6941877 0.7093586
-0.1697225 -0.9663114 0.1934852
-0.1269555 -0.7263283 0.6755217
0.1496101 0.8560069 0.4948425
0.1160618 0.6649411 0.7378232
0.03232183 0.1859017 0.9820366
-0.09785669 -0.5655036 0.8189199
0.1635148 0.9512754 0.2614155
0.1266271 0.7375919 0.6632675
0.1588978 0.9256886 0.3432958
0.1282017 0.7478159 0.6514106
0.1576261 0.9281668 0.3371356
-0.160164 -0.9479314 0.27527
0.1150831 0.6851484 0.7192548
-0.1237235 -0.7422709 0.6585791
-0.1506526 -0.9040336 0.4000338
-0.1637562 -0.9834149 0.0779675
0.1435456 0.8670284 0.4771337
0.02791179 0.1692685 0.9851747
-0.09075987 -0.5508591 0.8296487
-0.1431649 -0.8720971 0.4679215
-0.0008247417 -0.005030128 0.999987
0.1133482 0.6942371 0.7107651
-0.1608522 -0.9869196 0.01077718
0.05085267 0.3125687 0.948533
-0.1524071 -0.9376339 0.3124337
-0.09528265 -0.589106 0.8024184
-0.004699075 -0.02924807 0.9995611
-0.137267 -0.8576781 0.4955261
0.04994313 0.3125915 0.9485738
0.1551067 0.9724444 0.1740515
-0.1084741 -0.680647 0.7245364
-0.1474848 -0.9295955 0.3377876
0.09676238 0.6145427 0.7829268
-0.1527311 -0.9700172 0.1890499
0.1484989 0.9436376 0.2957974
0.1534165 0.9836396 0.09442747
-0.1447515 -0.9281217 0.3429825
0.01002136 0.0645241 0.9978659
-0.1312472 -0.8540311 0.5033935
0.1334825 0.8687519 0.4769199
-0.1023634 -0.6664882 0.7384546
-0.1506623 -0.9815174 0.1180024
0.0418824 0.273694 0.9609045
0.1487531 0.9754965 0.162108
0.09860907 0.6493863 0.7540383
-0.07305835 -0.4831613 0.8724779
0.1315158 0.8718281 0.4718255
0.004801627 0.03184297 0.9994814
-0.05596829 -0.3732945 0.9260231
-0.1172901 -0.7835014 0.6102201
-0.1465913 -0.9833494 0.1074004
-0.1359477 -0.9209391 0.3652251
-0.09234471 -0.6394626 0.7632562
0.140769 0.9769382 0.1605482
0.0919407 0.6384317 0.7641674
0.03141134 0.2191092 0.9751946
-0.1075223 -0.7549016 0.6469641
-0.1347757 -0.9574478 0.2552045
0.1382688 0.9834026 0.1174781
-0.01876226 -0.1340077 0.9908026
-0.1380259 -0.989974 0.03000492
-0.123324 -0.8858479 0.447286
-0.02572776 -0.1854615 0.9823146
0.07118896 0.5146517 0.8544388
0.1347726 0.9816693 0.1347653
-0.04347684 -0.3173516 0.9473108
-0.1022442 -0.7480894 0.655674
0.09724157 0.7211326 0.6859387
-0.1278577 -0.9518495 0.2786305
-0.1288514 -0.9614336 0.2429872
0.04045111 0.3053384 0.9513844
0.1212466 0.9170737 0.3798356
-0.1005421 -0.7623307 0.6393303
-0.1087967 -0.8381907 0.5344152
0.1123504 0.8716481 0.4770817
0.1183668 0.9205104 0.3723573
0.09182733 0.7142045 0.6938874
-0.02100738 -0.1634157 0.9863336
0.07191278 0.5608428 0.8247932
-0.05943074 -0.4636605 0.8840175
0.009305371 0.07265633 0.9973136
0.113912 0.8979022 0.4252008
-0.06724413 -0.5302044 0.8451991
-0.07093604 -0.5609583 0.8247993
0.08344339 0.6602382 0.7464066
-0.1054827 -0.8397605 0.5326121
0.04584784 0.3653257 0.92975
-0.1196531 -0.9569012 0.264619
-0.09121329 -0.7338303 0.6731814
0.1206708 0.9733096 0.1952102
-0.008093521 -0.0653732 0.9978281
-0.1062203 -0.8604217 0.4983891
0.1214383 0.9846212 0.1255942
-0.09113678 -0.7398673 0.6665512
0.03470406 0.2822155 0.9587231
-0.1000478 -0.8143153 0.5717351
0.07091489 0.5801924 0.8113864
0.1137209 0.9369171 0.3305358
0.05015433 0.4132194 0.9092493
-0.1171813 -0.9686835 0.2189082
-0.06346975 -0.525203 0.8486068
-0.08696169 -0.7209476 0.6875116
-0.005522734 -0.04588116 0.9989316
-0.08972441 -0.7478487 0.657778
0.116988 0.9756191 0.1856911
-0.1169816 -0.980518 0.1577968
-0.1167776 -0.979262 0.1655566
0.03332915 0.2800633 0.9594028
-0.07969993 -0.6713455 0.7368468
0.1167659 0.9870721 0.1097928
0.1063708 0.908727 0.4036092
0.1111186 0.9647173 0.2386907
0.0918574 0.8043812 0.5869694
-0.05619632 -0.5012183 0.8634942
-0.07429811 -0.6652755 0.7428918
-0.005001323 -0.04493828 0.9989772
-0.02110772 -0.191142 0.9813354
-0.0977071 -0.8879924 0.4493581
-0.1052543 -0.9584383 0.2651747
-0.05441136 -0.4981224 0.8653979
0.1081756 0.9938625 0.02313746
-0.1008971 -0.9292754 0.3553407
0.005515917 0.05119479 0.9986734
-0.09519532 -0.8848499 0.4560466
0.06043429 0.5619915 0.8249323
-0.07503428 -0.701861 0.7083508
0.01536968 0.14396 0.9894642
0.1022774 0.9667249 0.234483
-0.07990724 -0.7619138 0.6427303
-0.08995199 -0.8579032 0.5058761
-0.04873327 -0.4665256 0.8831642
0.0306721 0.2940133 0.9553091
0.092254 0.8897777 0.446973
-0.09671372 -0.9391525 0.3296044
-0.02553083 -0.2488661 0.9682013
0.04751282 0.4633906 0.8848795
-0.07629648 -0.7444813 0.6632695
-0.1009641 -0.9881596 0.1155286
-0.09956269 -0.9774973 0.1859736
-0.07503439 -0.7401915 0.6681964
0.09588613 0.9472334 0.3058673
0.04884521 0.4828826 0.8743218
0.0453402 0.4496857 0.8920354
0.09479032 0.946261 0.3092004
-0.07227134 -0.7248083 0.6851494
0.08756411 0.8945894 0.4382265
0.027935 0.2861994 0.9577628
-0.0862135 -0.8856015 0.4563739
-0.09047618 -0.9313734 0.352644
-0.0215355 -0.222319 0.9747361
0.08079381 0.8347293 0.5447012
0.08021572 0.8293413 0.5529543
0.001548431 0.01606946 0.9998697
-0.05828385 -0.6088657 0.7911293
0.06707454 0.7134104 0.697529
-0.04936734 -0.528465 0.8475185
-0.08666916 -0.9321137 0.3516425
0.01191612 0.1282969 0.9916642
0.09236126 0.9948636 0.0414231
-0.07950588 -0.8635781 0.4979072
-0.08284876 -0.9014734 0.4248314
-0.07928797 -0.8639831 0.497239
-0.06780536 -0.7467403 0.6616505
-0.04329374 -0.4819254 0.875142
0.04149818 0.4622398 0.8857834
-0.08131237 -0.9174488 0.3894561
-0.05149419 -0.5854754 0.8090531
-0.07893639 -0.9083108 0.4107803
0.07754856 0.9008229 0.4272051
-0.07724041 -0.8981342 0.4328843
-0.08215037 -0.9571213 0.2777951
0.04877983 0.568409 0.8212988
-0.0529357 -0.6183289 0.7841347
0.004100245 0.04864428 0.9988077
-0.05715861 -0.6837901 0.7274365
0.05116213 0.6122757 0.7889873
-0.07895705 -0.9467967 0.3119966
-0.0814469 -0.9864083 0.1427064
-0.03593655 -0.4353923 0.8995233
0.07347582 0.8954774 0.4390005
0.01493957 0.1835791 0.9828914
0.03168026 0.3948868 0.9181834
0.003953551 0.04931783 0.9987753
0.0385721 0.4824232 0.8750886
0.01525381 0.1910746 0.981457
0.06113039 0.7706381 0.6343343
0.004229221 0.05365077 0.9985508
-0.0743207 -0.9429388 0.3245656
-0.001033212 -0.01331571 0.9999108
0.002009127 0.02641136 0.9996492
0.07340702 0.9655107 0.249801
-0.06707619 -0.8867043 0.4574454
-0.03706007 -0.4899236 0.8709773
-0.07031685 -0.9486803 0.3083201
0.07311206 0.9873755 0.1405143
-0.03148936 -0.4410203 0.8969446
-0.05474551 -0.7738499 0.6309986
0.06133874 0.8711579 0.4871565
0.06321262 0.8980405 0.4353475
-0.06548733 -0.9311806 0.3586281
0.04383098 0.6245852 0.7797257
-0.06533032 -0.9313372 0.3582497
0.03805169 0.5434009 0.8386105
-0.03502506 -0.5006422 0.8649455
-0.05098616 -0.7297733 0.6817854
0.02775135 0.400735 0.9157736
-0.05007387 -0.772544 0.6329838
-0.05832207 -0.9024246 0.4268821
-0.06374913 -0.9978476 0.01536896
-0.02174925 -0.3408533 0.9398649
0.03303937 0.518451 0.8544688
0.06335711 0.9975745 0.02882606
0.009165828 0.1457688 0.9892762
-0.004762694 -0.0765448 0.9970548
-0.01786033 -0.2899064 0.9568883
0.01371942 0.2310216 0.9728519
0.05226677 0.8836024 0.4653116
-0.05742812 -0.9945952 0.08650056
0.0285347 0.4943162 0.8688137
-0.03711263 -0.6566388 0.7532915
-0.05566427 -0.9862111 0.1558502
-0.006875759 -0.1220955 0.9924945
-0.01006943 -0.1801787 0.9835823
-0.0147302 -0.2658191 0.9639104
0.02904667 0.538994 0.8418086
-0.03810018 -0.7077034 0.7054816
-0.05339181 -0.9973636 0.04914369
-0.03235348 -0.6111571 0.7908478
0.04814647 0.9101587 0.4114524
0.03725225 0.7372172 0.674628
0.03983952 0.7995802 0.5992365
-0.03603807 -0.7337204 0.6784952
0.017982 0.369862 0.9289127
0.04658203 0.9674985 0.2485493
0.04697532 0.9769084 0.2084307
0.03963558 0.8271345 0.5606046
0.009830786 0.2116763 0.9772904
-0.03070682 -0.6625078 0.7484254
0.01302901 0.2826107 0.9591462
0.04584929 0.9972766 0.0577688
-0.04260889 -0.9587443 0.2810584
0.04407433 0.9975764 0.05383998
-0.04053875 -0.9517744 0.3041086
0.009566066 0.2248525 0.9743459
-0.04073412 -0.9588104 0.2811108
-0.01000763 -0.2372406 0.9713994
0.02047666 0.4939378 0.8692561
-0.007882372 -0.1902788 0.9816985
0.02470861 0.6021488 0.7980014
0.04017185 0.9872851 0.1537995
0.01601362 0.3963205 0.9179726
-0.02371513 -0.5912544 0.8061364
0.03186816 0.7953649 0.6052926
-0.02058806 -0.5139419 0.8575779
-0.03524618 -0.9199219 0.3905143
-0.02230991 -0.5832715 0.8119708
-0.03591309 -0.9479856 0.3162807
0.01046205 0.2816987 0.9594459
0.02410441 0.6553342 0.7549544
-0.0351982 -0.9667455 0.2533065
-0.03421404 -0.9511088 0.3069552
0.0006970516 0.01944739 0.9998106
-0.004503286 -0.1260441 0.9920144
-0.0163807 -0.459363 0.8880976
0.009936738 0.286035 0.9581677
0.003361396 0.101462 0.9948337
-0.03063847 -0.93009 0.3660517
-0.008540235 -0.2669045 0.9636852
-0.007266747 -0.2332806 0.9723823
0.01260927 0.4202441 0.9073235
0.01919959 0.647379 0.7619264
0.004800064 0.1646422 0.9863417
-0.01362331 -0.4755901 0.8795615
-0.02310325 -0.8446175 0.5348714
0.01675359 0.6141394 0.7890197
0.02696127 0.9912285 0.1293797
-0.01839996 -0.6865877 0.7268141
0.01467665 0.5591253 0.8289533
0.005531318 0.2183603 0.9758525
-0.005611249 -0.2229763 0.9748077
0.02212091 0.9426042 0.3331785
-0.02032293 -0.8943955 0.4468149
-0.02011119 -0.8976671 0.4402152
0.00750728 0.338965 0.940769
-0.007346529 -0.3329656 0.9429104
-0.02077787 -0.9768583 0.2128758
0.01712551 0.8277618 0.5608183
0.01732947 0.843381 0.5370364
0.007576521 0.3740841 0.9273638
-0.01073348 -0.5337182 0.8455943
0.01970363 0.9994377 0.02712853
-0.01553549 -0.8331236 0.5528686
-0.01135638 -0.638118 0.7698548
0.007798673 0.4992968 0.866396
-0.00640458 -0.4532402 0.8913655
-0.00149843 -0.1165607 0.9931824
0.004445298 0.3471844 0.9377863
0.006879206 0.5436805 0.839264
-0.008722929 -0.7169793 0.6970399
-0.01096793 -0.952283 0.3050192
0.01075783 0.9622087 0.2721006
-0.005283664 -0.4966727 0.8679218
0.004545193 0.4391458 0.8984043
0.003444658 0.3490671 0.9370914
0.008970049 0.9907636 0.1353034
-6.023314e-05 -0.006834232 0.9999766
-0.008512266 -0.9768206 0.2138902
-0.006103693 -0.7443248 0.6677899
-0.003712263 -0.512177 0.8588719
0.006435905 0.9988511 0.04748851
-0.00544988 -0.9860836 0.1661609
-0.004914321 -0.9055893 0.4241273
-0.004662455 -0.9986362 0.05200081
0.002765801 0.6074429 0.7943585
-0.004363912 -0.990805 0.1352274
-0.0008985252 -0.2320064 0.9727138
-0.002831301 -0.9531645 0.3024392
0.0007427735 0.3034448 0.9528487
-0.001024956 -0.5800163 0.8146042
0.0004527852 0.7453907 0.6666278
-0.0001703787 -0.5251405 0.8510156
0.0002360243 -0.1917524 0.9814433
5.169753e-05 -0.03912095 0.9992345
0.001899009 -0.9786609 0.2054732
-0.002016385 0.8983113 0.439355
0.002764026 -0.8933815 0.4492904
0.003211409 -0.9336893 0.3580699
6.978415e-05 -0.02026876 0.9997945
0.0003984178 -0.1046668 0.9945073
-0.002676285 0.6091257 0.7930692
-0.007397339 0.9563644 0.2920829
0.00703698 -0.8563838 0.5162919
-0.007665956 0.9287112 0.3707244
-0.005295975 0.6250379 0.7805765
-0.001033621 0.1219138 0.9925402
0.005792483 -0.6437803 0.7651885
0.001049794 -0.1022368 0.9947596
-0.009741569 0.8904575 0.4549621
0.003194855 -0.2854893 0.9583766
-0.01022054 0.8111959 0.5846851
-0.005512829 0.4082458 0.9128554
-0.01148255 0.8228908 0.5680835
0.003618098 -0.2517869 0.9677759
0.00462911 -0.3138523 0.9494606
0.0147628 -0.9971728 0.07367858
-0.008122735 0.5061015 0.8624356
0.01505924 -0.8682089 0.4959702
-0.01399864 0.7849215 0.6194371
-0.01518927 0.8378553 0.5456811
-0.004164265 0.2228661 0.9748402
-0.01517689 0.8101947 0.5859643
-0.0185961 0.9764991 0.2147177
-0.01696558 0.8799303 0.4747998
-0.003684677 0.1889783 0.9819744
0.01805075 -0.887781 0.459912
-0.01927562 0.9427256 0.3330119
0.008352968 -0.3872276 0.9219463
0.01750261 -0.8098472 0.5863797
-0.009385076 0.4120654 0.9111059
0.009677576 -0.4200597 0.9074448
-0.00854471 0.3689199 0.9294219
0.0211823 -0.9135067 0.4062719
-0.005624186 0.2418243 0.9703037
0.01615743 -0.6945892 0.7192251
-0.009611842 0.4127702 0.9107845
-0.0222693 0.9548538 0.2962403
-0.01207372 0.5078432 0.8613649
-0.01247218 0.5215626 0.8531219
0.0195145 -0.8100551 0.5860289
0.02415748 -0.9992741 0.02945489
-0.01474251 0.596915 0.802169
0.0170291 -0.6834077 0.7298383
-0.0005347574 0.02024064 0.999795
-0.006793308 0.2535364 0.967302
0.02562289 -0.928556 0.3703069
-0.02490816 0.8678497 0.496202
-0.01068572 0.3627689 0.9318178
0.02912928 -0.9764028 0.2139838
-0.02584016 0.8611963 0.5076153
0.003567125 -0.1187207 0.9929213
-0.02298678 0.7612286 0.6480761
-0.02140605 0.7009378 0.7129011
0.03153474 -0.9973792 0.06511694
-0.03174568 0.937694 0.3460089
-0.02377881 0.690964 0.722498
0.02112266 -0.5939286 0.8042403
-0.0306759 0.8371338 0.5461374
0.005603749 -0.1472175 0.9890882
0.002292047 -0.05908419 0.9982504
0.0264698 -0.6652642 0.7461386
0.01982395 -0.484667 0.874474
0.03591929 -0.8678555 0.4955166
-0.01409459 0.3281602 0.944517
0.008551972 -0.1973503 0.9802957
-0.02327181 0.5319669 0.8464453
-0.02859649 0.6189731 0.7848914
0.006887408 -0.1458471 0.9892832
0.04273296 -0.8870109 0.4597668
-0.04294468 0.8895986 0.4547198
-0.03006943 0.6180674 0.7855498
0.04831614 -0.9878139 0.1479497
-0.04363887 0.8910192 0.4518634
0.04257946 -0.8577252 0.5123422
0.05171981 -0.996026 0.07250727
-0.04750912 0.9148602 0.400966
-0.04045084 0.7743811 0.6314251
-0.02699509 0.5101967 0.859634
0.04308439 -0.8122832 0.5816697
0.02709188 -0.5047017 0.8628686
-0.02855253 0.5272073 0.8492569
0.03288637 -0.5935528 0.8041229
0.05340954 -0.9561746 0.2878846
-0.0308608 0.5372225 0.8428758
-0.03578174 0.6158324 0.7870643
-0.03097788 0.5269703 0.8493189
0.04563174 -0.769105 0.6374913
-0.007483349 0.1257312 0.9920361
-0.01769138 0.2932392 0.9558754
-0.01896068 0.3132984 0.9494655
-0.02925174 0.4726666 0.8807557
0.05803988 -0.9322932 0.3570165
0.06214846 -0.9963051 0.0592763
-0.05832379 0.9235749 0.3789562
-0.02534589 0.3933503 0.9190392
0.01314368 -0.2036579 0.9789539
0.01274602 -0.1972848 0.9802634
0.03613169 -0.5433709 0.8387148
-0.01360128 0.2001599 0.9796689
-0.06744889 0.9918224 0.1083467
-0.05788727 0.8458048 0.5303428
0.06880537 -0.9968067 0.04052426
0.06668479 -0.9609988 0.2683923
0.04642169 -0.6674179 0.7432351
0.06957176 -0.9975713 0.003350403
-0.02460086 0.352109 0.9356356
0.0627071 -0.8927385 0.4461903
-0.03308674 0.469379 0.8823767
-0.06737377 0.9510271 0.3016758
-0.06241363 0.8785434 0.4735674
-0.0678604 0.9535149 0.2936058
0.05586441 -0.7794867 0.6239229
-0.07140803 0.9858907 0.1513946
-0.05453695 0.743348 0.666678
-0.004339345 0.05879715 0.9982605
-0.05630412 0.7617428 0.6454283
0.06117329 -0.8271608 0.5586258
-0.01216697 0.1644423 0.9863117
0.04337416 -0.5715725 0.8194044
-0.006155602 0.08097848 0.9966968
-0.02876982 0.3770764 0.9257352
0.01873212 -0.2454435 0.9692299
0.0626793 -0.8149387 0.5761477
0.0541102 -0.6966425 0.7153749
-0.04877849 0.6259485 0.7783375
0.01772527 -0.2274176 0.973636
-0.03883768 0.4969378 0.8669166
0.01527573 -0.1926206 0.9811544
-0.02421389 0.3032758 0.9525951
-0.004935456 0.06098166 0.9981267
0.06978142 -0.8462269 0.5282335
-0.0518852 0.6259909 0.7781024
-0.08222829 0.9764748 0.1993377
-0.05134213 0.5992216 0.7989352
0.02370248 -0.2750469 0.9611386
0.03973105 -0.4594343 0.8873227
0.01719577 -0.1958013 0.9804928
-0.04802814 0.5375561 0.8418591
-0.0786335 0.8791508 0.4700113
0.08539923 -0.9481609 0.3061012
-0.01948427 0.2149442 0.976432
-0.07365441 0.8062244 0.587007
0.02018382 -0.220547 0.9751675
0.07015163 -0.7620379 0.6437212
-0.06040261 0.6552821 0.7529654
0.08928971 -0.9653646 0.2451502
0.09160326 -0.9878327 0.1256797
0.03821819 -0.4100098 0.91128
-0.01446451 0.1541351 0.9879439
0.07666092 -0.8161353 0.5727532
-0.09239162 0.9604167 0.2627994
0.09686956 -0.9908383 0.09410518
0.08999439 -0.9194059 0.3828758
-0.09468498 0.9671633 0.23586
0.09084853 -0.9248875 0.3692285
0.09030006 -0.9109085 0.4026061
0.08988169 -0.8924306 0.4421413
0.0834491 -0.8173078 0.5701265
-0.09358741 0.9093006 0.4054796
-0.09679542 0.9383237 0.3319325
-0.08238102 0.7933034 0.6032273
0.08650108 -0.829841 0.5512544
0.08190606 -0.7854566 0.6134731
0.01912874 -0.1827119 0.9829804
-0.1028638 0.98146 0.1617261
-0.004389897 0.04185802 0.9991139
-0.07958063 0.7547423 0.6511766
-0.1028372 0.9649373 0.2414965
0.1052066 -0.9834668 0.1473928
-0.02950107 0.2757195 0.9607853
0.106378 -0.9940162 0.02480768
-0.1045454 0.9702471 0.218382
0.09854341 -0.9117948 0.3986469
-0.01371631 0.1261748 0.9919132
0.0471178 -0.4330552 0.900135
0.02943824 -0.2701768 0.9623606
0.09937726 -0.9112081 0.3997799
-0.04533012 0.4151923 0.9086036
0.009209814 -0.08434727 0.9963939
0.02475785 -0.2261185 0.9737851
0.106926 -0.9672054 0.2303922
-0.04456127 0.4028166 0.9141954
0.002408001 -0.02175956 0.9997603
0.003474257 -0.03099748 0.9995134
-0.0003871518 0.003449187 0.999994
0.1083593 -0.957408 0.2676345
0.1084768 -0.9557952 0.2732915
-0.08735234 0.7694444 0.6327123
0.01787163 -0.1569701 0.9874417
-0.09558816 0.8376499 0.5377784
0.01684487 -0.1466883 0.9890394
-0.1136356 0.9866444 0.1167033
0.1132866 -0.9789263 0.1699103
-0.06006772 0.5186433 0.8528781
0.08995256 -0.7712114 0.6301917
-0.06740294 0.5777055 0.8134575
-0.1138354 0.9711898 0.2093606
-0.0890224 0.7551643 0.6494627
-0.0419996 0.356113 0.9334986
0.08952338 -0.7544922 0.6501747
-0.09278236 0.7808638 0.6177727
-0.006891674 0.05799398 0.9982932
-0.05731432 0.4781557 0.876403
0.05912636 -0.4912691 0.8689987
-0.04758887 0.3936131 0.9180436
0.05269983 -0.4338261 0.8994541
-0.09873119 0.8015655 0.589699
-0.008968309 0.07258946 0.9973216
0.1103582 -0.8850374 0.4522499
0.09148873 -0.73342 0.673591
0.1021327 -0.811445 0.5754354
-0.06101247 0.4828973 0.8735489
-0.08158639 0.6427625 0.7617086
0.1007605 -0.7926694 0.6012675
0.1238521 -0.9667017 0.2239386
0.07155993 -0.5552935 0.8285701
0.08652502 -0.6657124 0.741175
0.1192241 -0.9161381 0.3827227
-0.1098594 0.8427612 0.5269578
-0.02131149 0.1632325 0.9863575
0.05363321 -0.4102983 0.9103729
0.002006464 -0.01533253 0.9998804
0.1258053 -0.9581358 0.257194
0.01535098 -0.1166224 0.9930577
-0.04120768 0.3121872 0.9491265
-0.07627603 0.5725999 0.8162789
-0.02368579 0.1763072 0.9840502
0.05026096 -0.3737157 0.9261805
0.02566883 -0.1907251 0.9813078
-0.122363 0.9090857 0.3982343
-0.1189932 0.8772702 0.4650136
-0.1246609 0.9184739 0.3753203
-0.01994217 0.1462069 0.989053
0.05204058 -0.3770114 0.9247455
-0.06393594 0.462782 0.8841634
-0.1349348 0.9742078 0.1808642
0.1305942 -0.9365339 0.3253449
-0.05253543 0.3736414 0.9260843
-0.1351145 0.9518598 0.2751489
0.08203687 -0.576362 0.8130662
0.1171466 -0.822719 0.5562463
0.07368739 -0.5150129 0.8540093
-0.1388514 0.9653722 0.2208546
0.03097058 -0.2151522 0.9760893
-0.008095778 0.05590288 0.9984034
0.1352055 -0.9256712 0.3533444
0.1223079 -0.8327083 0.5400349
-0.1444454 0.982106 0.1208446
0.03953983 -0.2658469 0.963204
0.1469751 -0.9855351 0.08437333
-0.0004578829 0.003004261 0.9999954
-0.0478413 0.3115608 0.9490211
0.1439056 -0.9271348 0.3459947
0.1141212 -0.7333363 0.6702196
-0.02985772 0.1917135 0.9809967
0.08313077 -0.5311517 0.8431887
-0.01044573 0.06623039 0.9977497
0.1313604 -0.8315544 0.5396867
0.1434091 -0.8975796 0.4168749
0.1113647 -0.6947837 0.7105445
-0.156446 0.9758006 0.1527672
0.1570987 -0.9797993 0.1237468
-0.08152533 0.5071152 0.8580139
0.115667 -0.7176112 0.6867716
0.159116 -0.9821546 0.1002714
-0.1022365 0.6301274 0.7697318
-0.07858332 0.4821068 0.8725811
0.1442005 -0.884391 0.443913
-0.01731387 0.1048891 0.9943332
-0.1561714 0.9455425 0.2855868
-0.07298836 0.4414038 0.8943352
-0.1113436 0.6723769 0.7317868
-0.1084023 0.6495726 0.752532
-0.1582831 0.947521 0.2777596
-0.1675322 0.9846249 0.04946538
-0.1226576 0.7199346 0.6831173
-0.08026052 0.4707568 0.8786048
0.09557956 -0.5532952 0.8274835
-0.1702803 0.9792112 0.1102272
-0.0307611 0.176808 0.9837645
-0.1284833 0.7322705 0.6687839
-0.1050211 0.5974509 0.7949988
0.03025744 -0.1719998 0.9846322
0.1705103 -0.9672191 0.1881845
-0.03551371 0.2014132 0.9788623
-0.1601538 0.9057761 0.392327
0.1457326 -0.8236092 0.548115
-0.1703048 0.9617972 0.2143418
-0.04993836 0.2816192 0.9582258
-0.02964944 0.1668832 0.9855308
0.1511676 -0.8476746 0.5085235
0.03876054 -0.2171506 0.9753683
0.1649077 -0.9238082 0.3455196
0.06479784 -0.3629122 0.9295676
0.1562717 -0.8741196 0.4598847
-0.1077587 0.6025696 0.7907578
0.1324499 -0.7402812 0.6591213
0.1645229 -0.9165083 0.364616
0.1561084 -0.8666968 0.4737793
-0.09497242 0.5245391 0.8460727
0.120957 -0.6649473 0.7370309
0.02341733 -0.1278015 0.9915233
-0.1297268 0.7075689 0.6946346
0.03741094 -0.20367 0.9783246
0.1665116 -0.9033608 0.395238
-0.1659873 0.9000361 0.402968
0.1788314 -0.9693088 0.1687004
-0.1651234 0.8927497 0.4192043
0.1828277 -0.9827746 0.02698276
0.1118138 -0.5998799 0.7922385
-0.1805176 0.96773 0.1758184
0.08013227 -0.4266986 0.9008369
0.1226007 -0.6516097 0.7485813
-0.1469877 0.7709915 0.6196505
0.1555271 -0.814008 0.5596448
0.07333761 -0.3838317 0.9204862
-0.1330546 0.6938102 0.7077598
0.02235596 -0.1155401 0.9930512
-0.06458277 0.3319733 0.9410753
0.1380871 -0.7070172 0.6935839
-0.1682734 0.8603971 0.4810415
0.1869538 -0.9552107 0.2293923
0.1925064 -0.9809784 0.02495164
0.05005345 -0.2548378 0.9656875
0.01125419 -0.05679489 0.9983224
0.1951035 -0.9789113 0.06055811
-0.1824389 0.9139688 0.3624598
0.1962713 -0.9797705 0.03908107
0.1001064 -0.4959248 0.862576
0.117416 -0.5809643 0.8054154
0.1847523 -0.9060097 0.3808058
0.1996028 -0.9787993 0.0459413
0.03767284 -0.1845063 0.9821091
-0.1658665 0.8096359 0.563008
-0.1981636 0.9663675 0.1639056
0.2019114 -0.9793124 0.01338195
-0.2024894 0.9792469 0.008574014
-0.1807097 0.8713174 0.4562345
-0.1610925 0.7752 0.6108307
-0.2043226 0.9788284 0.01213432
0.1994146 -0.9427893 0.2671745
-0.151794 0.7174864 0.6798322
0.1984431 -0.9355902 0.2920467
0.1247223 -0.5871095 0.7998417
-0.1972715 0.9284354 0.3147882
-0.175091 0.8229576 0.540448
0.1832867 -0.8584294 0.4790668
-0.2070596 0.9693806 0.132014
-0.162911 0.758496 0.6309864
-0.1358422 0.6290134 0.7654339
-0.01242146 0.05709246 0.9982916
-0.1894013 0.8654689 0.4637788
0.2134212 -0.9660515 0.1455883
-0.02973141 0.1343186 0.990492
-0.1836482 0.8279898 0.5298172
0.1024489 -0.4615304 0.8811889
-0.1095219 0.4920177 0.8636687
-0.09243754 0.4124441 0.9062809
0.1861787 -0.8300486 0.5256965
0.0004980149 -0.002216311 0.9999974
-0.09946322 0.4403958 0.8922772
0.1478696 -0.6545377 0.7414277
0.0736173 -0.3258289 0.9425582
-0.2197613 0.9716352 0.08735058
-0.2087792 0.9204435 0.3304465
0.08546063 -0.3766461 0.9224067
-0.1632579 0.7173692 0.6772949
0.08639412 -0.379274 0.9212422
-0.1735513 0.7579591 0.6287909
-0.09622684 0.417556 0.9035416
0.006517347 -0.02822254 0.9995804
0.1884745 -0.8105804 0.5544698
-0.09949975 0.4278074 0.8983766
-0.2240155 0.9627592 0.1513665
0.01424222 -0.06117933 0.9980252
-0.06671632 0.2860708 0.9558831
-0.1979287 0.8473101 0.4928386
0.1805402 -0.7716869 0.6098398
-0.04191765 0.1788423 0.9829844
0.1507916 -0.639871 0.753543
-0.1579779 0.6691713 0.7261217
0.1504122 -0.6363814 0.7565678
-0.2103139 0.8887427 0.4073137
-0.1176551 0.4961412 0.8602332
0.1947492 -0.819766 0.5385689
0.2241447 -0.9433588 0.2446086
-0.05481913 0.2307016 0.9714791
0.2192736 -0.9173958 0.3321204
0.2017099 -0.843845 0.4972311
0.2248944 -0.9331891 0.2803222
-0.1857064 0.7677606 0.6132347
-0.1314347 0.5431558 0.8292808
-0.03795171 0.1566016 0.9869324
-0.1619851 0.6682839 0.7260561
-0.09729667 0.4010506 0.9108742
-0.01492398 0.06148747 0.9979963
-0.2276888 0.9367599 0.2657793
-0.07702333 0.3167007 0.9453931
-0.2288616 0.9368138 0.2645795
0.1041637 -0.4255884 0.8989018
-0.0302746 0.1236008 0.9918701
0.2066908 -0.8378324 0.5052878
-0.2234387 0.904487 0.3632883
0.1522607 -0.6140971 0.7744039
0.04556666 -0.1835552 0.9819527
-0.05059699 0.2037967 0.9777049
-0.02387009 0.09586541 0.9951081
0.1426961 -0.5712878 0.8082501
0.1954401 -0.7753949 0.6004714
0.2167256 -0.8585235 0.4647228
0.2347959 -0.9277988 0.2899315
0.1878997 -0.7350857 0.6514159
0.1839544 -0.7191055 0.6701104
-0.07398517 0.2890692 0.954445
0.2472281 -0.9642816 0.0950757
0.2451847 -0.9549416 0.1672455
0.2348645 -0.9122612 0.3355861
-0.01627347 0.06317125 0.99787
0.2186041 -0.8460258 0.486264
0.242988 -0.934221 0.261128
-0.2466311 0.9426041 0.2251014
0.2449474 -0.9349826 0.2565314
0.0705876 -0.2692977 0.9604666
0.222109 -0.8473462 0.4823608
0.2041352 -0.7766343 0.5959598
-0.2278975 0.8596045 0.4573213
-0.2561045 0.9611681 0.1027933
-0.2542821 0.9520751 0.1699811
-0.2552997 0.9558793 0.1453166
0.2251278 -0.8424001 0.4895707
-0.2311271 0.8638766 0.447546
0.1933889 -0.7216672 0.6646783
0.0807537 -0.3013338 0.950093
-0.2527247 0.9417353 0.2219567
-0.259759 0.9651494 0.03180931
0.2610908 -0.9653135 0.001195105
0.2614415 -0.9639021 0.05040907
-0.06928079 0.2543274 0.9646335
-0.01198196 0.04387883 0.998965
-0.04216952 0.1544059 0.9871072
0.04188497 -0.1533027 0.9872912
-0.249451 0.9127496 0.3235155
0.228719 -0.8358812 0.4989892
0.2496882 -0.9092137 0.3331462
-0.1355365 0.4932513 0.8592631
0.2020718 -0.7340782 0.6483026
0.1237432 -0.4480863 0.8853848
0.2589889 -0.9370217 0.2343397
-0.2462381 0.8902836 0.3830952
0.2332708 -0.8419722 0.486485
0.2385707 -0.8610733 0.4490399
-0.224252 0.8085914 0.5439586
0.01049929 -0.0378141 0.9992296
-0.1070644 0.3849726 0.916697
-0.2060755 0.7375501 0.6430807
0.2427474 -0.8663307 0.4365144
-0.2036579 0.7233673 0.6597448
0.02334686 -0.08288677 0.9962854
0.1851603 -0.6534191 0.7340022
-0.2479426 0.8746517 0.416544
-0.2694405 0.9498612 0.1586367
-0.08624005 0.303226 0.9490083
-0.03046643 0.1069693 0.9937955
-0.2740143 0.961707 0.005982588
-0.1949596 0.6838294 0.7031131
-0.2038376 0.7142015 0.6696017
0.08747467 -0.3053228 0.9482226
-0.2603983 0.9082923 0.3274108
-0.1761418 0.6130017 0.7701967
0.04236681 -0.147161 0.9882048
-0.2552421 0.8860035 0.3871037
0.06890099 -0.238283 0.9687486
-0.141514 0.4891683 0.8606324
0.2678768 -0.9224946 0.2779312
-0.04922194 0.1694397 0.9843106
-0.1442948 0.4960844 0.8562005
-0.2488008 0.8521443 0.4603783
-0.03281186 0.1123176 0.9931304
0.2741089 -0.9356659 0.2222466
-0.2201273 0.7492295 0.6246592
-0.2116746 0.7185708 0.6624574
0.2499714 -0.8477433 0.4678094
0.1755365 -0.5926279 0.7861165
0.2252787 -0.7595066 0.6102452
0.2824481 -0.9508541 0.126884
-0.08754417 0.2896968 0.9531064
-0.2835009 0.9372241 0.2030722
0.1604522 -0.5302873 0.8324965
-0.2584002 0.8536426 0.4522428
0.2875353 -0.9488369 0.1305062
-0.1081103 0.3555461 0.9283853
0.1797289 -0.5890056 0.7878895
-0.05557853 0.1811798 0.9818783
-0.08644695 0.2817803 0.9555767
0.2554809 -0.8318813 0.492649
0.04790265 -0.1554752 0.9866776
-0.2942904 0.9550718 0.0350861
-0.2944109 0.9542111 0.05294737
-0.2161643 0.6996664 0.6809845
-0.2485338 0.8029521 0.5417553
-0.1939178 0.6255292 0.7557176
0.2124964 -0.6847265 0.6971334
0.2894923 -0.9328043 0.2146401
0.2955468 -0.9521316 0.07808635
0.2932313 -0.9440536 0.1509243
0.111317 -0.357724 0.9271688
0.2477789 -0.7934414 0.5559283
0.115943 -0.370802 0.9214462
-0.1507424 0.4812976 0.8634983
0.00441 -0.01406568 0.9998913
-0.2875283 0.9153339 0.2819421
0.2489746 -0.7889851 0.5617064
-0.2264629 0.7168763 0.6593959
-0.08750542 0.2768696 0.9569148
-0.07120039 0.2239569 0.9719948
0.2770171 -0.8697346 0.40844
-0.01360939 0.04259885 0.9989995
0.2292786 -0.716199 0.6591588
-0.08959238 0.2748285 0.95731
0.1305127 -0.3997121 0.9073018
-0.2482129 0.7594603 0.6013405
-0.04741914 0.1444728 0.9883719
0.3123172 -0.9499617 0.005541209
0.2680295 -0.8147999 0.5140635
0.1264457 -0.3831669 0.9149834
0.08025021 -0.2425162 0.9668225
0.00469539 -0.01414856 0.9998889
-0.2723861 0.8194414 0.5043031
-0.2219198 0.6663081 0.7118884
-0.2961766 0.8888139 0.349699
0.187775 -0.5634117 0.8045544
-0.1414679 0.4233893 0.8948343
-0.06595955 0.1973281 0.978116
-0.1606506 0.4799038 0.862487
-0.2899029 0.8651384 0.4092577
0.3112693 -0.9262646 0.2124744
0.2939402 -0.8733644 0.3883733
-0.2538595 0.7533173 0.6066864
0.06321377 -0.1873491 0.9802573
0.2977025 -0.8802398 0.3695283
0.2834316 -0.8367665 0.4684958
0.08244216 -0.2430645 0.9665003
-0.258251 0.7602601 0.5960797
0.06661978 -0.195684 0.9784015
0.3117845 -0.9120272 0.2664521
-0.2851769 0.8341649 0.4720625
0.05856056 -0.1712247 0.9834901
-0.01136597 0.03312871 0.9993865
-0.06392891 0.1860538 0.9804576
0.2686883 -0.7779412 0.5679913
-0.3270936 0.9440367 0.04248006
0.0367411 -0.1059473 0.9936928
-0.1635349 0.4715594 0.866538
-0.2250683 0.6479049 0.7277111
0.05838243 -0.1679202 0.9840703
0.2821888 -0.8115048 0.5116928
0.3075372 -0.8791636 0.3639947
0.3290368 -0.9354774 0.1289062
0.2628601 -0.7460803 0.6117751
-0.2920506 0.8264803 0.4812866
0.09300432 -0.2626279 0.9604045
0.2218307 -0.6253639 0.7481385
0.3304035 -0.9307355 0.1567323
0.2521665 -0.7094644 0.6580823
0.3348729 -0.9418789 0.0269146
-0.05478092 0.1540617 0.9865415
-0.2135971 0.5989413 0.7717808
-0.2954205 0.8272778 0.4778475
-0.1672961 0.4674953 0.8680208
0.1205289 -0.3364457 0.9339578
-0.1702853 0.4751161 0.8632888
-0.3142171 0.8743563 0.3698226
-0.1902277 0.5273674 0.8280683
-0.3351593 0.9282672 0.1612087
0.30013 -0.8304451 0.4693432
-0.2085647 0.5769414 0.7897084
0.105073 -0.2906258 0.9510501
0.02470662 -0.06830352 0.9973586
0.02322802 -0.06418993 0.9976673
0.2919556 -0.8050866 0.5163308
-0.1022406 0.281909 0.9539781
0.195401 -0.5385378 0.8196313
-0.2641477 0.727487 0.6332367
0.03527252 -0.09691534 0.9946674
-0.314902 0.8638012 0.3932993
0.0945242 -0.2582165 0.9614517
0.00345937 -0.009425494 0.9999496
-0.1914147 0.5213771 0.8315806
0.2008988 -0.5471026 0.8125998
0.1910451 -0.5198089 0.8326467
0.2836502 -0.769563 0.5721149
0.3430213 -0.9244763 0.1663729
0.2864141 -0.7648674 0.5770138
-0.3142171 0.8337244 0.4540609
0.3526661 -0.9356772 0.01160706
0.2771202 -0.7347196 0.6191862
-0.3213096 0.8512219 0.4149475
0.3122678 -0.8263645 0.4686261
0.01768258 -0.04673233 0.9987509
0.2563797 -0.6770496 0.6898357
-0.3100518 0.8175307 0.4852952
-0.3480232 0.9164301 0.1975746
-0.1618288 0.4259316 0.890165
0.2940511 -0.7716082 0.564052
-0.2198321 0.5766034 0.7868941
-0.09737944 0.2551097 0.961996
0.3331884 -0.8715237 0.3597665
-0.06472973 0.1691881 0.9834558
0.2168627 -0.5659868 0.7953801
0.3260339 -0.8507791 0.4121612
0.3273095 -0.8540573 0.4042953
-0.3125329 0.8145772 0.4886587
0.3581326 -0.9329404 0.03692136
-0.1054816 0.2731504 0.9561707
0.3486171 -0.9004984 0.2599398
0.2315122 -0.5973583 0.7678314
-0.3505611 0.9010918 0.2552265
0.3613977 -0.9288403 0.08153144
0.1184061 -0.3033643 0.9454893
-0.3300388 0.8445128 0.4217495
0.363059 -0.9266093 0.09789537
-0.3466906 0.881148 0.3215334
-0.08558327 0.2174577 0.9723105
-0.1303106 0.3301066 0.9349058
-0.1761607 0.4452247 0.8779193
-0.2336514 0.5902719 0.7726488
0.3692758 -0.9291547 0.01751944
-0.1454964 0.3659314 0.919198
-0.364134 0.9152504 0.172404
0.2607034 -0.6549346 0.7092915
0.1437811 -0.3599691 0.9218184
-0.3178275 0.791163 0.5225389
-0.3404869 0.8456047 0.411122
0.3165182 -0.7857785 0.5313834
0.1156903 -0.2867689 0.9509887
-0.3407865 0.844486 0.4131682
-0.1624463 0.4017633 0.90122
0.1721405 -0.4239545 0.8891739
-0.3091764 0.7614007 0.569806
-0.377469 0.9254662 0.03208362
0.1496742 -0.3661578 0.9184368
0.3793088 -0.9252562 0.005077968
0.3490781 -0.8508859 0.3926037
0.2892166 -0.7044567 0.648147
-0.07200528 0.1750208 0.9819282
0.07483765 -0.1817124 0.9804998
-0.2883502 0.6972079 0.6563196
0.2376066 -0.5734596 0.7840199
0.2157424 -0.5203227 0.8262684
-0.2315448 0.5583826 0.7966152
-0.3623199 0.872461 0.327927
0.09969769 -0.2397434 0.9657036
-0.1959616 0.4708763 0.8601596
0.3274142 -0.7844647 0.5267021
0.1729415 -0.4141672 0.89362
-0.3037657 0.7270219 0.6157642
-0.2456459 0.586096 0.7721072
0.3065436 -0.7311193 0.6095043
0.2018534 -0.4809963 0.8531692
0.1382748 -0.3277593 0.9345876
0.2896385 -0.6865289 0.6669239
-0.3878413 0.9190129 0.07067131
-0.3123688 0.7388768 0.5970652
0.3566627 -0.8435539 0.4015078
0.3885782 -0.9188023 0.0693488
-0.3441513 0.8136162 0.4686028
-0.08915248 0.2101878 0.9735877
0.294658 -0.6929013 0.6580764
0.1159917 -0.2724713 0.9551468
-0.3725796 0.8748379 0.3095855
0.2710229 -0.6361707 0.7223803
-0.2219405 0.5197268 0.8250009
0.1639145 -0.382566 0.9092718
-0.3165821 0.7385522 0.5952449
-0.08644304 0.201288 0.9757104
-0.004392658 0.01021762 0.9999381
0.3160173 -0.7330927 0.6022525
-0.1170618 0.2713809 0.9553266
-0.2023349 0.4670691 0.8607596
0.2754532 -0.6357978 0.7210317
-0.1860594 0.4292597 0.8838089
-0.3840985 0.8861396 0.2592776
-0.3931507 0.9049208 0.1629442
0.06421051 -0.1477223 0.9869423
0.2466944 -0.566234 0.786461
0.3669646 -0.8384767 0.4028571
0.1438784 -0.3282632 0.9335643
-0.3457109 0.7881724 0.5091838
0.4036399 -0.9148102 0.01404374
0.05923606 -0.1337674 0.9892408
0.06079495 -0.136905 0.9887168
-0.2840185 0.6395832 0.7143296
0.406585 -0.9123772 0.04750291
-0.3061861 0.683665 0.6624592
-0.40876 0.9123656 0.02245794
-0.3204021 0.7129542 0.6237297
0.4088644 -0.9086323 0.08495441
0.01397579 -0.03104494 0.9994203
0.4092373 -0.9046611 0.1187992
0.1350806 -0.2981377 0.9449165
-0.3855607 0.8463157 0.3675495
0.4058774 -0.8843931 0.2304611
0.0450122 -0.09799746 0.9941682
-0.3637291 0.7914227 0.4912751
-0.1540683 0.3349235 0.929564
0.3384115 -0.7353521 0.5871413
-0.0174179 0.03772301 0.9991364
-0.3042164 0.6588144 0.6880522
-0.407851 0.8805055 0.2415939
-0.231343 0.4976789 0.8359403
-0.4176371 0.8976356 0.1408173
0.2167943 -0.4654304 0.8581228
-0.4116212 0.8812855 0.2321719
0.2617675 -0.5595534 0.78637
-0.402389 0.8581423 0.3188649
0.3531948 -0.7530068 0.5551885
0.05700855 -0.1214479 0.9909593
-0.3879 0.82599 0.4089916
-0.2955355 0.6260665 0.721595
-0.4153419 0.8782843 0.2368707
-0.3363076 0.7095888 0.6191776
0.1806387 -0.3811064 0.9067125
0.4288065 -0.9033369 0.01036116
0.4278126 -0.9001461 0.08193515
-0.002018543 0.004246449 0.999989
0.1996173 -0.4198532 0.8853679
-0.2288882 0.4805776 0.846555
0.134983 -0.2830525 0.9495583
-0.3872177 0.8117953 0.4370937
-0.1578855 0.3305887 0.9304748
0.03852287 -0.08062661 0.9959997
0.1452841 -0.303125 0.9418109
-0.2589666 0.5398747 0.8009192
0.1849136 -0.3854726 0.904001
0.3792658 -0.790127 0.481515
-0.3034257 0.6269085 0.7175782
0.3282847 -0.6762384 0.6594929
-0.2561274 0.5268427 0.8104539
0.1276992 -0.2614412 0.9567348
-0.05718032 0.1169557 0.9914896
-0.4351739 0.8895845 0.1387913
0.4385281 -0.8959605 0.07034201
0.02513094 -0.05123333 0.9983705
0.3245263 -0.660394 0.6771724
0.4363245 -0.8868374 0.1521199
-0.4280417 0.8699647 0.2448302
0.2074799 -0.4215198 0.8827645
-0.2590398 0.5255058 0.8103963
-0.3403835 0.6893034 0.639531
0.3876884 -0.7843447 0.4842531
-0.1644245 0.3325631 0.9286368
0.3530844 -0.7138841 0.6047321
0.4337243 -0.876368 0.2094333
-0.4034681 0.8147175 0.4164719
-0.3793305 0.7625897 0.5239899
0.224476 -0.4511563 0.8637526
0.1773476 -0.3557636 0.9175947
0.2401986 -0.4814828 0.8428991
-0.2029393 0.4059573 0.8910748
-0.1920378 0.38377 0.9032397
-0.2958875 0.5905092 0.7508326
-0.4209889 0.8360757 0.3517752
-0.1192186 0.2364662 0.964298
0.1371624 -0.2718529 0.9525138
0.3542354 -0.7006038 0.6194124
-0.4332045 0.8566057 0.2802865
-0.4262395 0.8373456 0.3423044
0.3873475 -0.7608241 0.520681
0.3943839 -0.7740742 0.4952479
0.2291784 -0.4485532 0.8638734
0.1052255 -0.2052728 0.9730317
0.03508383 -0.06841781 0.9970397
-0.1916308 0.3734948 0.9076229
-0.3893888 0.7585071 0.5225356
0.1204944 -0.234709 0.9645687
0.3303755 -0.6408721 0.6929177
-0.3755638 0.7280911 0.5734414
-0.3408381 0.6607478 0.6687613
-0.3954025 0.7657557 0.5072228
-0.2144003 0.4142675 0.8845422
0.3490863 -0.6728349 0.6522515
0.2508901 -0.4831252 0.8388351
-0.0475021 0.09143183 0.9946777
-0.4617621 0.8848222 0.06217229
0.4621485 -0.8852487 0.0524739
-0.3279097 0.6280922 0.7056737
-0.3832833 0.7337024 0.5610479
-0.4576085 0.8749647 0.1582125
-0.3377711 0.6450687 0.6854175
-0.3606108 0.6885924 0.6291267
-0.4640574 0.885792 0.004823541
-0.4609378 0.8789007 0.1227592
0.2484371 -0.4729378 0.8453454
-0.420553 0.7998256 0.4282688
0.1242361 -0.235874 0.9638095
0.4546303 -0.8627822 0.2211744
0.4600844 -0.8722623 0.1657732
0.05176143 -0.09727529 0.9939106
0.3026473 -0.5682083 0.7652084
0.4088491 -0.766508 0.4952856
-0.3852561 0.7213592 0.575516
0.1233461 -0.2306814 0.9651797
-0.4496499 0.839266 0.3056919
0.4730009 -0.8796888 0.04917036
0.02385952 -0.04432695 0.9987321
-0.4737523 0.8791248 0.05194566
-0.3295238 0.6111437 0.7196648
0.3904059 -0.7237904 0.5689558
-0.05530346 0.1024536 0.9931993
-0.440554 0.8146167 0.3772424
0.1188416 -0.2196717 0.9683083
0.3318751 -0.6119878 0.7178648
0.4091766 -0.7522413 0.5164375
0.4321243 -0.7937914 0.4279764
0.09411722 -0.1727324 0.9804618
-0.1773172 0.324264 0.9291994
-0.2946223 0.5386813 0.7893163
-0.3019584 0.5518418 0.777362
0.4611472 -0.8426149 0.2781066
0.1920652 -0.3508581 0.9165204
-0.3076847 0.5618756 0.767871
-0.4404838 0.8025322 0.4023879
0.4756046 -0.8664675 0.1517706
0.481982 -0.8710579 0.09461193
-0.2180141 0.3938214 0.8929583
0.2850643 -0.5147542 0.8085582
-0.3154022 0.5693842 0.7591595
-0.3649951 0.6588421 0.6578036
0.3401892 -0.6130846 0.7130207
-0.3907268 0.7039402 0.593128
0.4806532 -0.8652572 0.142487
0.1887059 -0.3379677 0.9220455
-0.4480278 0.7986817 0.4017195
-0.411282 0.732929 0.5419061
0.1394684 -0.2481148 0.9586384
0.3382707 -0.6013636 0.7238334
0.2925456 -0.5199969 0.8025088
0.0527809 -0.09353191 0.9942163
0.4022192 -0.7119493 0.5756282
-0.1753689 0.3099995 0.9344229
-0.3193473 0.5644719 0.7611759
0.4241636 -0.7494879 0.5082845
0.1749906 -0.3088128 0.9348866
-0.4919825 0.8675054 0.07340063
0.2823873 -0.4969837 0.820527
-0.3890115 0.6838642 0.6172518
-0.4861654 0.8541995 0.1843538
-0.478848 0.8408329 0.2523975
-0.4861528 0.8531901 0.1890029
0.4686919 -0.8224325 0.3223859
0.1525888 -0.2673875 0.9514308
0.4490075 -0.7860119 0.4249441
-0.2402395 0.4193847 0.8754436
-0.3733929 0.6493444 0.6625176
-0.4203123 0.7306058 0.538101
0.03415834 -0.05918153 0.9976627
-0.3956413 0.6852112 0.6115175
0.4539113 -0.7860758 0.4195824
0.1197403 -0.2073167 0.9709182
0.1948475 -0.3370576 0.9211007
0.0936361 -0.161921 0.9823512
0.01611531 -0.02782851 0.9994828
0.1294768 -0.2234178 0.966085
-0.3816729 0.6580395 0.6490839
-0.333738 0.5743568 0.7474846
0.1468807 -0.2525561 0.9563689
-0.4344946 0.7470155 0.5031722
0.2616674 -0.4498382 0.8539179
-0.0309592 0.05321764 0.9981029
-0.4885779 0.8381654 0.2424259
0.2204804 -0.3774178 0.8994132
-0.2357009 0.4033006 0.884191
-0.4732878 0.8090168 0.3485547
-0.03814095 0.06505976 0.9971522
0.5057156 -0.8623248 0.02544859
0.1040739 -0.1773353 0.9786321
0.1781287 -0.3035118 0.9360293
-0.4741362 0.8075255 0.3508524
-0.04687196 0.07972059 0.9957147
0.1900937 -0.322337 0.9273421
-0.2702774 0.4579695 0.8468849
0.389035 -0.6585223 0.6442051
0.4708503 -0.7967055 0.3788934
0.3972476 -0.670338 0.6267706
-0.4305518 0.726351 0.5357606
-0.4306581 0.7252111 0.5372173
0.4184045 -0.7010856 0.5774224
-0.04681301 0.078354 0.9958259
0.4911205 -0.8211955 0.2905831
-0.2535625 0.4239639 0.86946
-0.2860037 0.4761775 0.8315389
-0.5103582 0.8487315 0.1385259
-0.4548641 0.7558487 0.4709472
-0.01609236 0.02671586 0.9995135
-0.5125301 0.849119 0.1277097
-0.5077195 0.8399445 0.1916091
0.3497859 -0.5781287 0.7371683
0.2058245 -0.3389769 0.9180038
0.01033172 -0.0170081 0.999802
0.1845269 -0.3033944 0.9348271
0.06993906 -0.1146429 0.9909418
0.3929699 -0.6439199 0.6564616
0.3539595 -0.5785817 0.7348169
-0.3459831 0.5646667 0.7492977
-0.3279324 0.5343598 0.7790506
0.45286 -0.7374517 0.5010816
-0.5122163 0.8337786 0.2060283
0.275298 -0.4476392 0.8507821
-0.4401206 0.7152895 0.5428211
0.4970736 -0.8050034 0.3238631
0.02830626 -0.0456567 0.9985561
0.5061636 -0.8156542 0.2801904
-0.2500696 0.402797 0.8804657
-0.5276855 0.8493196 0.01428945
-0.5252685 0.8445725 0.103876
0.1338505 -0.2142088 0.9675736
0.4956453 -0.7927589 0.3547802
-0.4025967 0.6438816 0.65064
0.3985848 -0.6372598 0.6595681
-0.2321551 0.370937 0.8991717
-0.4217923 0.6684257 0.612616
-0.3367397 0.533538 0.7758502
-0.241291 0.3818028 0.8921913
-0.2619774 0.4131753 0.8721548
-0.4702224 0.7412533 0.4789932
0.4024041 -0.6342191 0.6601796
-0.3132504 0.4932197 0.811547
0.3566874 -0.5614658 0.7466795
0.3965964 -0.6225067 0.6746827
-0.286578 0.4482179 0.846743
-0.37452 0.5856797 0.7188283
-0.480193 0.7508743 0.4534342
0.4540379 -0.7097666 0.5385916
0.5364287 -0.8379202 0.1006673
0.5392469 -0.8415312 0.03221947
0.5402724 -0.8410422 0.0274568
0.5331097 -0.8298072 0.1649669
-0.4035202 0.6248418 0.6683893
0.4531758 -0.7005656 0.5512164
-0.3799443 0.5868465 0.71502
0.473191 -0.7305623 0.4923099
-0.516881 0.7979484 0.3100201
0.1553458 -0.2393345 0.9584293
0.03730382 -0.05733822 0.9976577
-0.1675279 0.2568142 0.9518303
-0.06838913 0.1046244 0.9921576
0.3671601 -0.560985 0.7419497
-0.3066975 0.4679472 0.8288317
-0.521139 0.7949724 0.3105368
0.4667928 -0.7109644 0.5259601
0.5335633 -0.8105482 0.2414989
-0.04270661 0.06485907 0.9969802
0.1346816 -0.2044791 0.9695613
-0.04073313 0.06183783 0.9972547
0.321968 -0.488091 0.8112359
-0.1161629 0.1760154 0.9775094
0.5503325 -0.8329945 0.05704729
0.2556883 -0.386872 0.8859761
-0.3428178 0.5181251 0.7835958
0.2451095 -0.3704482 0.8959294
-0.5469711 0.8257808 0.1375087
0.3793935 -0.5725099 0.7268377
-0.5267314 0.7907804 0.3118019
0.1574118 -0.236191 0.9588719
-0.04739421 0.07074825 0.9963676
0.3546753 -0.5292999 0.7707445
-0.16701 0.2486295 0.9540917
-0.1270128 0.1886678 0.9737927
0.183328 -0.272311 0.9445832
0.003204146 -0.004747727 0.9999836
0.05204978 -0.07690587 0.9956788
0.4555579 -0.6724462 0.5833379
-0.5539544 0.8164421 0.1629625
0.4316782 -0.6335765 0.6420552
-0.4307825 0.6312823 0.6449102
0.5470308 -0.7995529 0.2479365
0.1685732 -0.2463762 0.9544013
0.5630461 -0.8224928 0.08052743
0.4130487 -0.6031525 0.6823474
-0.26419 0.3852246 0.8841977
-0.297176 0.4330335 0.8509808
0.1948275 -0.2832068 0.9390613
-0.3214191 0.4672074 0.8236547
-0.1318317 0.1914731 0.972604
0.4327284 -0.6284369 0.6463847
-0.03796638 0.05511189 0.9977581
-0.4045436 0.5863873 0.7017795
-0.1296946 0.1878234 0.9736024
-0.08134106 0.1177597 0.9897051
0.3293599 -0.476819 0.8149636
-0.2856852 0.4134426 0.8645514
0.5689752 -0.8220463 0.0225207
0.5242853 -0.7523139 0.3989345
-0.3074454 0.4410328 0.8431888
0.1524955 -0.2187153 0.9637991
0.4967351 -0.7118843 0.4964625
0.02799269 -0.04009277 0.9988038
-0.55044 0.7881228 0.2754602
-0.5058182 0.724132 0.4688078
-0.228824 0.3272598 0.91681
0.1825227 -0.2609213 0.947948
0.5134514 -0.7330193 0.4461506
-0.3569162 0.5070796 0.7845261
0.2232167 -0.3169566 0.9217987
0.1994391 -0.2828426 0.9382026
0.5509052 -0.7811124 0.2938824
0.1967176 -0.2780341 0.9402123
0.3795832 -0.5364356 0.7537596
0.5770857 -0.8148072 0.05533005
-0.5733147 0.8086695 0.1317721
0.2024386 -0.2851444 0.9368625
-0.3318996 0.4672471 0.819465
0.2750958 -0.3865117 0.8803017
0.5219144 -0.7326295 0.4368746
0.1821816 -0.255684 0.9494396
0.5058819 -0.70965 0.4903879
-0.3758282 0.5261293 0.7628506
-0.2048303 0.2866703 0.9358764
-0.2250948 0.3145588 0.9221632
-0.3403865 0.4751429 0.8114039
0.487825 -0.6787697 0.5489066
0.01404298 -0.01951853 0.9997109
-0.363273 0.5047671 0.7830983
-0.3056438 0.4237312 0.8526627
0.2083766 -0.288583 0.9345047
0.4681511 -0.6451085 0.6038788
0.2603942 -0.3587049 0.8963959
-0.5443597 0.7488118 0.3780918
0.5776606 -0.7932487 0.1925223
0.5719929 -0.7850044 0.2378908
-0.3483187 0.47789 0.8064088
0.4549554 -0.6240033 0.6353231
-0.1787807 0.2452044 0.9528443
-0.5648337 0.7743623 0.285177
-0.3118606 0.4263257 0.849111
-0.3226604 0.4377944 0.8391819
-0.5119953 0.6946075 0.5053526
-0.1716596 0.2325304 0.9573205
-0.109759 0.1483689 0.9828223
0.5618073 -0.7575071 0.3324989
0.5925155 -0.798124 0.1091949
-0.1333101 0.1794665 0.9746898
-0.5940515 0.7986353 0.09635547
-0.5956944 0.8007949 0.06225561
-0.5744257 0.7719895 0.2721531
0.03686291 -0.04953266 0.998092
0.1063433 -0.1426829 0.9840389
-0.1231684 0.1647374 0.978617
0.06831852 -0.09112054 0.9934937
0.07432716 -0.09909282 0.9922984
-0.6005228 0.7993731 0.01936192
0.5513548 -0.7329812 0.39843
-0.2447582 0.3252101 0.9134176
-0.5750113 0.761004 0.3003913
-0.5923676 0.7824381 0.1920709
-0.6019654 0.7946804 0.07823482
0.1607382 -0.2121704 0.9639227
0.2701319 -0.3559804 0.8945986
-0.6044467 0.7964745 0.01651143
0.1751444 -0.2304837 0.9571843
-0.4748912 0.6225203 0.6220506
0.1202874 -0.1576684 0.9801385
0.04755578 -0.06231846 0.9969227
0.4471369 -0.5858428 0.6759118
0.3009366 -0.3939515 0.8684696
-0.6074339 0.7942772 0.01215511
0.280215 -0.365485 0.8876375
0.6082082 -0.7927302 0.04076296
0.3133285 -0.4082367 0.8574194
-0.05797775 0.0754935 0.9954593
-0.4458459 0.5785478 0.6830109
0.5912188 -0.7664062 0.2511609
0.4849626 -0.6285125 0.6080981
-0.08112106 0.1048572 0.9911732
-0.2312898 0.2986763 0.9259036
-0.3597877 0.4636591 0.8096747
-0.310624 0.3986621 0.8628912
0.002652985 -0.003404796 0.9999907
-0.5481257 0.7027434 0.4535526
0.4497895 -0.5758285 0.6827232
0.2757164 -0.3525872 0.8942387
-0.06417447 0.08197436 0.9945661
-0.572854 0.7313001 0.3701871
-0.5867019 0.7480894 0.3100697
0.07097051 -0.09042378 0.9933714
-0.5828458 0.7425326 0.3300546
0.4846777 -0.6172765 0.6197236
0.3998067 -0.5091736 0.7621659
-0.3651563 0.4642274 0.806941
0.0002437926 -0.0003098598 0.9999999
0.6138749 -0.7795832 0.1241277
0.1438591 -0.1824063 0.972642
0.552738 -0.7000638 0.4520966
-0.1862941 0.2359251 0.9537473
-0.5537127 0.6986427 0.4531012
0.01390669 -0.01753868 0.9997495
-0.5813679 0.7328469 0.3534783
-0.5508036 0.6931662 0.4649044
-0.4745553 0.596635 0.6471661
-0.06559986 0.08247256 0.994432
0.6223201 -0.7823779 0.0245455
0.5464553 -0.6854216 0.4812316
-0.6093804 0.7639853 0.2120894
-0.5216456 0.6535141 0.5484571
-0.3999748 0.5008345 0.7675838
-0.6108757 0.7642534 0.206755
0.2363427 -0.2956063 0.9256128
-0.1809462 0.2262619 0.9571123
-0.1041134 0.1300236 0.9860296
-0.01136951 0.01417474 0.9998349
-0.02568211 0.03201576 0.9991574
-0.6093801 0.7574431 0.2343839
-0.5991677 0.7443388 0.2948862
-0.6117257 0.7592451 0.2221227
0.6228372 -0.771291 0.1310882
-0.5132579 0.6354777 0.5768314
0.3812574 -0.4708532 0.7955753
-0.5860469 0.7231345 0.3655482
0.5989173 -0.7355407 0.3166668
-0.6256908 0.763524 0.159819
-0.5846733 0.7126414 0.3876846
-0.5832226 0.7106299 0.3935181
-0.1166005 0.14197 0.9829796
0.3934068 -0.4779949 0.7853355
0.3214446 -0.3898192 0.8629683
-0.02907564 0.03520071 0.9989572
-0.4994656 0.6044008 0.620672
-0.1760003 0.2128633 0.9611
-0.02792123 0.03375651 0.99904
-0.6216735 0.7505982 0.2238848
-0.4217192 0.5090547 0.750344
-0.6084312 0.7294591 0.3125714
-0.3525594 0.4221712 0.8351487
0.2852608 -0.3415538 0.8955262
-0.5984415 0.7159727 0.3595147
-0.5932177 0.7091647 0.3810225
0.06380196 -0.0762372 0.9950463
0.1501765 -0.1793961 0.9722469
-0.6390835 0.7619122 0.1051762
-0.5475019 0.6524245 0.5240076
0.6438212 -0.7645188 0.03170451
0.3569527 -0.4238683 0.8324184
0.6242509 -0.7404254 0.2491605
-0.2588637 0.3063521 0.9160447
-0.413323 0.4885058 0.768457
0.2285039 -0.2696589 0.9354518
-0.2422683 0.2858496 0.9271441
0.6465987 -0.7627557 0.01067013
0.3543372 -0.4175594 0.8367134
0.09859055 -0.1161487 0.9883265
0.4732922 -0.5568786 0.6825545
0.4304905 -0.5055131 0.747753
-0.5628005 0.6596837 0.4980693
0.4631703 -0.5415787 0.7015454
-0.5411326 0.6325119 0.5541698
0.6377861 -0.7449382 0.1956936
-0.07960478 0.09244691 0.9925304
-0.6149272 0.7139173 0.3349427
0.5623516 -0.6525491 0.5078783
0.633591 -0.7348625 0.2419494
0.5863466 -0.679968 0.4402741
0.6116206 -0.7087023 0.351655
0.1559081 -0.1800146 0.9712299
-0.6398877 0.7378082 0.2149021
0.616329 -0.7099875 0.3406705
0.1481414 -0.1703369 0.9741866
-0.6561325 0.7542682 0.02386765
-0.01156826 0.01328533 0.9998448
-0.4672489 0.5362217 0.7029543
0.4917643 -0.5636163 0.6637051
-0.1011019 0.1156839 0.9881274
0.2574331 -0.2944196 0.9203506
0.4718363 -0.5388131 0.6978904
0.5645912 -0.6442102 0.5159748
0.5152338 -0.587018 0.624455
0.594071 -0.6763345 0.4354897
-0.562715 0.637163 0.5266641
0.5718352 -0.6467777 0.5046614
0.08965642 -0.1011209 0.9908261
0.6369945 -0.7158685 0.2859548
0.5571845 -0.6232936 0.5486807
-0.2344264 0.2622187 0.9361013
0.625905 -0.6995978 0.3446822
-0.3899356 0.4352613 0.8114787
0.1180167 -0.1317182 0.984237
0.6450563 -0.7191492 0.2583152
0.6680845 -0.7434342 0.03112448
-0.149946 0.16685 0.9745139
-0.3477509 0.3863657 0.854278
0.5310405 -0.5899128 0.6082752
-0.6668572 0.7402577 0.08555662
0.5644104 -0.6253564 0.5388601
0.3775023 -0.4179956 0.8263
-0.6698298 0.7411931 0.0442812
-0.6415016 0.7096309 0.2913754
-0.3332792 0.368623 0.8677799
0.2963178 -0.3275812 0.8971546
-0.3440035 0.3795834 0.8588237
-0.4482847 0.494161 0.7448797
-0.520223 0.5724054 0.6338139
-0.482601 0.5302383 0.6970965
0.258873 -0.2842529 0.9231387
-0.3031645 0.3320272 0.8932241
-0.6641695 0.7249869 0.1824085
0.5484295 -0.5954968 0.5870336
0.04965172 -0.05374333 0.9973196
-0.675473 0.7309761 0.09700557
0.6770017 -0.7312112 0.08365918
-0.5577 0.6012109 0.5722903
0.6154425 -0.6626303 0.4267924
-0.1342797 0.1445465 0.9803445
0.5078482 -0.5450727 0.6670727
-0.4099887 0.4385277 0.7997517
0.5510446 -0.5889912 0.5911338
0.6281812 -0.670697 0.3944032
0.3593549 -0.3830927 0.850943
-0.6346731 0.6760401 0.3743792
0.6795279 -0.7210808 0.1352196
-0.685499 0.72688 0.04167354
0.2676029 -0.283161 0.9209824
-0.5699066 0.6014851 0.5598412
0.03172547 -0.03339818 0.9989384
-0.6258911 0.6539231 0.4250235
-0.4116658 0.4297864 0.8036261
-0.5022179 0.5242096 0.6877365
0.6870481 -0.7163643 0.1216028
-0.5392949 0.5622061 0.6269651
0.6637956 -0.6918574 0.2840928
0.06114625 -0.06361131 0.9960998
-0.56256 0.5846176 0.5845927
0.6523191 -0.677097 0.3406162
0.5399056 -0.5599139 0.6284889
-0.2333673 0.2415745 0.9419031
0.6494656 -0.6722698 0.3553135
-0.08081699 0.08358894 0.9932178
-0.6623834 0.6823052 0.3093669
0.6043683 -0.6218075 0.4980908
0.5982171 -0.6153942 0.5132508
-0.6479535 0.666271 0.3691062
-0.5991256 0.6139764 0.5138887
-0.5561479 0.5669419 0.6076811
-0.2206875 0.2247293 0.9491016
-0.2714886 0.2762703 0.9219375
0.5835257 -0.5904098 0.5575967
0.4542486 -0.4595546 0.7631958
-0.6242606 0.6313622 0.4600874
-0.1016425 0.1027654 0.9894989
0.3427215 -0.3463901 0.8732445
0.5840002 -0.5893808 0.5581881
0.6973552 -0.7025174 0.1420039
-0.7032682 0.7077908 0.06667854
-0.6769443 0.6808244 0.2796865
0.6327267 -0.6362796 0.4413674
0.6855448 -0.687583 0.2392863
0.7055696 -0.7067006 0.05240152
-0.117245 0.1174071 0.9861385
-0.7009244 0.7017323 0.1275805
0.217645 -0.2177161 0.9514359
0.1754827 -0.1752553 0.9687576
0.02238333 -0.02235218 0.9994996
-0.3763178 0.3755846 0.8469481
-0.2477216 0.2469591 0.9368272
0.6023713 -0.6002604 0.5261524
-0.4159323 0.4138211 0.8097854
0.709306 -0.7042964 0.02918369
-0.6554747 0.6506858 0.3833548
-0.6438279 0.6386409 0.4214539
0.5662571 -0.5613978 0.6034778
-0.5749031 0.5696197 0.5873839
-0.631825 0.6252591 0.458092
0.1238613 -0.1224028 0.9847212
0.1773401 -0.1744054 0.9685728
-0.2990628 0.2939181 0.9078401
0.1378546 -0.1352066 0.9811805
-0.7121997 0.6984299 0.07047873
-0.5015819 0.491771 0.7117422
-0.7103561 0.6963978 0.1020994
-0.3665256 0.3589617 0.8583738
0.5409782 -0.5297116 0.6532597
-0.2824821 0.2764326 0.9185798
-0.494579 0.4817697 0.7233875
0.5957011 -0.5795398 0.5561239
-0.05191485 0.0504311 0.9973773
0.5924878 -0.5752262 0.5639796
-0.09605988 0.09322871 0.9909999
-0.5858161 0.5673206 0.5787632
-0.7017449 0.6792126 0.2149987
0.5894482 -0.5701311 0.5722774
-0.3133061 0.3030109 0.9000131
0.114559 -0.1106727 0.9872324
0.7191319 -0.6927546 0.05422474
0.6056976 -0.5828193 0.5417122
-0.7196512 0.6917397 0.05998641
0.4930049 -0.473715 0.7297535
0.64849 -0.6230786 0.4373028
0.05965533 -0.05726087 0.9965754
0.1148118 -0.1100139 0.9872767
-0.6107403 0.5850132 0.5336252
-0.7218014 0.6907471 0.04325636
-0.4675544 0.4459074 0.7632558
-0.3586726 0.3416566 0.8686914
0.6353673 -0.6044652 0.480552
0.5621936 -0.5347437 0.6308625
-0.7003252 0.6651182 0.259157
0.2521162 -0.2393726 0.9376237
0.1699711 -0.1610327 0.9722028
-0.3249143 0.3078038 0.8942525
0.7080846 -0.6702743 0.2221453
0.2978956 -0.2814239 0.9121726
0.1523973 -0.1437599 0.9778078
0.7106456 -0.6698947 0.2149975
-0.2216893 0.2088963 0.952479
-0.2916158 0.274466 0.9163126
-0.5346346 0.5017862 0.6799827
-0.3766075 0.3531142 0.8564328
0.5388219 -0.5046215 0.6745577
0.1662578 -0.1556699 0.9737172
-0.2470689 0.231316 0.9409835
0.6362979 -0.5955649 0.4903341
0.6004871 -0.5613231 0.5695013
0.2057608 -0.1920832 0.9595658
0.6049484 -0.5642022 0.5618837
-0.09350893 0.08720624 0.9917919
-0.7314006 0.681944 0.002369995
-0.1836948 0.1711663 0.9679661
-0.7189239 0.6694415 0.1870736
-0.09014487 0.08390251 0.9923882
-0.731325 0.680629 0.04368051
0.6665938 -0.6196681 0.4143236
-0.3477145 0.3228807 0.8802515
0.4637954 -0.4305432 0.7742909
0.4006469 -0.3714737 0.8375496
-0.07231611 0.06693009 0.9951335
0.3919967 -0.3626471 0.8454736
0.7302148 -0.675154 0.1046589
0.5623708 -0.5177492 0.6447285
0.3722191 -0.3423507 0.8626986
-0.5711858 0.5252241 0.6307824
-0.603031 0.5529722 0.5749568
0.669293 -0.6131382 0.4196527
0.06935044 -0.06345788 0.995572
0.4542981 -0.4152096 0.7881715
-0.4091532 0.3736287 0.8324634
-0.4262125 0.3885199 0.8169426
-0.4218038 0.3833123 0.8216771
-0.4180279 0.3792187 0.8254973
0.7410124 -0.6706209 0.03417962
0.4470602 -0.404165 0.7979899
-0.1383154 0.1246907 0.9825075
-0.648869 0.5845377 0.4871186
0.2875644 -0.2587856 0.922137
-0.2297731 0.2061138 0.9511685
-0.6681399 0.5975661 0.4432874
-0.6601387 0.5899929 0.4648927
0.7326056 -0.6542946 0.1875836
-0.7202845 0.6417003 0.2634596
0.6531256 -0.5810801 0.4855644
-0.6028721 0.5363274 0.590676
0.03734916 -0.0331746 0.9987515
-0.5894853 0.5234603 0.6152207
0.7470505 -0.6632001 0.04561977
0.6904554 -0.6094185 0.3897185
-0.3869215 0.3413984 0.8565856
-0.3727139 0.3274753 0.868242
0.07192434 -0.06310362 0.9954119
0.3479537 -0.304498 0.8866844
0.7158868 -0.6263078 0.3086172
0.5269017 -0.4607015 0.714233
-0.08567034 0.074845 0.9935083
0.7011085 -0.6117729 0.366307
-0.5179723 0.4507468 0.7270021
-0.3241282 0.281815 0.9030622
-0.7420046 0.6449342 0.183
-0.567213 0.4930028 0.6597103
0.4712087 -0.409544 0.7811761
-0.5302793 0.4605254 0.7118428
-0.7393875 0.6413566 0.2048605
-0.4803251 0.4165476 0.7718652
-0.5440884 0.4692633 0.6955284
-0.7170331 0.6144269 0.3291551
-0.72282 0.6186394 0.307923
0.7556243 -0.64595 0.1085379
-0.199675 0.170417 0.964929
0.08492437 -0.07232587 0.9937589
-0.6644451 0.5656735 0.4883915
0.5146787 -0.4372365 0.7375162
-0.04059302 0.03448294 0.9985806
0.3684779 -0.3126393 0.8754888
-0.4741816 0.4021739 0.7832037
-0.7112281 0.5988901 0.3680831
0.1762731 -0.1482314 0.9731163
0.5996854 -0.5035258 0.621964
0.761133 -0.6390159 0.1110643
0.1526988 -0.1278393 0.9799695
0.6869271 -0.5746988 0.444806
0.666965 -0.5572842 0.4945624
0.0561433 -0.04675031 0.9973276
0.4818924 -0.4008409 0.7791703
0.4809465 -0.3994589 0.7804634
0.2364098 -0.1958557 0.9517095
-0.7168693 0.5903134 0.3709832
0.622849 -0.5124058 0.5911848
-0.7563207 0.62185 0.2031787
0.7408395 -0.6045424 0.2927206
-0.7040264 0.5720264 0.4208713
0.7754639 -0.6297927 0.04490978
0.2477931 -0.2011578 0.9476994
0.04162679 -0.03377593 0.9985622
-0.2248393 0.1820228 0.9572434
0.6994119 -0.5654647 0.4371186
0.673697 -0.5446193 0.499522
0.5253076 -0.4245352 0.7374427
0.415399 -0.3356095 0.8454643
-0.1036226 0.08353191 0.9911028
0.420844 -0.3389732 0.8414199
-0.75807 0.6102448 0.2300679
0.3378906 -0.2714108 0.9012026
-0.7047589 0.5660272 0.4277008
0.5271726 -0.4227092 0.7371607
0.2165671 -0.1735242 0.9607227
0.2280912 -0.1825618 0.9563711
-0.7810277 0.6234242 0.03657832
-0.09578373 0.07642125 0.9924642
-0.4436616 0.353432 0.8235595
0.7772725 -0.6179379 0.1183227
-0.2254293 0.1792119 0.957635
-0.7354636 0.5846668 0.3424295
-0.1915088 0.1522245 0.9696144
-0.7544218 0.5994723 0.2673589
0.4175338 -0.3317698 0.8459281
0.4386785 -0.348174 0.828454
-0.6259117 0.4961469 0.6017248
0.1079916 -0.08541997 0.9904752
0.3160687 -0.2497602 0.9152707
-0.7054867 0.5570073 0.4382138
0.7851043 -0.6189575 0.02242297
-0.52639 0.4148259 0.7421813
0.7284462 -0.5718446 0.377306
        </DataArray>
        <DataArray type="Float32" Name="domain" format="ascii">
1.0
1.0
1.0
1.0
1.0
1.0
1.0
1.0
1.0
1.0
1.0
1.0
1.0
1.0
1.0
1.0
1.0
1.0
1.0
1.0
1.0
1.0
1.0
1.0
1.0
1.0
1.0
1.0
1.0
1.0
1.0
1.0
1.0
1.0
1.0
1.0
1.0
1.0
1.0
1.0
1.0
1.0
1.0
1.0
1.0
1.0
1.0
1.0
1.0
1.0
1.0
1.0
1.0
1.0
1.0
1.0
1.0
1.0
1.0
1.0
1.0
1.0
1.0
1.0
1.0
1.0
1.0
1.0
1.0
1.0
1.0
1.0
1.0
1.0
1.0
1.0
1.0
1.0
1.0
1.0
1.0
1.0
1.0
1.0
1.0
1.0
1.0
1.0
1.0
1.0
1.0
1.0
1.0
1.0
1.0
1.0
1.0
1.0
1.0
1.0
1.0
1.0
1.0
1.0
1.0
1.0
1.0
1.0
1.0
1.0
1.0
1.0
1.0
1.0
1.0
1.0
1.0
1.0
1.0
1.0
1.0
1.0
1.0
1.0
1.0
1.0
1.0
1.0
1.0
1.0
1.0
1.0
1.0
1.0
1.0
1.0
1.0
1.0
1.0
1.0
1.0
1.0
1.0
1.0
1.0
1.0
1.0
1.0
1.0
1.0
1.0
1.0
1.0
1.0
1.0
1.0
1.0
1.0
1.0
1.0
1.0
1.0
1.0
1.0
1.0
1.0
1.0
1.0
1.0
1.0
1.0
1.0
1.0
1.0
1.0
1.0
1.0
1.0
1.0
1.0
1.0
1.0
1.0
1.0
1.0
1.0
1.0
1.0
1.0
1.0
1.0
1.0
1.0
1.0
1.0
1.0
1.0
1.0
1.0
1.0
1.0
1.0
1.0
1.0
1.0
1.0
1.0
1.0
1.0
1.0
1.0
1.0
1.0
1.0
1.0
1.0
1.0
1.0
1.0
1.0
1.0
1.0
1.0
1.0
1.0
1.0
1.0
1.0
1.0
1.0
1.0
1.0
1.0
1.0
1.0
1.0
1.0
1.0
1.0
1.0
1.0
1.0
1.0
1.0
1.0
1.0
1.0
1.0
1.0
1.0
1.0
1.0
1.0
1.0
1.0
1.0
1.0
1.0
1.0
1.0
1.0
1.0
1.0
1.0
1.0
1.0
1.0
1.0
1.0
1.0
1.0
1.0
1.0
1.0
1.0
1.0
1.0
1.0
1.0
1.0
1.0
1.0
1.0
1.0
1.0
1.0
1.0
1.0
1.0
1.0
1.0
1.0
1.0
1.0
1.0
1.0
1.0
1.0
1.0
1.0
1.0
1.0
1.0
1.0
1.0
1.0
1.0
1.0
1.0
1.0
1.0
1.0
1.0
1.0
1.0
1.0
1.0
1.0
1.0
1.0
1.0
1.0
1.0
1.0
1.0
1.0
1.0
1.0
1.0
1.0
1.0
1.0
1.0
1.0
1.0
1.0
1.0
1.0
1.0
1.0
1.0
1.0
1.0
1.0
1.0
1.0
1.0
1.0
1.0
1.0
1.0
1.0
1.0
1.0
1.0
1.0
1.0
1.0
1.0
1.0
1.0
1.0
1.0
1.0
1.0
1.0
1.0
1.0
1.0
1.0
1.0
1.0
1.0
1.0
1.0
1.0
1.0
1.0
1.0
1.0
1.0
1.0
1.0
1.0
1.0
1.0
1.0
1.0
1.0
1.0
1.0
1.0
1.0
1.0
1.0
1.0
1.0
1.0
1.0
1.0
1.0
1.0
1.0
1.0
1.0
1.0
1.0
1.0
1.0
1.0
1.0
1.0
1.0
1.0
1.0
1.0
1.0
1.0
1.0
1.0
1.0
1.0
1.0
1.0
1.0
1.0
1.0
1.0
1.0
1.0
1.0
1.0
1.0
1.0
1.0
1.0
1.0
1.0
1.0
1.0
1.0
1.0
1.0
1.0
1.0
1.0
1.0
1.0
1.0
1.0
1.0
1.0
1.0
1.0
1.0
1.0
1.0
1.0
1.0
1.0
1.0
1.0
1.0
1.0
1.0
1.0
1.0
1.0
1.0
1.0
1.0
1.0
1.0
1.0
1.0
1.0
1.0
1.0
1.0
1.0
1.0
1.0
1.0
1.0
1.0
1.0
1.0
1.0
1.0
1.0
1.0
1.0
1.0
1.0
1.0
1.0
1.0
1.0
1.0
1.0
1.0
1.0
1.0
1.0
1.0
1.0
1.0
1.0
1.0
1.0
1.0
1.0
1.0
1.0
1.0
1.0
1.0
1.0
1.0
1.0
1.0
1.0
1.0
1.0
1.0
1.0
1.0
1.0
1.0
1.0
1.0
1.0
1.0
1.0
1.0
1.0
1.0
1.0
1.0
1.0
1.0
1.0
1.0
1.0
1.0
1.0
1.0
1.0
1.0
1.0
1.0
1.0
1.0
1.0
1.0
1.0
1.0
1.0
1.0
1.0
1.0
1.0
1.0
1.0
1.0
1.0
1.0
1.0
1.0
1.0
1.0
1.0
1.0
1.0
1.0
1.0
1.0
1.0
1.0
1.0
1.0
1.0
1.0
1.0
1.0
1.0
1.0
1.0
1.0
1.0
1.0
1.0
1.0
1.0
1.0
1.0
1.0
1.0
1.0
1.0
1.0
1.0
1.0
1.0
1.0
1.0
1.0
1.0
1.0
1.0
1.0
1.0
1.0
1.0
1.0
1.0
1.0
1.0
1.0
1.0
1.0
1.0
1.0
1.0
1.0
1.0
1.0
1.0
1.0
1.0
1.0
1.0
1.0
1.0
1.0
1.0
1.0
1.0
1.0
1.0
1.0
1.0
1.0
1.0
1.0
1.0
1.0
1.0
1.0
1.0
1.0
1.0
1.0
1.0
1.0
1.0
1.0
1.0
1.0
1.0
1.0
1.0
1.0
1.0
1.0
1.0
1.0
1.0
1.0
1.0
1.0
1.0
1.0
1.0
1.0
1.0
1.0
1.0
1.0
1.0
1.0
1.0
1.0
1.0
1.0
1.0
1.0
1.0
1.0
1.0
1.0
1.0
1.0
1.0
1.0
1.0
1.0
1.0
1.0
1.0
1.0
1.0
1.0
1.0
1.0
1.0
1.0
1.0
1.0
1.0
1.0
1.0
1.0
1.0
1.0
1.0
1.0
1.0
1.0
1.0
1.0
1.0
1.0
1.0
1.0
1.0
1.0
1.0
1.0
1.0
1.0
1.0
1.0
1.0
1.0
1.0
1.0
1.0
1.0
1.0
1.0
1.0
1.0
1.0
1.0
1.0
1.0
1.0
1.0
1.0
1.0
1.0
1.0
1.0
1.0
1.0
1.0
1.0
1.0
1.0
1.0
1.0
1.0
1.0
1.0
1.0
1.0
1.0
1.0
1.0
1.0
1.0
1.0
1.0
1.0
1.0
1.0
1.0
1.0
1.0
1.0
1.0
1.0
1.0
1.0
1.0
1.0
1.0
1.0
1.0
1.0
1.0
1.0
1.0
1.0
1.0
1.0
1.0
1.0
1.0
1.0
1.0
1.0
1.0
1.0
1.0
1.0
1.0
1.0
1.0
1.0
1.0
1.0
1.0
1.0
1.0
1.0
1.0
1.0
1.0
1.0
1.0
1.0
1.0
1.0
1.0
1.0
1.0
1.0
1.0
1.0
1.0
1.0
1.0
1.0
1.0
1.0
1.0
1.0
1.0
1.0
1.0
1.0
1.0
1.0
1.0
1.0
1.0
1.0
1.0
1.0
1.0
1.0
1.0
1.0
1.0
1.0
1.0
1.0
1.0
1.0
1.0
1.0
1.0
1.0
1.0
1.0
1.0
1.0
1.0
1.0
1.0
1.0
1.0
1.0
1.0
1.0
1.0
1.0
1.0
1.0
1.0
1.0
1.0
1.0
1.0
1.0
1.0
1.0
1.0
1.0
1.0
1.0
1.0
1.0
1.0
1.0
1.0
1.0
1.0
1.0
1.0
1.0
1.0
1.0
1.0
1.0
1.0
1.0
1.0
1.0
1.0
1.0
1.0
1.0
1.0
1.0
1.0
1.0
1.0
1.0
1.0
1.0
1.0
1.0
1.0
1.0
1.0
1.0
1.0
1.0
1.0
1.0
1.0
1.0
1.0
1.0
1.0
1.0
1.0
1.0
1.0
1.0
1.0
1.0
1.0
1.0
1.0
1.0
1.0
1.0
1.0
1.0
1.0
1.0
1.0
1.0
1.0
1.0
1.0
1.0
1.0
1.0
1.0
1.0
1.0
1.0
1.0
1.0
1.0
1.0
1.0
1.0
1.0
1.0
1.0
1.0
1.0
1.0
1.0
1.0
1.0
1.0
1.0
1.0
1.0
1.0
1.0
1.0
1.0
1.0
1.0
1.0
1.0
1.0
1.0
1.0
1.0
1.0
1.0
1.0
1.0
1.0
1.0
1.0
1.0
1.0
1.0
1.0
1.0
1.0
1.0
1.0
1.0
1.0
1.0
1.0
1.0
1.0
1.0
1.0
1.0
1.0
1.0
1.0
1.0
1.0
1.0
1.0
1.0
1.0
1.0
1.0
1.0
1.0
1.0
1.0
1.0
1.0
1.0
1.0
1.0
1.0
1.0
1.0
1.0
1.0
1.0
1.0
1.0
1.0
1.0
1.0
1.0
1.0
1.0
1.0
1.0
1.0
1.0
1.0
1.0
1.0
1.0
1.0
1.0
1.0
1.0
1.0
1.0
1.0
1.0
1.0
1.0
1.0
1.0
1.0
1.0
1.0
1.0
1.0
1.0
1.0
1.0
1.0
1.0
1.0
1.0
1.0
1.0
1.0
1.0
1.0
1.0
1.0
1.0
1.0
1.0
1.0
1.0
1.0
1.0
1.0
1.0
1.0
1.0
1.0
1.0
1.0
1.0
1.0
1.0
1.0
1.0
1.0
1.0
1.0
1.0
1.0
1.0
1.0
1.0
1.0
1.0
1.0
1.0
1.0
1.0
1.0
1.0
1.0
1.0
1.0
1.0
1.0
1.0
1.0
1.0
1.0
1.0
1.0
1.0
1.0
1.0
1.0
1.0
1.0
1.0
1.0
1.0
1.0
1.0
1.0
1.0
1.0
1.0
1.0
1.0
1.0
1.0
1.0
1.0
1.0
1.0
1.0
1.0
1.0
1.0
1.0
1.0
1.0
1.0
1.0
1.0
1.0
1.0
1.0
1.0
1.0
1.0
1.0
1.0
1.0
1.0
1.0
1.0
1.0
1.0
1.0
1.0
1.0
1.0
1.0
1.0
1.0
1.0
1.0
1.0
1.0
1.0
1.0
1.0
1.0
1.0
1.0
1.0
1.0
1.0
1.0
1.0
1.0
1.0
1.0
1.0
1.0
1.0
1.0
1.0
1.0
1.0
1.0
1.0
1.0
1.0
1.0
1.0
1.0
1.0
1.0
1.0
1.0
1.0
1.0
1.0
1.0
1.0
1.0
1.0
1.0
1.0
1.0
1.0
1.0
1.0
1.0
1.0
1.0
1.0
1.0
1.0
1.0
1.0
1.0
1.0
1.0
1.0
1.0
1.0
1.0
1.0
1.0
1.0
1.0
1.0
1.0
1.0
1.0
1.0
1.0
1.0
1.0
1.0
1.0
1.0
1.0
1.0
1.0
1.0
1.0
1.0
1.0
1.0
1.0
1.0
1.0
1.0
1.0
1.0
1.0
1.0
1.0
1.0
1.0
1.0
1.0
1.0
1.0
1.0
1.0
1.0
1.0
1.0
1.0
1.0
1.0
1.0
1.0
1.0
1.0
1.0
1.0
1.0
1.0
1.0
1.0
1.0
1.0
1.0
1.0
1.0
1.0
1.0
1.0
1.0
1.0
1.0
1.0
1.0
1.0
1.0
1.0
1.0
1.0
1.0
1.0
1.0
1.0
1.0
1.0
1.0
1.0
1.0
1.0
1.0
1.0
1.0
1.0
1.0
1.0
1.0
1.0
1.0
1.0
1.0
1.0
1.0
1.0
1.0
1.0
1.0
1.0
1.0
1.0
1.0
1.0
1.0
1.0
1.0
1.0
1.0
1.0
1.0
1.0
1.0
1.0
1.0
1.0
1.0
1.0
1.0
1.0
1.0
1.0
1.0
1.0
1.0
1.0
1.0
1.0
1.0
1.0
1.0
1.0
1.0
1.0
1.0
1.0
1.0
1.0
1.0
1.0
1.0
1.0
1.0
1.0
1.0
1.0
1.0
1.0
1.0
1.0
1.0
1.0
1.0
1.0
1.0
1.0
1.0
1.0
1.0
1.0
1.0
1.0
1.0
1.0
1.0
1.0
1.0
1.0
1.0
1.0
1.0
1.0
1.0
1.0
1.0
1.0
1.0
1.0
1.0
1.0
1.0
1.0
1.0
1.0
1.0
1.0
1.0
1.0
1.0
1.0
1.0
1.0
1.0
1.0
1.0
1.0
1.0
1.0
1.0
1.0
1.0
1.0
1.0
1.0
1.0
1.0
1.0
1.0
1.0
1.0
1.0
1.0
1.0
1.0
1.0
1.0
1.0
1.0
1.0
1.0
1.0
1.0
1.0
1.0
1.0
1.0
1.0
1.0
1.0
1.0
1.0
1.0
1.0
1.0
1.0
1.0
1.0
1.0
1.0
1.0
1.0
1.0
1.0
1.0
1.0
1.0
1.0
1.0
1.0
1.0
1.0
1.0
1.0
1.0
1.0
1.0
1.0
1.0
1.0
1.0
1.0
1.0
1.0
1.0
1.0
1.0
1.0
1.0
1.0
1.0
1.0
1.0
1.0
1.0
1.0
1.0
1.0
1.0
1.0
1.0
1.0
1.0
1.0
1.0
1.0
1.0
1.0
1.0
1.0
1.0
1.0
1.0
1.0
1.0
1.0
1.0
1.0
1.0
1.0
1.0
1.0
1.0
1.0
1.0
1.0
1.0
1.0
1.0
1.0
1.0
1.0
1.0
1.0
1.0
1.0
1.0
1.0
1.0
1.0
1.0
1.0
1.0
1.0
1.0
1.0
1.0
1.0
1.0
1.0
1.0
1.0
1.0
1.0
1.0
1.0
1.0
1.0
1.0
1.0
1.0
1.0
1.0
1.0
1.0
1.0
1.0
1.0
1.0
1.0
1.0
1.0
1.0
1.0
1.0
1.0
1.0
1.0
1.0
1.0
1.0
1.0
1.0
1.0
1.0
1.0
1.0
1.0
1.0
1.0
1.0
1.0
1.0
1.0
1.0
1.0
1.0
1.0
1.0
1.0
1.0
1.0
1.0
1.0
1.0
1.0
1.0
1.0
1.0
1.0
1.0
1.0
1.0
1.0
1.0
1.0
1.0
1.0
1.0
1.0
1.0
1.0
1.0
1.0
1.0
1.0
1.0
1.0
1.0
1.0
1.0
1.0
1.0
1.0
1.0
1.0
1.0
1.0
1.0
1.0
1.0
1.0
1.0
1.0
1.0
1.0
1.0
1.0
1.0
1.0
1.0
1.0
1.0
1.0
1.0
1.0
1.0
1.0
1.0
1.0
1.0
1.0
1.0
1.0
1.0
1.0
1.0
1.0
1.0
1.0
1.0
1.0
1.0
1.0
1.0
1.0
1.0
1.0
1.0
1.0
1.0
1.0
1.0
1.0
1.0
1.0
1.0
1.0
1.0
1.0
1.0
1.0
1.0
1.0
1.0
1.0
1.0
1.0
1.0
1.0
1.0
1.0
1.0
1.0
1.0
1.0
1.0
1.0
1.0
1.0
1.0
1.0
1.0
1.0
1.0
1.0
1.0
1.0
1.0
1.0
1.0
1.0
1.0
1.0
1.0
1.0
1.0
1.0
1.0
1.0
1.0
1.0
1.0
1.0
1.0
1.0
1.0
1.0
1.0
1.0
1.0
1.0
1.0
1.0
1.0
1.0
1.0
1.0
1.0
1.0
1.0
1.0
1.0
1.0
1.0
1.0
1.0
1.0
1.0
1.0
1.0
1.0
1.0
1.0
1.0
1.0
1.0
1.0
1.0
1.0
1.0
1.0
1.0
1.0
1.0
1.0
1.0
1.0
1.0
1.0
1.0
1.0
1.0
1.0
1.0
1.0
1.0
1.0
1.0
1.0
1.0
1.0
1.0
1.0
1.0
1.0
1.0
1.0
1.0
1.0
1.0
1.0
1.0
1.0
1.0
1.0
1.0
1.0
1.0
1.0
1.0
1.0
1.0
1.0
1.0
1.0
1.0
1.0
1.0
1.0
1.0
1.0
1.0
1.0
1.0
1.0
1.0
1.0
1.0
1.0
1.0
1.0
1.0
1.0
1.0
1.0
1.0
1.0
1.0
1.0
1.0
1.0
1.0
1.0
1.0
1.0
1.0
1.0
1.0
1.0
1.0
1.0
1.0
1.0
1.0
1.0
1.0
1.0
1.0
1.0
1.0
1.0
1.0
1.0
1.0
1.0
1.0
1.0
1.0
1.0
1.0
1.0
1.0
1.0
1.0
1.0
1.0
1.0
1.0
1.0
1.0
1.0
1.0
1.0
1.0
1.0
1.0
1.0
1.0
1.0
1.0
1.0
1.0
1.0
1.0
1.0
1.0
1.0
1.0
1.0
1.0
1.0
1.0
1.0
1.0
1.0
1.0
1.0
1.0
1.0
1.0
1.0
1.0
1.0
1.0
1.0
1.0
1.0
1.0
1.0
1.0
1.0
1.0
1.0
1.0
1.0
1.0
1.0
1.0
1.0
1.0
1.0
1.0
1.0
1.0
1.0
1.0
1.0
1.0
1.0
1.0
1.0
1.0
1.0
1.0
1.0
1.0
1.0
1.0
1.0
1.0
1.0
1.0
1.0
1.0
1.0
1.0
1.0
1.0
1.0
1.0
1.0
1.0
1.0
1.0
1.0
1.0
1.0
1.0
1.0
1.0
1.0
1.0
1.0
1.0
1.0
1.0
1.0
1.0
1.0
1.0
1.0
1.0
1.0
1.0
1.0
1.0
1.0
1.0
1.0
1.0
1.0
1.0
1.0
1.0
1.0
1.0
1.0
1.0
1.0
1.0
1.0
1.0
1.0
1.0
1.0
1.0
1.0
1.0
1.0
1.0
1.0
1.0
1.0
1.0
1.0
1.0
1.0
1.0
1.0
1.0
1.0
1.0
1.0
1.0
1.0
1.0
1.0
1.0
1.0
1.0
1.0
1.0
1.0
1.0
1.0
1.0
1.0
1.0
1.0
1.0
1.0
1.0
1.0
1.0
1.0
1.0
1.0
1.0
1.0
1.0
1.0
1.0
1.0
1.0
1.0
1.0
1.0
1.0
1.0
1.0
1.0
1.0
1.0
1.0
1.0
1.0
1.0
1.0
1.0
1.0
1.0
1.0
1.0
1.0
1.0
1.0
1.0
1.0
1.0
1.0
1.0
1.0
1.0
1.0
1.0
1.0
1.0
1.0
1.0
1.0
1.0
1.0
1.0
1.0
1.0
1.0
1.0
1.0
1.0
1.0
1.0
1.0
1.0
1.0
1.0
1.0
1.0
1.0
1.0
1.0
1.0
1.0
1.0
1.0
1.0
1.0
1.0
1.0
1.0
1.0
1.0
1.0
1.0
1.0
1.0
1.0
1.0
1.0
1.0
1.0
1.0
1.0
1.0
1.0
1.0
1.0
1.0
1.0
1.0
1.0
1.0
1.0
1.0
1.0
1.0
1.0
1.0
1.0
1.0
1.0
1.0
1.0
1.0
1.0
1.0
1.0
1.0
1.0
1.0
1.0
1.0
1.0
1.0
1.0
1.0
1.0
1.0
1.0
1.0
1.0
1.0
1.0
1.0
1.0
1.0
1.0
1.0
1.0
1.0
1.0
1.0
1.0
1.0
1.0
1.0
1.0
1.0
1.0
1.0
1.0
1.0
1.0
1.0
1.0
1.0
1.0
1.0
1.0
1.0
1.0
1.0
1.0
1.0
1.0
1.0
1.0
1.0
1.0
1.0
1.0
1.0
1.0
1.0
1.0
1.0
1.0
1.0
1.0
1.0
1.0
1.0
1.0
1.0
1.0
1.0
1.0
1.0
1.0
1.0
1.0
1.0
1.0
1.0
1.0
1.0
1.0
1.0
1.0
1.0
1.0
1.0
1.0
1.0
1.0
1.0
1.0
1.0
1.0
1.0
1.0
1.0
1.0
1.0
1.0
1.0
1.0
1.0
1.0
1.0
1.0
1.0
1.0
1.0
1.0
1.0
1.0
1.0
1.0
1.0
1.0
1.0
1.0
1.0
1.0
1.0
1.0
1.0
1.0
1.0
1.0
1.0
1.0
1.0
1.0
1.0
1.0
1.0
1.0
1.0
1.0
1.0
1.0
1.0
1.0
1.0
1.0
1.0
1.0
1.0
1.0
1.0
1.0
1.0
1.0
1.0
1.0
1.0
1.0
1.0
1.0
1.0
1.0
1.0
1.0
1.0
1.0
1.0
1.0
1.0
1.0
1.0
1.0
1.0
1.0
1.0
1.0
1.0
1.0
1.0
1.0
1.0
1.0
1.0
1.0
1.0
1.0
1.0
1.0
1.0
1.0
1.0
1.0
1.0
1.0
1.0
1.0
1.0
1.0
1.0
1.0
1.0
1.0
1.0
1.0
1.0
1.0
1.0
1.0
1.0
1.0
1.0
1.0
1.0
1.0
1.0
1.0
1.0
1.0
1.0
1.0
1.0
1.0
1.0
1.0
1.0
1.0
1.0
1.0
1.0
1.0
1.0
1.0
1.0
1.0
1.0
1.0
1.0
1.0
1.0
1.0
1.0
1.0
1.0
1.0
1.0
1.0
1.0
1.0
1.0
1.0
1.0
1.0
1.0
1.0
1.0
1.0
1.0
1.0
1.0
1.0
1.0
1.0
1.0
1.0
1.0
1.0
1.0
1.0
1.0
1.0
1.0
1.0
1.0
1.0
1.0
1.0
1.0
1.0
1.0
1.0
1.0
1.0
1.0
1.0
1.0
1.0
1.0
1.0
1.0
1.0
1.0
1.0
1.0
1.0
1.0
1.0
1.0
1.0
1.0
1.0
1.0
1.0
1.0
1.0
1.0
1.0
1.0
1.0
1.0
1.0
1.0
1.0
1.0
1.0
1.0
1.0
1.0
1.0
1.0
1.0
1.0
1.0
1.0
1.0
1.0
1.0
1.0
1.0
1.0
1.0
1.0
1.0
1.0
1.0
1.0
1.0
1.0
1.0
1.0
1.0
1.0
1.0
1.0
1.0
1.0
1.0
1.0
1.0
1.0
1.0
1.0
1.0
1.0
1.0
1.0
1.0
1.0
1.0
1.0
1.0
1.0
1.0
1.0
1.0
1.0
1.0
1.0
1.0
1.0
1.0
1.0
1.0
1.0
1.0
1.0
1.0
1.0
1.0
1.0
1.0
1.0
1.0
1.0
1.0
1.0
1.0
1.0
1.0
1.0
1.0
1.0
1.0
1.0
1.0
1.0
1.0
1.0
1.0
1.0
1.0
1.0
1.0
1.0
1.0
1.0
1.0
1.0
1.0
1.0
1.0
1.0
1.0
1.0
1.0
1.0
1.0
1.0
1.0
1.0
1.0
1.0
1.0
1.0
1.0
1.0
1.0
1.0
1.0
1.0
1.0
1.0
1.0
1.0
1.0
1.0
1.0
1.0
1.0
1.0
1.0
1.0
1.0
1.0
1.0
1.0
1.0
1.0
1.0
1.0
1.0
1.0
1.0
1.0
1.0
1.0
1.0
1.0
1.0
1.0
1.0
1.0
1.0
1.0
1.0
1.0
1.0
1.0
1.0
1.0
1.0
1.0
1.0
1.0
1.0
1.0
1.0
1.0
1.0
1.0
1.0
1.0
1.0
1.0
1.0
1.0
1.0
1.0
1.0
1.0
1.0
1.0
1.0
1.0
1.0
1.0
1.0
1.0
1.0
1.0
1.0
1.0
1.0
1.0
1.0
1.0
1.0
1.0
1.0
1.0
1.0
1.0
1.0
1.0
1.0
1.0
1.0
1.0
1.0
1.0
1.0
1.0
1.0
1.0
1.0
1.0
1.0
1.0
1.0
1.0
1.0
1.0
1.0
1.0
1.0
1.0
1.0
1.0
1.0
1.0
1.0
1.0
1.0
1.0
1.0
1.0
1.0
1.0
1.0
1.0
1.0
1.0
1.0
1.0
1.0
1.0
1.0
1.0
1.0
1.0
1.0
1.0
1.0
1.0
1.0
1.0
1.0
1.0
1.0
1.0
1.0
1.0
1.0
1.0
1.0
1.0
1.0
1.0
1.0
1.0
1.0
1.0
1.0
1.0
1.0
1.0
1.0
1.0
1.0
1.0
1.0
1.0
1.0
1.0
1.0
1.0
1.0
1.0
1.0
1.0
1.0
1.0
1.0
1.0
1.0
1.0
1.0
1.0
1.0
1.0
1.0
1.0
1.0
1.0
1.0
1.0
1.0
1.0
1.0
1.0
1.0
1.0
1.0
1.0
1.0
1.0
1.0
1.0
1.0
1.0
1.0
1.0
1.0
1.0
1.0
1.0
1.0
1.0
1.0
1.0
1.0
1.0
1.0
1.0
1.0
1.0
1.0
1.0
1.0
1.0
1.0
1.0
1.0
1.0
1.0
1.0
1.0
1.0
1.0
1.0
1.0
1.0
1.0
1.0
1.0
1.0
1.0
1.0
1.0
1.0
1.0
1.0
1.0
1.0
1.0
1.0
1.0
1.0
1.0
1.0
1.0
1.0
1.0
1.0
1.0
1.0
1.0
1.0
1.0
1.0
1.0
1.0
1.0
1.0
1.0
1.0
1.0
1.0
1.0
1.0
1.0
1.0
1.0
1.0
1.0
1.0
1.0
1.0
1.0
1.0
1.0
1.0
1.0
1.0
1.0
1.0
1.0
1.0
1.0
1.0
1.0
1.0
1.0
1.0
1.0
1.0
1.0
1.0
1.0
1.0
1.0
1.0
1.0
1.0
1.0
1.0
1.0
1.0
1.0
1.0
1.0
1.0
1.0
1.0
1.0
1.0
1.0
1.0
1.0
1.0
1.0
1.0
1.0
1.0
1.0
1.0
1.0
1.0
1.0
1.0
1.0
1.0
1.0
1.0
1.0
1.0
1.0
1.0
1.0
1.0
1.0
1.0
1.0
1.0
1.0
1.0
1.0
1.0
1.0
1.0
1.0
1.0
1.0
1.0
1.0
1.0
1.0
1.0
1.0
1.0
1.0
1.0
1.0
1.0
1.0
1.0
1.0
1.0
1.0
1.0
1.0
1.0
1.0
1.0
1.0
1.0
1.0
1.0
1.0
1.0
1.0
1.0
1.0
1.0
1.0
1.0
1.0
1.0
1.0
1.0
1.0
1.0
1.0
1.0
1.0
1.0
1.0
1.0
1.0
1.0
1.0
1.0
1.0
1.0
1.0
1.0
1.0
1.0
1.0
1.0
1.0
1.0
1.0
1.0
1.0
1.0
1.0
1.0
1.0
1.0
1.0
1.0
1.0
1.0
1.0
1.0
1.0
1.0
1.0
1.0
1.0
1.0
1.0
1.0
1.0
1.0
1.0
1.0
1.0
1.0
1.0
1.0
1.0
1.0
1.0
1.0
1.0
1.0
1.0
1.0
1.0
1.0
1.0
1.0
1.0
1.0
1.0
1.0
1.0
1.0
1.0
1.0
1.0
1.0
1.0
1.0
1.0
1.0
1.0
1.0
1.0
1.0
1.0
1.0
1.0
1.0
1.0
1.0
1.0
1.0
1.0
1.0
1.0
1.0
1.0
1.0
1.0
1.0
1.0
1.0
1.0
1.0
1.0
1.0
1.0
1.0
1.0
1.0
1.0
1.0
1.0
1.0
1.0
1.0
1.0
1.0
1.0
1.0
1.0
1.0
1.0
1.0
1.0
1.0
1.0
1.0
1.0
1.0
1.0
1.0
1.0
1.0
1.0
1.0
1.0
1.0
1.0
1.0
1.0
1.0
1.0
1.0
1.0
1.0
1.0
1.0
1.0
1.0
1.0
1.0
1.0
1.0
1.0
1.0
1.0
1.0
1.0
1.0
1.0
1.0
1.0
1.0
1.0
1.0
1.0
1.0
1.0
1.0
1.0
1.0
1.0
1.0
1.0
1.0
1.0
1.0
1.0
1.0
1.0
1.0
1.0
1.0
1.0
1.0
1.0
1.0
1.0
1.0
1.0
1.0
1.0
1.0
1.0
1.0
1.0
1.0
1.0
1.0
1.0
1.0
1.0
1.0
1.0
1.0
1.0
1.0
1.0
1.0
1.0
1.0
1.0
1.0
1.0
1.0
1.0
1.0
1.0
1.0
1.0
1.0
1.0
1.0
1.0
1.0
1.0
1.0
1.0
1.0
1.0
1.0
1.0
1.0
1.0
1.0
1.0
1.0
1.0
1.0
1.0
1.0
1.0
1.0
1.0
1.0
1.0
1.0
1.0
1.0
1.0
1.0
1.0
1.0
1.0
1.0
1.0
1.0
1.0
1.0
1.0
1.0
1.0
1.0
1.0
1.0
1.0
1.0
1.0
1.0
1.0
1.0
1.0
1.0
1.0
1.0
1.0
1.0
1.0
1.0
1.0
1.0
1.0
1.0
1.0
1.0
1.0
1.0
1.0
1.0
1.0
1.0
1.0
1.0
1.0
1.0
1.0
1.0
1.0
1.0
1.0
1.0
1.0
1.0
1.0
1.0
1.0
1.0
1.0
1.0
1.0
1.0
1.0
1.0
1.0
1.0
1.0
1.0
1.0
1.0
1.0
1.0
1.0
1.0
1.0
1.0
1.0
1.0
1.0
1.0
1.0
1.0
1.0
1.0
1.0
1.0
1.0
1.0
1.0
1.0
1.0
1.0
1.0
1.0
1.0
1.0
1.0
1.0
1.0
1.0
1.0
1.0
1.0
1.0
1.0
1.0
1.0
1.0
1.0
1.0
1.0
1.0
1.0
1.0
1.0
1.0
1.0
1.0
1.0
1.0
1.0
1.0
1.0
1.0
1.0
1.0
1.0
1.0
1.0
1.0
1.0
1.0
1.0
1.0
1.0
1.0
1.0
1.0
1.0
1.0
1.0
1.0
1.0
1.0
1.0
1.0
1.0
1.0
1.0
1.0
1.0
1.0
1.0
1.0
1.0
1.0
1.0
1.0
1.0
1.0
1.0
1.0
1.0
1.0
1.0
1.0
1.0
1.0
1.0
1.0
1.0
1.0
1.0
1.0
1.0
1.0
1.0
1.0
1.0
1.0
1.0
1.0
1.0
1.0
1.0
1.0
1.0
1.0
1.0
1.0
1.0
1.0
1.0
1.0
1.0
1.0
1.0
1.0
1.0
1.0
1.0
1.0
1.0
1.0
1.0
1.0
1.0
1.0
1.0
1.0
1.0
1.0
1.0
1.0
1.0
1.0
1.0
1.0
1.0
1.0
1.0
1.0
1.0
1.0
1.0
1.0
1.0
1.0
1.0
1.0
1.0
1.0
1.0
1.0
1.0
1.0
1.0
1.0
1.0
1.0
1.0
1.0
1.0
1.0
1.0
1.0
1.0
1.0
1.0
1.0
1.0
1.0
1.0
1.0
1.0
1.0
1.0
1.0
1.0
1.0
1.0
1.0
1.0
1.0
1.0
1.0
1.0
1.0
1.0
1.0
1.0
1.0
1.0
1.0
1.0
1.0
1.0
1.0
1.0
1.0
1.0
1.0
1.0
1.0
1.0
1.0
1.0
1.0
1.0
1.0
1.0
1.0
1.0
1.0
1.0
1.0
1.0
1.0
1.0
1.0
1.0
1.0
1.0
1.0
1.0
1.0
1.0
1.0
1.0
1.0
1.0
1.0
1.0
1.0
1.0
1.0
1.0
1.0
1.0
1.0
1.0
1.0
1.0
1.0
1.0
1.0
1.0
1.0
1.0
1.0
1.0
1.0
1.0
1.0
1.0
1.0
1.0
1.0
1.0
1.0
1.0
1.0
1.0
1.0
1.0
1.0
1.0
1.0
1.0
1.0
1.0
1.0
1.0
1.0
1.0
1.0
1.0
1.0
1.0
1.0
1.0
1.0
1.0
1.0
1.0
1.0
1.0
1.0
1.0
1.0
1.0
1.0
1.0
1.0
1.0
1.0
1.0
1.0
1.0
1.0
1.0
1.0
1.0
1.0
1.0
1.0
1.0
1.0
1.0
1.0
1.0
1.0
1.0
1.0
1.0
1.0
1.0
1.0
1.0
1.0
1.0
1.0
1.0
1.0
1.0
1.0
1.0
1.0
1.0
1.0
1.0
1.0
1.0
1.0
1.0
1.0
1.0
1.0
1.0
1.0
1.0
1.0
1.0
1.0
1.0
1.0
1.0
1.0
1.0
1.0
1.0
1.0
1.0
1.0
1.0
1.0
1.0
1.0
1.0
1.0
1.0
1.0
1.0
1.0
1.0
1.0
1.0
1.0
1.0
1.0
1.0
1.0
1.0
1.0
1.0
1.0
1.0
1.0
1.0
1.0
1.0
1.0
1.0
1.0
1.0
1.0
1.0
1.0
1.0
1.0
1.0
1.0
1.0
1.0
1.0
1.0
1.0
1.0
1.0
1.0
1.0
1.0
1.0
1.0
1.0
1.0
1.0
1.0
1.0
1.0
1.0
1.0
1.0
1.0
1.0
1.0
1.0
1.0
1.0
1.0
1.0
1.0
1.0
1.0
1.0
1.0
1.0
1.0
1.0
1.0
1.0
1.0
1.0
1.0
1.0
1.0
1.0
1.0
1.0
1.0
1.0
1.0
1.0
1.0
1.0
1.0
1.0
1.0
1.0
1.0
1.0
1.0
1.0
1.0
1.0
1.0
1.0
1.0
1.0
1.0
1.0
1.0
1.0
1.0
1.0
1.0
1.0
1.0
1.0
1.0
1.0
1.0
1.0
1.0
1.0
1.0
1.0
1.0
1.0
1.0
1.0
1.0
1.0
1.0
1.0
1.0
1.0
1.0
1.0
1.0
1.0
1.0
1.0
1.0
1.0
1.0
1.0
1.0
1.0
1.0
1.0
1.0
1.0
1.0
1.0
1.0
1.0
1.0
1.0
1.0
1.0
1.0
1.0
1.0
1.0
1.0
1.0
1.0
1.0
1.0
1.0
1.0
1.0
1.0
1.0
1.0
1.0
1.0
1.0
1.0
1.0
1.0
1.0
1.0
1.0
1.0
1.0
1.0
1.0
1.0
1.0
1.0
1.0
1.0
1.0
1.0
1.0
1.0
1.0
1.0
1.0
1.0
1.0
1.0
1.0
1.0
1.0
1.0
1.0
1.0
1.0
1.0
1.0
1.0
1.0
1.0
1.0
1.0
1.0
1.0
1.0
1.0
1.0
1.0
1.0
1.0
1.0
1.0
1.0
1.0
1.0
1.0
1.0
1.0
1.0
1.0
1.0
1.0
1.0
1.0
1.0
1.0
1.0
1.0
1.0
1.0
1.0
1.0
1.0
1.0
1.0
1.0
1.0
1.0
1.0
1.0
1.0
1.0
1.0
1.0
1.0
1.0
1.0
1.0
1.0
1.0
1.0
1.0
1.0
1.0
1.0
1.0
1.0
1.0
1.0
1.0
1.0
1.0
1.0
1.0
1.0
1.0
1.0
1.0
1.0
1.0
1.0
1.0
1.0
1.0
1.0
1.0
1.0
1.0
1.0
1.0
1.0
1.0
1.0
1.0
1.0
1.0
1.0
1.0
1.0
1.0
1.0
1.0
1.0
1.0
1.0
1.0
1.0
1.0
1.0
1.0
1.0
1.0
1.0
1.0
1.0
1.0
1.0
1.0
1.0
1.0
1.0
1.0
1.0
1.0
1.0
1.0
1.0
1.0
1.0
1.0
1.0
1.0
1.0
1.0
1.0
1.0
1.0
1.0
1.0
1.0
1.0
1.0
1.0
1.0
1.0
1.0
1.0
1.0
1.0
1.0
1.0
1.0
1.0
1.0
1.0
1.0
1.0
1.0
1.0
1.0
1.0
1.0
1.0
1.0
1.0
1.0
1.0
1.0
1.0
1.0
1.0
1.0
1.0
1.0
1.0
1.0
1.0
1.0
1.0
1.0
1.0
1.0
1.0
1.0
1.0
1.0
1.0
1.0
1.0
1.0
1.0
1.0
1.0
1.0
1.0
1.0
1.0
1.0
1.0
1.0
1.0
1.0
1.0
1.0
1.0
1.0
1.0
1.0
1.0
1.0
1.0
1.0
1.0
1.0
1.0
1.0
1.0
1.0
1.0
1.0
1.0
1.0
1.0
1.0
1.0
1.0
1.0
1.0
1.0
1.0
1.0
1.0
1.0
1.0
1.0
1.0
1.0
1.0
1.0
1.0
1.0
1.0
1.0
1.0
1.0
1.0
1.0
1.0
1.0
1.0
1.0
1.0
1.0
1.0
1.0
1.0
1.0
1.0
1.0
1.0
1.0
1.0
1.0
1.0
1.0
1.0
1.0
1.0
1.0
1.0
1.0
1.0
1.0
1.0
1.0
1.0
1.0
1.0
1.0
1.0
1.0
1.0
1.0
1.0
1.0
1.0
1.0
1.0
1.0
1.0
1.0
1.0
1.0
1.0
1.0
1.0
1.0
1.0
1.0
1.0
1.0
1.0
1.0
1.0
1.0
1.0
1.0
1.0
1.0
1.0
1.0
1.0
1.0
1.0
1.0
1.0
1.0
1.0
1.0
1.0
1.0
1.0
1.0
1.0
1.0
1.0
1.0
1.0
1.0
1.0
1.0
1.0
1.0
1.0
1.0
1.0
1.0
1.0
1.0
1.0
1.0
1.0
1.0
1.0
1.0
1.0
1.0
1.0
1.0
1.0
1.0
1.0
1.0
1.0
1.0
1.0
1.0
1.0
1.0
1.0
1.0
1.0
1.0
1.0
1.0
1.0
1.0
1.0
1.0
1.0
1.0
1.0
1.0
1.0
1.0
1.0
1.0
1.0
1.0
1.0
1.0
1.0
1.0
1.0
1.0
1.0
1.0
1.0
1.0
1.0
1.0
1.0
1.0
1.0
1.0
1.0
1.0
1.0
1.0
1.0
1.0
1.0
1.0
1.0
1.0
1.0
1.0
1.0
1.0
1.0
1.0
1.0
1.0
1.0
1.0
1.0
1.0
1.0
1.0
1.0
1.0
1.0
1.0
1.0
1.0
1.0
1.0
1.0
1.0
1.0
1.0
1.0
1.0
1.0
1.0
1.0
1.0
1.0
1.0
1.0
1.0
1.0
1.0
1.0
1.0
1.0
1.0
1.0
1.0
1.0
1.0
1.0
1.0
1.0
1.0
1.0
1.0
1.0
1.0
1.0
1.0
1.0
1.0
1.0
1.0
1.0
1.0
1.0
1.0
1.0
1.0
1.0
1.0
1.0
1.0
1.0
1.0
1.0
1.0
1.0
1.0
1.0
1.0
1.0
1.0
1.0
1.0
1.0
1.0
1.0
1.0
1.0
1.0
1.0
1.0
1.0
1.0
1.0
1.0
1.0
1.0
1.0
1.0
1.0
1.0
1.0
1.0
1.0
1.0
1.0
1.0
1.0
1.0
1.0
1.0
1.0
1.0
1.0
1.0
1.0
1.0
1.0
1.0
1.0
1.0
1.0
1.0
1.0
1.0
1.0
1.0
1.0
1.0
1.0
1.0
1.0
1.0
1.0
1.0
1.0
1.0
1.0
1.0
1.0
1.0
1.0
1.0
1.0
1.0
1.0
1.0
1.0
1.0
1.0
1.0
1.0
1.0
1.0
1.0
1.0
1.0
1.0
1.0
1.0
1.0
1.0
1.0
1.0
1.0
1.0
1.0
1.0
1.0
1.0
1.0
1.0
1.0
1.0
1.0
1.0
1.0
1.0
1.0
1.0
1.0
1.0
1.0
1.0
1.0
1.0
1.0
1.0
1.0
1.0
1.0
1.0
1.0
1.0
1.0
1.0
1.0
1.0
1.0
1.0
1.0
1.0
1.0
1.0
1.0
1.0
1.0
1.0
1.0
1.0
1.0
1.0
1.0
1.0
1.0
1.0
1.0
1.0
1.0
1.0
1.0
1.0
1.0
1.0
1.0
1.0
1.0
1.0
1.0
1.0
1.0
1.0
1.0
1.0
1.0
1.0
1.0
1.0
1.0
1.0
1.0
1.0
1.0
1.0
1.0
1.0
1.0
1.0
1.0
1.0
1.0
1.0
1.0
1.0
1.0
1.0
1.0
1.0
1.0
1.0
1.0
1.0
1.0
1.0
1.0
1.0
1.0
1.0
1.0
1.0
1.0
1.0
1.0
1.0
1.0
1.0
1.0
1.0
1.0
1.0
1.0
1.0
1.0
1.0
1.0
1.0
1.0
1.0
1.0
1.0
1.0
1.0
1.0
1.0
1.0
1.0
1.0
1.0
1.0
1.0
1.0
1.0
1.0
1.0
1.0
1.0
1.0
1.0
1.0
1.0
1.0
1.0
1.0
1.0
1.0
1.0
1.0
1.0
1.0
1.0
1.0
1.0
1.0
1.0
1.0
1.0
1.0
1.0
1.0
1.0
1.0
1.0
1.0
1.0
1.0
1.0
1.0
1.0
1.0
1.0
1.0
1.0
1.0
1.0
1.0
1.0
1.0
1.0
1.0
1.0
1.0
1.0
1.0
1.0
1.0
1.0
1.0
1.0
1.0
1.0
1.0
1.0
1.0
1.0
1.0
1.0
1.0
1.0
1.0
1.0
1.0
1.0
1.0
1.0
1.0
1.0
1.0
1.0
1.0
1.0
1.0
1.0
1.0
1.0
1.0
1.0
1.0
1.0
1.0
1.0
1.0
1.0
1.0
1.0
1.0
1.0
1.0
1.0
1.0
1.0
1.0
1.0
1.0
1.0
1.0
1.0
1.0
1.0
1.0
1.0
1.0
1.0
1.0
1.0
1.0
1.0
1.0
1.0
1.0
1.0
1.0
1.0
1.0
1.0
1.0
1.0
1.0
1.0
1.0
1.0
1.0
1.0
1.0
1.0
1.0
1.0
1.0
1.0
1.0
1.0
1.0
1.0
1.0
1.0
1.0
1.0
1.0
1.0
1.0
1.0
1.0
1.0
1.0
1.0
1.0
1.0
1.0
1.0
1.0
1.0
1.0
1.0
1.0
1.0
1.0
1.0
1.0
1.0
1.0
1.0
1.0
1.0
1.0
1.0
1.0
1.0
1.0
1.0
1.0
1.0
1.0
1.0
1.0
1.0
1.0
1.0
1.0
1.0
1.0
1.0
1.0
1.0
1.0
1.0
1.0
1.0
1.0
1.0
1.0
1.0
1.0
1.0
1.0
1.0
1.0
1.0
1.0
1.0
1.0
1.0
1.0
1.0
1.0
1.0
1.0
1.0
1.0
1.0
1.0
1.0
1.0
1.0
1.0
1.0
1.0
1.0
1.0
1.0
1.0
1.0
1.0
1.0
1.0
1.0
1.0
1.0
1.0
1.0
1.0
1.0
1.0
1.0
1.0
1.0
1.0
1.0
1.0
1.0
1.0
1.0
1.0
1.0
1.0
1.0
1.0
1.0
1.0
1.0
1.0
1.0
1.0
1.0
1.0
1.0
1.0
1.0
1.0
1.0
1.0
1.0
1.0
1.0
1.0
1.0
1.0
1.0
1.0
1.0
1.0
1.0
1.0
1.0
1.0
1.0
1.0
1.0
1.0
1.0
1.0
1.0
1.0
1.0
1.0
1.0
1.0
1.0
1.0
1.0
1.0
1.0
1.0
1.0
1.0
1.0
1.0
1.0
1.0
1.0
1.0
1.0
1.0
1.0
1.0
1.0
1.0
1.0
1.0
1.0
1.0
1.0
1.0
1.0
1.0
1.0
1.0
1.0
1.0
1.0
1.0
1.0
1.0
1.0
1.0
1.0
1.0
1.0
1.0
1.0
1.0
1.0
1.0
1.0
1.0
1.0
1.0
1.0
1.0
1.0
1.0
1.0
1.0
1.0
1.0
1.0
1.0
1.0
1.0
1.0
1.0
1.0
1.0
1.0
1.0
1.0
1.0
1.0
1.0
1.0
1.0
1.0
1.0
1.0
1.0
1.0
1.0
1.0
1.0
1.0
1.0
1.0
1.0
1.0
1.0
1.0
1.0
1.0
1.0
1.0
1.0
1.0
1.0
1.0
1.0
1.0
1.0
1.0
1.0
1.0
1.0
1.0
1.0
1.0
1.0
1.0
1.0
1.0
1.0
1.0
1.0
1.0
1.0
1.0
1.0
1.0
1.0
1.0
1.0
1.0
1.0
1.0
1.0
1.0
1.0
1.0
1.0
1.0
1.0
1.0
1.0
1.0
1.0
1.0
1.0
1.0
1.0
1.0
1.0
1.0
1.0
1.0
1.0
1.0
1.0
1.0
1.0
1.0
1.0
1.0
1.0
1.0
1.0
1.0
1.0
1.0
1.0
1.0
1.0
1.0
1.0
1.0
1.0
1.0
1.0
1.0
1.0
1.0
1.0
1.0
1.0
1.0
1.0
1.0
1.0
1.0
1.0
1.0
1.0
1.0
1.0
1.0
1.0
1.0
1.0
1.0
1.0
1.0
1.0
1.0
1.0
1.0
1.0
1.0
1.0
1.0
1.0
1.0
1.0
1.0
1.0
1.0
1.0
1.0
1.0
1.0
1.0
1.0
1.0
1.0
1.0
1.0
1.0
1.0
1.0
1.0
1.0
1.0
1.0
1.0
1.0
1.0
1.0
1.0
1.0
1.0
1.0
1.0
1.0
1.0
1.0
1.0
1.0
1.0
1.0
1.0
1.0
1.0
1.0
1.0
1.0
1.0
1.0
1.0
1.0
1.0
1.0
1.0
1.0
1.0
1.0
1.0
1.0
1.0
1.0
1.0
1.0
1.0
1.0
1.0
1.0
1.0
1.0
1.0
1.0
1.0
1.0
1.0
1.0
1.0
1.0
1.0
1.0
1.0
1.0
1.0
1.0
1.0
1.0
1.0
1.0
1.0
1.0
1.0
1.0
1.0
1.0
1.0
1.0
1.0
1.0
1.0
1.0
1.0
1.0
1.0
1.0
1.0
1.0
1.0
1.0
1.0
1.0
1.0
1.0
1.0
1.0
1.0
1.0
1.0
1.0
1.0
1.0
1.0
1.0
1.0
1.0
1.0
1.0
1.0
1.0
1.0
1.0
1.0
1.0
1.0
1.0
1.0
1.0
1.0
1.0
1.0
1.0
1.0
1.0
1.0
1.0
1.0
1.0
1.0
1.0
1.0
1.0
1.0
1.0
1.0
1.0
1.0
1.0
1.0
1.0
1.0
1.0
1.0
1.0
1.0
1.0
1.0
1.0
1.0
1.0
1.0
1.0
1.0
1.0
1.0
1.0
1.0
1.0
1.0
1.0
1.0
1.0
1.0
1.0
1.0
1.0
1.0
1.0
1.0
1.0
1.0
1.0
1.0
1.0
1.0
1.0
1.0
1.0
1.0
1.0
1.0
1.0
1.0
1.0
1.0
1.0
1.0
1.0
1.0
1.0
1.0
1.0
1.0
1.0
1.0
1.0
1.0
1.0
1.0
1.0
1.0
1.0
1.0
1.0
1.0
1.0
1.0
1.0
1.0
1.0
1.0
1.0
1.0
1.0
1.0
1.0
1.0
1.0
1.0
1.0
1.0
1.0
1.0
1.0
1.0
1.0
1.0
1.0
1.0
1.0
1.0
1.0
1.0
1.0
1.0
1.0
1.0
1.0
1.0
1.0
1.0
1.0
1.0
1.0
1.0
1.0
1.0
1.0
1.0
1.0
1.0
1.0
1.0
1.0
1.0
1.0
1.0
1.0
1.0
1.0
1.0
1.0
1.0
1.0
1.0
1.0
1.0
1.0
1.0
1.0
1.0
1.0
1.0
1.0
1.0
1.0
1.0
1.0
1.0
1.0
1.0
1.0
1.0
1.0
1.0
1.0
1.0
1.0
1.0
1.0
1.0
1.0
1.0
1.0
1.0
1.0
1.0
1.0
1.0
1.0
1.0
1.0
1.0
1.0
1.0
1.0
1.0
1.0
1.0
1.0
1.0
1.0
1.0
1.0
1.0
1.0
1.0
1.0
1.0
1.0
1.0
1.0
1.0
1.0
1.0
1.0
1.0
1.0
1.0
1.0
1.0
1.0
1.0
1.0
1.0
1.0
1.0
1.0
1.0
1.0
1.0
1.0
1.0
1.0
1.0
1.0
1.0
1.0
1.0
1.0
1.0
1.0
1.0
1.0
1.0
1.0
1.0
1.0
1.0
1.0
1.0
1.0
1.0
1.0
1.0
1.0
1.0
1.0
1.0
1.0
1.0
1.0
1.0
1.0
1.0
1.0
1.0
1.0
1.0
1.0
1.0
1.0
1.0
1.0
1.0
1.0
1.0
1.0
1.0
1.0
1.0
1.0
1.0
1.0
1.0
1.0
1.0
1.0
1.0
1.0
1.0
1.0
1.0
1.0
1.0
1.0
1.0
1.0
1.0
1.0
1.0
1.0
1.0
1.0
1.0
1.0
1.0
1.0
1.0
1.0
1.0
1.0
1.0
1.0
1.0
1.0
1.0
1.0
1.0
1.0
1.0
1.0
1.0
1.0
1.0
1.0
1.0
1.0
1.0
1.0
1.0
1.0
1.0
1.0
1.0
1.0
1.0
1.0
1.0
1.0
1.0
1.0
1.0
1.0
1.0
1.0
1.0
1.0
1.0
1.0
1.0
1.0
1.0
1.0
1.0
1.0
1.0
1.0
1.0
1.0
1.0
1.0
1.0
1.0
1.0
1.0
1.0
1.0
1.0
1.0
1.0
1.0
1.0
1.0
1.0
1.0
1.0
1.0
1.0
1.0
1.0
1.0
1.0
1.0
1.0
1.0
1.0
1.0
1.0
1.0
1.0
1.0
1.0
1.0
1.0
1.0
1.0
1.0
1.0
1.0
1.0
1.0
1.0
1.0
1.0
1.0
1.0
1.0
1.0
1.0
1.0
1.0
1.0
1.0
1.0
1.0
1.0
1.0
1.0
1.0
1.0
1.0
1.0
1.0
1.0
1.0
1.0
1.0
1.0
1.0
1.0
1.0
1.0
1.0
1.0
1.0
1.0
1.0
1.0
1.0
1.0
1.0
1.0
1.0
1.0
1.0
1.0
1.0
1.0
1.0
1.0
1.0
1.0
1.0
1.0
1.0
1.0
1.0
1.0
1.0
1.0
1.0
1.0
1.0
1.0
1.0
1.0
1.0
1.0
1.0
1.0
1.0
1.0
1.0
1.0
1.0
1.0
1.0
1.0
1.0
1.0
1.0
1.0
1.0
1.0
1.0
1.0
1.0
1.0
1.0
1.0
1.0
1.0
1.0
1.0
1.0
1.0
1.0
1.0
1.0
1.0
1.0
1.0
1.0
1.0
1.0
1.0
1.0
1.0
1.0
1.0
1.0
1.0
1.0
1.0
1.0
1.0
1.0
1.0
1.0
1.0
1.0
1.0
1.0
1.0
1.0
1.0
1.0
1.0
1.0
1.0
1.0
1.0
1.0
1.0
1.0
1.0
1.0
1.0
1.0
1.0
1.0
1.0
1.0
1.0
1.0
1.0
1.0
1.0
1.0
1.0
1.0
1.0
1.0
1.0
1.0
1.0
1.0
1.0
1.0
1.0
1.0
1.0
1.0
1.0
1.0
1.0
1.0
1.0
1.0
1.0
1.0
1.0
1.0
1.0
1.0
1.0
1.0
1.0
1.0
1.0
1.0
1.0
1.0
1.0
1.0
1.0
1.0
1.0
1.0
1.0
1.0
1.0
1.0
1.0
1.0
1.0
1.0
1.0
1.0
1.0
1.0
1.0
1.0
1.0
1.0
1.0
1.0
1.0
1.0
1.0
1.0
1.0
1.0
1.0
1.0
1.0
1.0
1.0
1.0
1.0
1.0
1.0
1.0
1.0
1.0
1.0
1.0
1.0
1.0
1.0
1.0
1.0
1.0
1.0
1.0
1.0
1.0
1.0
1.0
1.0
1.0
1.0
1.0
1.0
1.0
1.0
1.0
1.0
1.0
1.0
1.0
1.0
1.0
1.0
1.0
1.0
1.0
1.0
1.0
1.0
1.0
1.0
1.0
1.0
1.0
1.0
1.0
1.0
1.0
1.0
1.0
1.0
1.0
1.0
1.0
1.0
1.0
1.0
1.0
1.0
1.0
1.0
1.0
1.0
1.0
1.0
1.0
1.0
1.0
1.0
1.0
1.0
1.0
1.0
1.0
1.0
1.0
1.0
1.0
1.0
1.0
1.0
1.0
1.0
1.0
1.0
1.0
1.0
1.0
1.0
1.0
1.0
1.0
1.0
1.0
1.0
1.0
1.0
1.0
1.0
1.0
1.0
1.0
1.0
1.0
1.0
1.0
1.0
1.0
1.0
1.0
1.0
1.0
1.0
1.0
1.0
1.0
1.0
1.0
1.0
1.0
1.0
1.0
1.0
1.0
1.0
1.0
1.0
1.0
1.0
1.0
1.0
1.0
1.0
1.0
1.0
1.0
1.0
1.0
1.0
1.0
1.0
1.0
1.0
1.0
1.0
1.0
1.0
1.0
1.0
1.0
1.0
1.0
1.0
1.0
1.0
1.0
1.0
1.0
1.0
1.0
1.0
1.0
1.0
1.0
1.0
1.0
1.0
1.0
1.0
1.0
1.0
1.0
1.0
1.0
1.0
1.0
1.0
1.0
1.0
1.0
1.0
1.0
1.0
1.0
1.0
1.0
1.0
1.0
1.0
1.0
1.0
1.0
1.0
1.0
1.0
1.0
1.0
1.0
1.0
1.0
1.0
1.0
1.0
1.0
1.0
1.0
1.0
1.0
1.0
1.0
1.0
1.0
1.0
1.0
1.0
1.0
1.0
1.0
1.0
1.0
1.0
1.0
1.0
1.0
1.0
1.0
1.0
1.0
1.0
1.0
1.0
1.0
1.0
1.0
1.0
1.0
1.0
1.0
1.0
1.0
1.0
1.0
1.0
1.0
1.0
1.0
1.0
1.0
1.0
1.0
1.0
1.0
1.0
1.0
1.0
1.0
1.0
1.0
1.0
1.0
1.0
1.0
1.0
1.0
1.0
1.0
1.0
1.0
1.0
1.0
1.0
1.0
1.0
1.0
1.0
1.0
1.0
1.0
1.0
1.0
1.0
1.0
1.0
1.0
1.0
1.0
1.0
1.0
1.0
1.0
1.0
1.0
1.0
1.0
1.0
1.0
1.0
1.0
1.0
1.0
1.0
1.0
1.0
1.0
1.0
1.0
1.0
1.0
1.0
1.0
1.0
1.0
1.0
1.0
1.0
1.0
1.0
1.0
1.0
1.0
1.0
1.0
1.0
1.0
1.0
1.0
1.0
1.0
1.0
1.0
1.0
1.0
1.0
1.0
1.0
1.0
1.0
1.0
1.0
1.0
1.0
1.0
1.0
1.0
1.0
1.0
1.0
1.0
1.0
1.0
1.0
1.0
1.0
1.0
1.0
1.0
1.0
1.0
1.0
1.0
1.0
1.0
1.0
1.0
1.0
1.0
1.0
1.0
1.0
1.0
1.0
1.0
1.0
1.0
1.0
1.0
1.0
1.0
1.0
1.0
1.0
1.0
1.0
1.0
1.0
1.0
1.0
1.0
1.0
1.0
1.0
1.0
1.0
1.0
1.0
1.0
1.0
1.0
1.0
1.0
1.0
1.0
1.0
1.0
1.0
1.0
1.0
1.0
1.0
1.0
1.0
1.0
1.0
1.0
1.0
1.0
1.0
1.0
1.0
1.0
1.0
1.0
1.0
1.0
1.0
1.0
1.0
1.0
1.0
1.0
1.0
1.0
1.0
1.0
1.0
1.0
1.0
1.0
1.0
1.0
1.0
1.0
1.0
1.0
1.0
1.0
1.0
1.0
1.0
1.0
1.0
1.0
1.0
1.0
1.0
1.0
1.0
1.0
1.0
1.0
1.0
1.0
1.0
1.0
1.0
1.0
1.0
1.0
1.0
1.0
1.0
1.0
1.0
1.0
1.0
1.0
1.0
1.0
1.0
1.0
1.0
1.0
1.0
1.0
1.0
1.0
1.0
1.0
1.0
1.0
1.0
1.0
1.0
1.0
1.0
1.0
1.0
1.0
1.0
1.0
1.0
1.0
1.0
1.0
1.0
1.0
1.0
1.0
1.0
1.0
1.0
1.0
1.0
1.0
1.0
1.0
1.0
1.0
1.0
1.0
1.0
1.0
1.0
1.0
1.0
1.0
1.0
1.0
1.0
1.0
1.0
1.0
1.0
1.0
1.0
1.0
1.0
1.0
1.0
1.0
1.0
1.0
1.0
1.0
1.0
1.0
1.0
1.0
1.0
1.0
1.0
1.0
1.0
1.0
1.0
1.0
1.0
1.0
1.0
1.0
1.0
1.0
1.0
1.0
1.0
1.0
1.0
1.0
1.0
1.0
1.0
1.0
1.0
1.0
1.0
1.0
1.0
1.0
1.0
1.0
1.0
1.0
1.0
1.0
1.0
1.0
1.0
1.0
1.0
1.0
1.0
1.0
1.0
1.0
1.0
1.0
1.0
1.0
1.0
1.0
1.0
1.0
1.0
1.0
1.0
1.0
1.0
1.0
1.0
1.0
1.0
1.0
1.0
1.0
1.0
1.0
1.0
1.0
1.0
1.0
1.0
1.0
1.0
1.0
1.0
1.0
1.0
1.0
1.0
1.0
1.0
1.0
1.0
1.0
1.0
1.0
1.0
1.0
1.0
1.0
1.0
1.0
1.0
1.0
1.0
1.0
1.0
1.0
1.0
1.0
1.0
1.0
1.0
1.0
1.0
1.0
1.0
1.0
1.0
1.0
1.0
1.0
1.0
1.0
1.0
1.0
1.0
1.0
1.0
1.0
1.0
1.0
1.0
1.0
1.0
1.0
1.0
1.0
1.0
1.0
1.0
1.0
1.0
1.0
1.0
1.0
1.0
1.0
1.0
1.0
1.0
1.0
1.0
1.0
1.0
1.0
1.0
1.0
1.0
1.0
1.0
1.0
1.0
1.0
1.0
1.0
1.0
1.0
1.0
1.0
1.0
1.0
1.0
1.0
1.0
1.0
1.0
1.0
1.0
1.0
1.0
1.0
1.0
1.0
1.0
1.0
1.0
1.0
1.0
1.0
1.0
1.0
1.0
1.0
1.0
1.0
1.0
1.0
1.0
1.0
1.0
1.0
1.0
1.0
1.0
1.0
1.0
1.0
1.0
1.0
1.0
1.0
1.0
1.0
1.0
1.0
1.0
1.0
1.0
1.0
1.0
1.0
1.0
1.0
1.0
1.0
1.0
1.0
1.0
1.0
1.0
1.0
1.0
1.0
1.0
1.0
1.0
1.0
1.0
1.0
1.0
1.0
1.0
1.0
1.0
1.0
1.0
1.0
1.0
1.0
1.0
1.0
1.0
1.0
1.0
1.0
1.0
1.0
1.0
1.0
1.0
1.0
1.0
1.0
1.0
1.0
1.0
1.0
1.0
1.0
1.0
1.0
1.0
1.0
1.0
1.0
1.0
1.0
1.0
1.0
1.0
1.0
1.0
1.0
1.0
1.0
1.0
1.0
1.0
1.0
1.0
1.0
1.0
1.0
1.0
1.0
1.0
1.0
1.0
1.0
1.0
1.0
1.0
1.0
1.0
1.0
1.0
1.0
1.0
1.0
1.0
1.0
1.0
1.0
1.0
1.0
1.0
1.0
1.0
1.0
1.0
1.0
1.0
1.0
1.0
1.0
1.0
1.0
1.0
1.0
1.0
1.0
1.0
1.0
1.0
1.0
1.0
1.0
1.0
1.0
1.0
1.0
1.0
1.0
1.0
1.0
1.0
1.0
1.0
1.0
1.0
1.0
1.0
1.0
1.0
1.0
1.0
1.0
1.0
1.0
1.0
1.0
1.0
1.0
1.0
1.0
1.0
1.0
1.0
1.0
1.0
1.0
1.0
1.0
1.0
1.0
1.0
1.0
1.0
1.0
1.0
1.0
1.0
1.0
1.0
1.0
1.0
1.0
1.0
1.0
1.0
1.0
1.0
1.0
1.0
1.0
1.0
1.0
1.0
1.0
1.0
1.0
1.0
1.0
1.0
1.0
1.0
1.0
1.0
1.0
1.0
1.0
1.0
1.0
1.0
1.0
1.0
1.0
1.0
1.0
1.0
1.0
1.0
1.0
1.0
1.0
1.0
1.0
1.0
1.0
1.0
1.0
1.0
1.0
1.0
1.0
1.0
1.0
1.0
1.0
1.0
1.0
1.0
1.0
1.0
1.0
1.0
1.0
1.0
1.0
1.0
1.0
1.0
1.0
1.0
1.0
1.0
1.0
1.0
1.0
1.0
1.0
1.0
1.0
1.0
1.0
1.0
1.0
1.0
1.0
1.0
1.0
1.0
1.0
1.0
1.0
1.0
1.0
1.0
1.0
1.0
1.0
1.0
1.0
1.0
1.0
1.0
1.0
1.0
1.0
1.0
1.0
1.0
1.0
1.0
1.0
1.0
1.0
1.0
1.0
1.0
1.0
1.0
1.0
1.0
1.0
1.0
1.0
1.0
1.0
1.0
1.0
1.0
1.0
1.0
1.0
1.0
1.0
1.0
1.0
1.0
1.0
1.0
1.0
1.0
1.0
1.0
1.0
1.0
1.0
1.0
1.0
1.0
1.0
1.0
1.0
1.0
1.0
1.0
1.0
1.0
1.0
1.0
1.0
1.0
1.0
1.0
1.0
1.0
1.0
1.0
1.0
1.0
1.0
1.0
1.0
1.0
1.0
1.0
1.0
1.0
1.0
1.0
1.0
1.0
1.0
1.0
1.0
1.0
1.0
1.0
1.0
1.0
1.0
1.0
1.0
1.0
1.0
1.0
1.0
1.0
1.0
1.0
1.0
1.0
1.0
1.0
1.0
1.0
1.0
1.0
1.0
1.0
1.0
1.0
1.0
1.0
1.0
1.0
1.0
1.0
1.0
1.0
1.0
1.0
1.0
1.0
1.0
1.0
1.0
1.0
1.0
1.0
1.0
1.0
1.0
1.0
1.0
1.0
1.0
1.0
1.0
1.0
1.0
1.0
1.0
1.0
1.0
1.0
1.0
1.0
1.0
1.0
1.0
1.0
1.0
1.0
1.0
1.0
1.0
1.0
1.0
1.0
1.0
1.0
1.0
1.0
1.0
1.0
1.0
1.0
1.0
1.0
1.0
1.0
1.0
1.0
1.0
1.0
1.0
1.0
1.0
1.0
1.0
1.0
1.0
1.0
1.0
1.0
1.0
1.0
1.0
1.0
1.0
1.0
1.0
1.0
1.0
1.0
1.0
1.0
1.0
1.0
1.0
1.0
1.0
1.0
1.0
1.0
1.0
1.0
1.0
1.0
1.0
1.0
1.0
1.0
1.0
1.0
1.0
1.0
1.0
1.0
1.0
1.0
1.0
1.0
1.0
1.0
1.0
1.0
1.0
1.0
1.0
1.0
1.0
1.0
1.0
1.0
1.0
1.0
1.0
1.0
1.0
1.0
1.0
1.0
1.0
1.0
1.0
1.0
1.0
1.0
1.0
1.0
1.0
1.0
1.0
1.0
1.0
1.0
1.0
1.0
1.0
1.0
1.0
1.0
1.0
1.0
1.0
1.0
1.0
1.0
1.0
1.0
1.0
1.0
1.0
1.0
1.0
1.0
1.0
1.0
1.0
1.0
1.0
1.0
1.0
1.0
1.0
1.0
1.0
1.0
1.0
1.0
1.0
1.0
1.0
1.0
1.0
1.0
1.0
1.0
1.0
1.0
1.0
1.0
1.0
1.0
1.0
1.0
1.0
1.0
1.0
1.0
1.0
1.0
1.0
1.0
1.0
1.0
1.0
1.0
1.0
1.0
1.0
1.0
1.0
1.0
1.0
1.0
1.0
1.0
1.0
1.0
1.0
1.0
1.0
1.0
1.0
1.0
1.0
1.0
1.0
1.0
1.0
1.0
1.0
1.0
1.0
1.0
1.0
1.0
1.0
1.0
1.0
1.0
1.0
1.0
1.0
1.0
1.0
1.0
1.0
1.0
1.0
1.0
1.0
1.0
1.0
1.0
1.0
1.0
1.0
1.0
1.0
1.0
1.0
1.0
1.0
1.0
1.0
1.0
1.0
1.0
1.0
1.0
1.0
1.0
1.0
1.0
1.0
1.0
1.0
1.0
1.0
1.0
1.0
1.0
1.0
1.0
1.0
1.0
1.0
1.0
1.0
1.0
1.0
1.0
1.0
1.0
1.0
1.0
1.0
1.0
1.0
1.0
1.0
1.0
1.0
1.0
1.0
1.0
1.0
1.0
1.0
1.0
1.0
1.0
1.0
1.0
1.0
1.0
1.0
1.0
1.0
1.0
1.0
1.0
1.0
1.0
1.0
1.0
1.0
1.0
1.0
1.0
1.0
1.0
1.0
1.0
1.0
1.0
1.0
1.0
1.0
1.0
1.0
1.0
1.0
1.0
1.0
1.0
1.0
1.0
1.0
1.0
1.0
1.0
1.0
1.0
1.0
1.0
1.0
1.0
1.0
1.0
1.0
1.0
1.0
1.0
1.0
1.0
1.0
1.0
1.0
1.0
1.0
1.0
1.0
1.0
1.0
1.0
1.0
1.0
1.0
1.0
1.0
1.0
1.0
1.0
1.0
1.0
1.0
1.0
1.0
1.0
1.0
1.0
1.0
1.0
1.0
1.0
1.0
1.0
1.0
1.0
1.0
1.0
1.0
1.0
1.0
1.0
1.0
1.0
1.0
1.0
1.0
1.0
1.0
1.0
1.0
1.0
1.0
1.0
1.0
1.0
1.0
1.0
1.0
1.0
1.0
1.0
1.0
1.0
1.0
1.0
1.0
1.0
1.0
1.0
1.0
1.0
1.0
1.0
1.0
1.0
1.0
1.0
1.0
1.0
1.0
1.0
1.0
1.0
1.0
1.0
1.0
1.0
1.0
1.0
1.0
1.0
1.0
1.0
1.0
1.0
1.0
1.0
1.0
1.0
1.0
1.0
1.0
1.0
1.0
1.0
1.0
1.0
1.0
1.0
1.0
1.0
1.0
1.0
1.0
1.0
1.0
1.0
1.0
1.0
1.0
1.0
1.0
1.0
1.0
1.0
1.0
1.0
1.0
1.0
1.0
1.0
1.0
1.0
1.0
1.0
1.0
1.0
1.0
1.0
1.0
1.0
1.0
1.0
1.0
1.0
1.0
1.0
1.0
1.0
1.0
1.0
1.0
1.0
1.0
1.0
1.0
1.0
1.0
1.0
1.0
1.0
1.0
1.0
1.0
1.0
1.0
1.0
1.0
1.0
1.0
1.0
1.0
1.0
1.0
1.0
1.0
1.0
1.0
1.0
1.0
1.0
1.0
1.0
1.0
1.0
1.0
1.0
1.0
1.0
1.0
1.0
1.0
1.0
1.0
1.0
1.0
1.0
1.0
1.0
1.0
1.0
1.0
1.0
1.0
1.0
1.0
1.0
1.0
1.0
1.0
1.0
1.0
1.0
1.0
1.0
1.0
1.0
1.0
1.0
1.0
1.0
1.0
1.0
1.0
1.0
1.0
1.0
1.0
1.0
1.0
1.0
1.0
1.0
1.0
1.0
1.0
1.0
1.0
1.0
1.0
1.0
1.0
1.0
1.0
1.0
1.0
1.0
1.0
1.0
1.0
1.0
1.0
1.0
1.0
1.0
1.0
1.0
1.0
1.0
1.0
1.0
1.0
1.0
1.0
1.0
1.0
1.0
1.0
1.0
1.0
1.0
1.0
1.0
1.0
1.0
1.0
1.0
1.0
1.0
1.0
1.0
1.0
1.0
1.0
1.0
1.0
1.0
1.0
1.0
1.0
1.0
1.0
1.0
1.0
1.0
1.0
1.0
1.0
1.0
1.0
1.0
1.0
1.0
1.0
1.0
1.0
1.0
1.0
1.0
1.0
1.0
1.0
1.0
1.0
1.0
1.0
1.0
1.0
1.0
1.0
1.0
1.0
1.0
1.0
1.0
1.0
1.0
1.0
1.0
1.0
1.0
1.0
1.0
1.0
1.0
1.0
1.0
1.0
1.0
1.0
1.0
1.0
1.0
1.0
1.0
1.0
1.0
1.0
1.0
1.0
1.0
1.0
1.0
1.0
1.0
1.0
1.0
1.0
1.0
1.0
1.0
1.0
1.0
1.0
1.0
1.0
1.0
1.0
1.0
1.0
1.0
1.0
1.0
1.0
1.0
1.0
1.0
1.0
1.0
1.0
1.0
1.0
1.0
1.0
1.0
1.0
1.0
1.0
1.0
1.0
1.0
1.0
1.0
1.0
1.0
1.0
1.0
1.0
1.0
1.0
1.0
1.0
1.0
1.0
1.0
1.0
1.0
1.0
1.0
1.0
1.0
1.0
1.0
1.0
1.0
1.0
1.0
1.0
1.0
1.0
1.0
1.0
1.0
1.0
1.0
1.0
1.0
1.0
1.0
1.0
1.0
1.0
1.0
1.0
1.0
1.0
1.0
1.0
1.0
1.0
1.0
1.0
1.0
1.0
1.0
1.0
1.0
1.0
1.0
1.0
1.0
1.0
1.0
1.0
1.0
1.0
1.0
1.0
1.0
1.0
1.0
1.0
1.0
1.0
1.0
1.0
1.0
1.0
1.0
1.0
1.0
1.0
1.0
1.0
1.0
1.0
1.0
1.0
1.0
1.0
1.0
1.0
1.0
1.0
1.0
1.0
1.0
1.0
1.0
1.0
1.0
1.0
1.0
1.0
1.0
1.0
1.0
1.0
1.0
1.0
1.0
1.0
1.0
1.0
1.0
1.0
1.0
1.0
1.0
1.0
1.0
1.0
1.0
1.0
1.0
1.0
1.0
1.0
1.0
1.0
1.0
1.0
1.0
1.0
1.0
1.0
1.0
1.0
1.0
1.0
1.0
1.0
1.0
1.0
1.0
1.0
1.0
1.0
1.0
1.0
1.0
1.0
1.0
1.0
1.0
1.0
1.0
1.0
1.0
1.0
1.0
1.0
1.0
1.0
1.0
1.0
1.0
1.0
1.0
1.0
1.0
1.0
1.0
1.0
1.0
1.0
1.0
1.0
1.0
1.0
1.0
1.0
1.0
1.0
1.0
1.0
1.0
1.0
1.0
1.0
1.0
1.0
1.0
1.0
1.0
1.0
1.0
1.0
1.0
1.0
1.0
1.0
1.0
1.0
1.0
1.0
1.0
1.0
1.0
1.0
1.0
1.0
1.0
1.0
1.0
1.0
1.0
1.0
1.0
1.0
1.0
1.0
1.0
1.0
1.0
1.0
1.0
1.0
1.0
1.0
1.0
1.0
1.0
1.0
1.0
1.0
1.0
1.0
1.0
1.0
1.0
1.0
1.0
1.0
1.0
1.0
1.0
1.0
1.0
1.0
1.0
1.0
1.0
1.0
1.0
1.0
1.0
1.0
1.0
1.0
1.0
1.0
1.0
1.0
1.0
1.0
1.0
1.0
1.0
1.0
1.0
1.0
1.0
1.0
1.0
1.0
1.0
1.0
1.0
1.0
1.0
1.0
1.0
1.0
1.0
1.0
1.0
1.0
1.0
1.0
1.0
1.0
        </DataArray>
      </PointData>
    </Piece>
  </PolyData>
</VTKFile>